build,layer,tam_mean,tam_max,tam_p90,tam_frac_above_global_threshold,scr_mean,scr_std,scr_min,scr_max,laser_power,scan_speed,hatch_spacing,commanded_power_mean,commanded_power_max,n_scan_points,est_layer_duration_s,est_time,thermocouple_P2,thermocouple_P3,thermocouple_Chamber,power_deviation,risk_score,severity,predicted_severity,is_confident,confidence_set_size,true_in_set,ved,ved_admissible,scr_predicted,scr_residual,tam_scr_admissible,physics_admissible,action,action_tier,MIRI
B6,1,0.0009956156136468,0.0033394517377018,0.0018554925918579,0.1474165128487085,1794963.5,3286493.25,41251.14453125,12815929.0,285.0,960.0,110.0,126.55828857421876,285.0,3809918.0,38.09918,2022-07-06 21:47:42.000000,71.92171,72.03897,31.19731,158.44171142578125,0.8878208191808122,4,4,False,2,True,29.96171604503285,True,207378.366577283,1587585.133422717,False,False,Pause_Build,5,4.8546188577419835
B6,2,0.0012751338072121,0.0035229325294494,0.0020807385444641,0.272267040164005,1179517.875,2724605.25,40313.98828125,12815929.0,285.0,960.0,110.0,119.7758331298828,285.0,4057264.0,40.57264,2022-07-06 21:48:20.099180,71.92171,72.03897,31.19731,165.2241668701172,1.4274145867171184,4,4,True,1,True,28.356021100824524,True,32580.718175412854,1146937.1568245871,False,False,Pause_Build,5,5.056429988891777
B6,3,0.000992743531242,0.0039210319519042,0.0017678975127637,0.1057544856438197,1866164.5,3544925.25,35654.82421875,12815929.0,285.0,960.0,110.0,143.9500274658203,285.0,3364081.0,33.64081,2022-07-06 21:49:00.671820,71.92171,72.03897,31.19731,141.0499725341797,0.5513011692704549,3,3,False,2,True,34.079078472021855,True,275354.7881736839,1590809.711826316,False,False,Escalate_Human,4,5.330041956518613
B6,4,0.0012559304013848,0.0047621428966522,0.0019915280863642,0.2279848378857635,1107541.875,2722799.25,25547.939453125,12815929.0,285.0,960.0,110.0,110.01229095458984,285.0,4423949.0,44.23949,2022-07-06 21:49:34.312630,71.92171,72.03897,31.19731,174.98770904541016,1.2889016210852704,4,4,True,1,True,26.044576457052518,True,101810.72256967123,1005731.1524303288,False,False,Pause_Build,5,5.15453129466283
B6,5,0.0009899503784254,0.003859244287014,0.0015890090726315,0.0351439452114905,1380343.0,3092428.75,36803.14453125,12815929.0,285.0,960.0,110.0,138.6705322265625,285.0,3475388.0,34.75388,2022-07-06 21:50:18.552120,71.92171,72.03897,31.19731,146.3294677734375,0.012984470421030694,2,2,False,2,True,32.82919797030362,True,414177.60962546687,966165.3903745331,False,False,Pause_Build,5,5.205831570753967
B6,6,0.0011755522573366,0.0034869164228439,0.0017840056680142,0.1147400976758455,955834.3125,2525463.75,26194.958984375,12815929.0,285.0,960.0,110.0,118.9525375366211,285.0,4085127.0,40.85127,2022-07-06 21:50:53.306000,71.92171,72.03897,31.19731,166.0474624633789,0.5079457900434788,3,3,False,3,True,28.161112106207643,True,262854.37418044196,692979.938319558,True,True,Reduce_Scan_Speed,3,5.497215942665082
B6,7,0.0010153118055313,0.0036156177520751,0.0016200542449951,0.0478695754902732,1273174.25,2909734.75,28587.70703125,12815929.0,285.0,960.0,110.0,124.4859390258789,285.0,3892418.0,38.92418,2022-07-06 21:51:34.157270,71.92171,72.03897,31.19731,160.5140609741211,0.18173658877614665,2,2,False,2,True,29.471102989081178,True,390085.62013309426,883088.6298669057,False,False,Pause_Build,5,5.015665037254708
B6,8,0.001264241640456,0.0046384334564208,0.0019196686334908,0.1879050045309214,871163.5625,2384304.75,17115.00390625,12815929.0,285.0,960.0,110.0,131.36087036132812,285.0,3700619.0,37.00619,2022-07-06 21:52:13.081450,71.92171,72.03897,31.19731,153.63912963867188,0.7134681203221909,4,4,False,2,True,31.098690899935633,True,157575.8239283429,713587.7385716571,False,False,Pause_Build,5,5.130286488462959
B6,9,0.0010092776501551,0.0032683201134204,0.0015662908554077,0.0292144682751718,1117386.75,2747366.25,32827.453125,12815929.0,285.0,960.0,110.0,126.56250762939452,285.0,3809677.0,38.09677,2022-07-06 21:52:50.087640,71.92171,72.03897,31.19731,158.43749237060547,-0.02176169306879666,2,2,False,3,True,29.96271487438317,True,431807.63094507647,685579.1190549235,True,True,Escalate_Human,4,5.33030966104785
B6,10,0.0011771295685321,0.0037014484405517,0.001780551392585,0.1123628791982665,918250.0,2513190.25,20019.078125,12815929.0,285.0,960.0,110.0,117.0952606201172,285.0,4150351.0,41.50351,2022-07-06 21:53:28.184410,71.92171,72.03897,31.19731,167.9047393798828,0.5123993054868443,3,3,False,2,True,27.72141586650502,True,265534.9960294487,652715.0039705513,True,True,Reduce_Scan_Speed,3,5.173872176977592
B6,11,0.0010413795243948,0.0036379098892211,0.0016230344772338,0.0465454724846451,1097685.125,2690483.75,27302.626953125,12815929.0,285.0,960.0,110.0,142.92340087890625,285.0,3387929.0,33.87929,2022-07-06 21:54:09.687920,71.92171,72.03897,31.19731,142.07659912109375,-0.1052168289163313,2,2,False,3,True,33.836032405044094,True,387772.87008813815,709912.2549118618,False,False,Pause_Build,5,5.299862358607976
B6,12,0.0012767707230523,0.004124104976654,0.0019049048423767,0.1865518870400503,772135.5625,2248598.75,14871.5009765625,12815929.0,285.0,960.0,110.0,111.12809753417967,285.0,4379561.0,43.79561,2022-07-06 21:54:43.567210,71.92171,72.03897,31.19731,173.8719024658203,0.86971601669112,4,3,False,2,True,26.308735211690262,True,169032.97083101282,603102.5916689872,True,True,Pause_Build,5,4.994984773116283
B6,13,0.0010145824635401,0.0029752254486083,0.0015445947647094,0.0239764476934208,905828.0,2372665.0,22557.6015625,12815929.0,285.0,960.0,110.0,138.8363494873047,285.0,3471464.0,34.71464,2022-07-06 21:55:27.362820,71.92171,72.03897,31.19731,146.1636505126953,-0.3361292010666045,1,1,False,2,True,32.868453950592965,True,448644.4512727957,457183.5487272043,True,True,Escalate_Human,4,4.368204409733075
B6,14,0.0011816578917205,0.0041890889406204,0.0017962455749511,0.1208953325702658,857217.5,2353932.0,16587.73828125,12815929.0,285.0,960.0,110.0,120.70040130615234,285.0,4044983.0,40.44983,2022-07-06 21:56:02.077460,71.92171,72.03897,31.19731,164.29959869384766,0.46023173610447576,3,3,False,3,True,28.574905612251975,True,253355.83747213357,603861.6625278664,True,True,Reduce_Scan_Speed,3,5.2845429873334275
B6,15,0.0010278441477566,0.0041659176349639,0.0015648305416107,0.0363606313527807,1014602.5,2577891.0,24934.38671875,12815929.0,285.0,960.0,110.0,125.2935028076172,285.0,3867471.0,38.67471,2022-07-06 21:56:42.527290,71.92171,72.03897,31.19731,159.7064971923828,-0.04627362940328324,2,2,False,3,True,29.662287596500285,True,432940.87846713373,581661.6215328663,True,True,Escalate_Human,4,5.116778474052679
B6,16,0.001294084242545,0.0047492980957031,0.0019491567509248,0.216703141424411,857573.8125,2370699.75,18244.171875,12815929.0,285.0,960.0,110.0,130.93373107910156,285.0,3727086.0,37.27086,2022-07-06 21:57:21.202000,71.92171,72.03897,31.19731,154.06626892089844,0.8433926890889503,4,4,False,2,True,30.99756891077215,True,134692.15599281737,722881.6565071826,False,False,Pause_Build,5,5.1791929634135165
B6,17,0.0009925777558237,0.003786907531321,0.0015020370483398,0.0199930942134561,912846.8125,2415767.0,25892.9453125,12815929.0,285.0,960.0,110.0,129.3593292236328,285.0,3727175.0,37.27175,2022-07-06 21:57:58.472860,71.92171,72.03897,31.19731,155.6406707763672,-0.2737117572301294,1,1,False,2,True,30.624841198776707,True,481670.5219155189,431176.2905844811,True,True,Escalate_Human,4,4.419211262180236
B6,18,0.0011727249948307,0.0044110864400863,0.0018003075383603,0.1206217162872154,910328.5625,2464321.25,15135.3720703125,12815929.0,285.0,960.0,110.0,116.99629974365234,285.0,4173928.0,41.73928,2022-07-06 21:58:35.744610,71.92171,72.03897,31.19731,168.00370025634766,0.5451219235209962,3,3,False,2,True,27.697987628705572,True,250203.63143421244,660124.9310657876,True,True,Reduce_Scan_Speed,3,5.070030893665315
B6,19,0.0010021049529314,0.0033187866210937,0.0015449523925781,0.0326752559643364,1051420.5,2628295.75,20704.130859375,12815929.0,285.0,960.0,110.0,147.57049560546875,285.0,3291416.0,32.91416,2022-07-06 21:59:17.483890,71.92171,72.03897,31.19731,137.42950439453125,-0.31060408486970253,1,2,False,3,True,34.93619687629468,True,448366.9212673574,603053.5787326426,True,True,Escalate_Human,4,5.126069831361962
B6,20,0.0012947006616741,0.0042415857315063,0.0019363760948181,0.2091183087092095,807414.75,2313964.75,17680.021484375,12815929.0,285.0,960.0,110.0,109.92550659179688,285.0,4443135.0,44.43135,2022-07-06 21:59:50.398050,71.92171,72.03897,31.19731,175.07449340820312,1.0177828610162944,4,4,False,2,True,26.024030916618578,True,144610.33035571012,662804.4196442899,True,True,Pause_Build,5,5.142135189382646
B6,21,0.0009797252714633,0.0036708116531372,0.0014905929565429,0.0186420705499368,887911.75,2369492.5,22408.599609375,12815929.0,285.0,960.0,110.0,136.06930541992188,285.0,3542295.0,35.42295,2022-07-06 22:00:34.829400,71.92171,72.03897,31.19731,148.93069458007812,-0.38231837183265366,1,1,False,2,True,32.21337723009514,True,490551.48208837747,397360.26791162253,True,True,Escalate_Human,4,4.332348297750132
B6,22,0.0011830541770905,0.0041399151086807,0.0018329918384552,0.1346229436903597,1024415.0,2670444.25,16699.3359375,12815929.0,285.0,960.0,110.0,119.65296173095705,285.0,4080172.0,40.80172,2022-07-06 22:01:10.252350,71.92171,72.03897,31.19731,165.34703826904297,0.673211411066631,4,4,False,2,True,28.326932227972783,True,224839.62941710232,799575.3705828977,False,False,Pause_Build,5,5.417110543379719
B6,23,0.0010168572189286,0.0038203299045562,0.0015578030142933,0.0345617014991507,1035828.3125,2591827.0,23776.7734375,12815929.0,285.0,960.0,110.0,122.14159393310548,285.0,3967288.0,39.67288,2022-07-06 22:01:51.054070,71.92171,72.03897,31.19731,162.85840606689453,-0.019671762639020846,2,2,False,2,True,28.91609704855717,True,438394.4514834224,597433.8610165776,True,True,Escalate_Human,4,4.672611614395204
B6,24,0.0012962161563336,0.0037773847579956,0.0019404292106628,0.2117520196881549,839348.375,2339200.0,15252.4560546875,12815929.0,285.0,960.0,110.0,126.53963470458984,285.0,3856604.0,38.56604,2022-07-06 22:02:30.726950,71.92171,72.03897,31.19731,158.46036529541016,0.8547461341152783,4,4,False,2,True,29.957299882715397,True,141464.99029451702,697883.384705483,True,True,Pause_Build,5,5.122863732006898
B6,25,0.0007206433801911,0.0026561021804809,0.0013570636510849,0.0073957483928469,1942451.0,3664516.5,22108.208984375,12815929.0,285.0,960.0,110.0,129.68992614746094,285.0,3717533.0,37.17533,2022-07-06 22:03:09.292990,71.92171,72.03897,31.19731,155.31007385253906,-0.02152972356739114,2,1,False,2,True,30.703107515970864,True,594174.2478550063,1348276.7521449937,False,False,Pause_Build,5,4.804602665458711
B6,26,0.0008720429614186,0.0041635185480117,0.0016520351637154,0.0660801826606675,1549221.625,3234140.5,16432.140625,12815929.0,285.0,960.0,110.0,109.0281982421875,285.0,4344431.0,43.44431,2022-07-06 22:03:46.468320,71.92171,72.03897,31.19731,175.9718017578125,0.5687866952528842,3,4,False,2,True,25.811599962639086,True,365267.4632634206,1183954.1617365794,False,False,Escalate_Human,4,5.198414478477082
B6,27,0.0007817795267328,0.0046026706695556,0.0014640716835856,0.0204205918736321,1835151.75,3569228.25,23505.880859375,12815929.0,285.0,960.0,110.0,138.6156005859375,285.0,3386793.0,33.86793,2022-07-06 22:04:29.912630,71.92171,72.03897,31.19731,146.3843994140625,0.003036346173379202,2,2,False,3,True,32.816193320534445,True,511132.7892857818,1324018.9607142182,False,False,Pause_Build,5,5.4348425304546835
B6,28,0.0009315478964708,0.0047752559185028,0.0017077624797821,0.0828982440027552,1282527.375,2891381.25,15356.4638671875,12815929.0,285.0,960.0,110.0,106.13782501220705,285.0,4463234.0,44.63234,2022-07-06 22:05:03.780560,71.92171,72.03897,31.19731,178.86217498779297,0.5935992125428385,3,4,False,2,True,25.127325997208107,True,322021.3863084344,960505.9886915656,False,False,Escalate_Human,4,5.0635089857205955
B6,29,0.0007594969938509,0.0032860767096281,0.0013808012008666,0.0129603565564156,1577256.625,3264010.75,22076.33984375,12815929.0,285.0,960.0,110.0,129.6367645263672,285.0,3604913.0,36.04913,2022-07-06 22:05:48.412900,71.92171,72.03897,31.19731,155.3632354736328,-0.12208930037266685,2,2,False,2,True,30.690521904916473,True,575753.193746577,1001503.431253423,False,False,Pause_Build,5,4.764745589801871
B6,30,0.0009174282895401,0.0041267275810241,0.0016815541312098,0.076990498197247,1287092.25,2902303.0,16128.2724609375,12815929.0,285.0,960.0,110.0,116.14643096923828,285.0,4076658.0,40.76658,2022-07-06 22:06:24.462030,71.92171,72.03897,31.19731,168.85356903076172,0.4375683978455758,3,4,False,2,True,27.49678763476285,True,342359.85475116735,944732.3952488326,False,False,Escalate_Human,4,5.042005295178117
B6,31,0.0008060071850195,0.0055200159549713,0.0014821467921137,0.0252948197660539,1740036.125,3491246.5,18048.837890625,12815929.0,285.0,960.0,110.0,117.7419891357422,285.0,3990775.0,39.90775,2022-07-06 22:07:05.228610,71.92171,72.03897,31.19731,167.2580108642578,0.24381558421592472,3,3,False,2,True,27.874523943120785,True,497105.9602628236,1242930.1647371764,False,False,Escalate_Human,4,5.125150209008882
B6,32,0.0009263842948712,0.0035065114498138,0.0017034264747053,0.0805985037406483,1483119.125,3195619.75,18217.5625,12815929.0,285.0,960.0,110.0,120.85233306884766,285.0,3917030.0,39.1703,2022-07-06 22:07:45.136360,71.92171,72.03897,31.19731,164.14766693115234,0.5273266668964595,3,4,False,2,True,28.61087430607189,True,325386.2569403532,1157732.8680596468,False,False,Escalate_Human,4,5.380294227642926
B6,33,0.0007967666024342,0.0030980110168457,0.0014421343803405,0.0222572442398986,1474603.625,3161626.0,21113.798828125,12815929.0,285.0,960.0,110.0,126.0350570678711,285.0,3708659.0,37.08659,2022-07-06 22:08:24.306660,71.92171,72.03897,31.19731,158.9649429321289,-0.021736526279365995,2,2,False,3,True,29.837844949780088,True,528156.7978202491,946446.8271797509,False,False,Pause_Build,5,5.28178643029467
B6,34,0.0008849328150972,0.0040456354618072,0.0016783475875854,0.0763208833541521,1586451.0,3295615.25,17753.7109375,12815929.0,285.0,960.0,110.0,108.91907501220705,285.0,4348928.0,43.48928,2022-07-06 22:09:01.393250,71.92171,72.03897,31.19731,176.08092498779297,0.6555139622895412,4,4,False,2,True,25.78576586463235,True,344848.2292527198,1241602.7707472802,False,False,Pause_Build,5,5.317571953916598
B6,35,0.0008009030716493,0.0049987733364105,0.0015010207425802,0.0333084504247418,1783677.125,3523604.75,18199.23828125,12815929.0,285.0,960.0,110.0,144.28688049316406,285.0,3263694.0,32.63694,2022-07-06 22:09:44.882530,71.92171,72.03897,31.19731,140.71311950683594,0.006705727562792516,2,3,False,2,True,34.15882587432861,True,482459.2058176263,1301217.9191823737,False,False,Pause_Build,5,5.1131889681805225
B6,36,0.0009533459087833,0.004192978143692,0.0017521828413009,0.0995440345360981,1339103.125,3027057.0,18635.5625,12815929.0,285.0,960.0,110.0,105.80260467529295,285.0,4477357.0,44.77357,2022-07-06 22:10:17.519470,71.92171,72.03897,31.19731,179.19739532470703,0.7510896881254602,4,4,False,2,True,25.0479651219917,True,287549.84688760363,1051553.2781123964,False,False,Pause_Build,5,5.39260067713368
B6,37,0.0007764336769469,0.0033934712409973,0.0013760118745267,0.0148348010993199,1365703.75,3025169.25,20142.474609375,12815929.0,285.0,960.0,110.0,127.64132690429688,285.0,3661459.0,36.61459,2022-07-06 22:11:02.293040,71.92171,72.03897,31.19731,157.35867309570312,-0.18530415200911238,2,2,False,2,True,30.218117164843008,True,579469.8553423004,786233.8946576996,False,False,Pause_Build,5,4.6890225173348785
B6,38,0.0009146411321125,0.00416761636734,0.0017290784744545,0.091799709724238,1437288.0,3118455.5,16574.14453125,12815929.0,285.0,960.0,110.0,115.39197540283205,285.0,4103083.0,41.03083,2022-07-06 22:11:38.907630,71.92171,72.03897,31.19731,169.60802459716797,0.6260160144756751,4,4,False,2,True,27.318175994988646,True,305479.5319533574,1131808.4680466426,False,False,Pause_Build,5,5.322114763079724
B6,39,0.0008171781664714,0.0051675736904144,0.001488983631134,0.0286744937235256,1561779.375,3253754.75,19430.544921875,12815929.0,285.0,960.0,110.0,115.31570434570312,285.0,4074814.0,40.74814,2022-07-06 22:12:19.938460,71.92171,72.03897,31.19731,169.68429565429688,0.20347406908396667,2,2,False,2,True,27.300119400024414,True,491800.3671126554,1069979.0078873446,False,False,Pause_Build,5,4.958029112975186
B6,40,0.0009635814349167,0.0044948607683181,0.0017672413960099,0.1052647595861229,1328552.625,2991339.5,16670.375,12815929.0,285.0,960.0,110.0,117.23793029785156,285.0,4037969.0,40.37969,2022-07-06 22:13:00.686600,71.92171,72.03897,31.19731,167.76206970214844,0.6460638388857002,4,4,True,1,True,27.755191831877735,True,275863.9545507678,1052688.6704492322,False,False,Pause_Build,5,4.9278467616389525
B6,41,0.0007610443863086,0.0039304187521338,0.001364380121231,0.0153379102345331,1473710.125,3154165.0,18249.087890625,12815929.0,285.0,960.0,110.0,126.465576171875,285.0,3695839.0,36.95839,2022-07-06 22:13:41.066290,71.92171,72.03897,31.19731,158.534423828125,-0.1359912308552001,2,2,False,2,True,29.93976708614465,True,588496.4464945674,885213.6785054326,False,False,Pause_Build,5,4.7285437769019
B6,42,0.0009242402156814,0.0043341368436813,0.0017085671424865,0.0854013434591082,1345985.5,3005535.5,15779.890625,12815929.0,285.0,960.0,110.0,106.93289184570312,285.0,4429849.0,44.29849,2022-07-06 22:14:18.024680,71.92171,72.03897,31.19731,178.06710815429688,0.6356374144954896,4,4,False,2,True,25.315552046804715,True,321396.9437963341,1024588.5562036659,False,False,Pause_Build,5,5.226929009170888
B6,43,0.0008043987327255,0.0036848783493041,0.0014882963150739,0.0307667153958605,1668156.375,3406106.25,21295.060546875,12815929.0,285.0,960.0,110.0,145.80104064941406,285.0,3217204.0,32.17204,2022-07-06 22:15:02.323170,71.92171,72.03897,31.19731,139.19895935058594,-0.07520131570897057,2,3,False,2,True,34.51729182041053,True,492333.745091812,1175822.629908188,False,False,Pause_Build,5,5.09864659413226
B6,44,0.0009510967647656,0.0042214393615722,0.0017477727960795,0.0980604964325193,1433727.875,3153120.25,15495.947265625,12815929.0,285.0,960.0,110.0,107.58728790283205,285.0,4402933.0,44.02933,2022-07-06 22:15:34.495210,71.92171,72.03897,31.19731,177.41271209716797,0.7671838929588688,4,4,True,1,True,25.4704753557841,True,290972.17490338976,1142755.7000966102,False,False,Pause_Build,5,5.073794945447149
B6,45,0.0007818335434421,0.0035206563770771,0.0014074437785893,0.0178538428369027,1388437.75,3008404.25,21107.037109375,12815929.0,285.0,960.0,110.0,128.78109741210938,285.0,3629305.0,36.29305,2022-07-06 22:16:18.524540,71.92171,72.03897,31.19731,156.21890258789062,-0.1602196170545654,2,2,False,2,True,30.48794919794256,True,555077.7503949532,833359.9996050468,False,False,Pause_Build,5,4.605483206534895
B6,46,0.0009257121710106,0.0057807266712188,0.0016918599139899,0.0825285426800287,1257262.125,2883838.75,14911.3935546875,12815929.0,285.0,960.0,110.0,118.1873550415039,285.0,3986115.0,39.86115,2022-07-06 22:16:54.817590,71.92171,72.03897,31.19731,166.8126449584961,0.4380327825451544,3,4,False,2,True,27.979960947325733,True,334362.2566853259,922899.8683146741,False,False,Escalate_Human,4,5.09972998703154
B6,47,0.0008188279462046,0.0050160586833953,0.0015072799287736,0.0362670773118534,1510287.25,3201718.5,19707.970703125,12815929.0,285.0,960.0,110.0,118.20931243896484,285.0,3975143.0,39.75143,2022-07-06 22:17:34.678740,71.92171,72.03897,31.19731,166.79068756103516,0.1977827071286054,2,3,False,2,True,27.98515919483069,True,477601.888672272,1032685.361327728,False,False,Pause_Build,5,4.991265631294793
B6,48,0.0009964272612705,0.0040981173515319,0.001797504723072,0.1179667819924533,1269400.25,2977274.25,14327.0888671875,12815929.0,285.0,960.0,110.0,118.81044006347656,285.0,3970442.0,39.70442,2022-07-06 22:18:14.430170,71.92171,72.03897,31.19731,166.18955993652344,0.6992029545566888,4,4,True,1,True,28.127471605936684,True,252378.70057810144,1017021.5494218986,False,False,Pause_Build,5,5.133311706028662
B6,49,0.0007606922881677,0.0039988402277231,0.001350998878479,0.0138739558349185,1347899.125,2967787.5,20463.421875,12815929.0,285.0,960.0,110.0,128.97715759277344,285.0,3623617.0,36.23617,2022-07-06 22:18:54.134590,71.92171,72.03897,31.19731,156.02284240722656,-0.2510823304774531,1,1,False,2,True,30.534364960410375,True,598880.6941966049,749018.4308033951,False,False,Pause_Build,5,4.518735124949561
B6,50,0.0009593641734682,0.0072103440761566,0.0017238855361938,0.0902550551707765,1212673.125,2875477.0,14325.8095703125,12815929.0,285.0,960.0,110.0,106.76057434082033,285.0,4415269.0,44.15269,2022-07-06 22:19:30.370760,71.92171,72.03897,31.19731,178.2394256591797,0.6232732860299885,4,4,False,2,True,25.274757182959355,True,309509.4085649627,903163.7164350373,False,False,Pause_Build,5,5.27691426335899
B6,51,0.0008105474407784,0.0049338936805725,0.0015066382475197,0.035616121285768,1787083.25,3547849.0,17984.11328125,12815929.0,285.0,960.0,110.0,143.87815856933594,285.0,3273423.0,32.73423,2022-07-06 22:20:14.523450,71.92171,72.03897,31.19731,141.12184143066406,0.03398286163275238,2,3,False,2,True,34.06206405524051,True,478099.8526663303,1308983.3973336697,False,False,Pause_Build,5,5.191335634650214
B6,52,0.0009608923573978,0.0036511570215225,0.00177304726094,0.1078589140225697,1379328.25,3063325.75,14452.640625,12815929.0,285.0,960.0,110.0,107.5574722290039,285.0,4404140.0,44.0414,2022-07-06 22:20:47.257680,71.92171,72.03897,31.19731,177.4425277709961,0.795425606873333,4,4,True,1,True,25.463416720881604,True,271358.4283693733,1107969.8216306267,False,False,Pause_Build,5,5.002396470763292
B6,53,0.0007782106986269,0.0031104087829589,0.001383289694786,0.0165831784762058,1292188.125,2916705.5,19034.736328125,12815929.0,285.0,960.0,110.0,125.5097885131836,285.0,3724091.0,37.24091,2022-07-06 22:21:31.299080,71.92171,72.03897,31.19731,159.4902114868164,-0.18715854569091528,2,2,False,2,True,29.713491598765053,True,573822.0474589721,718366.0775410279,False,False,Pause_Build,5,4.592210137818585
B6,54,0.0009150385158136,0.0045778453350067,0.0016826093196868,0.0792837855342214,1379109.625,3059438.75,15268.6396484375,12815929.0,285.0,960.0,110.0,117.7735595703125,285.0,4019552.0,40.19552,2022-07-06 22:22:08.539990,71.92171,72.03897,31.19731,167.2264404296875,0.4854839690679215,3,4,False,2,True,27.881998004335344,True,341540.9966883864,1037568.6283116136,False,False,Escalate_Human,4,5.250810038872999
B6,55,0.0008143342565745,0.0046426355838775,0.0014891980681568,0.0322228842056367,1527577.5,3248390.0,16268.0986328125,12815929.0,285.0,960.0,110.0,116.07280731201172,285.0,4048141.0,40.48141,2022-07-06 22:22:48.735510,71.92171,72.03897,31.19731,168.92719268798828,0.20544732232601434,2,3,False,2,True,27.47935779166944,True,491633.9575195771,1035943.5424804229,False,False,Pause_Build,5,5.058225580230198
B6,56,0.0009698479552753,0.004081055521965,0.001764953136444,0.1043706365927211,1355889.0,3079554.75,14922.66796875,12815929.0,285.0,960.0,110.0,115.8012924194336,285.0,4073903.0,40.73903,2022-07-06 22:23:29.216920,71.92171,72.03897,31.19731,169.1987075805664,0.6886642411826285,4,4,True,1,True,27.415078697782572,True,277639.71294475626,1078249.2870552437,False,False,Pause_Build,5,5.124155351701716
B6,57,0.0007375729037448,0.0027846964076161,0.0013288884656503,0.0106324719205612,1308547.625,2896749.75,16600.34765625,12815929.0,285.0,960.0,110.0,127.9330825805664,285.0,3653035.0,36.53035,2022-07-06 22:24:09.955950,71.92171,72.03897,31.19731,157.0669174194336,-0.29995253085940554,1,1,False,2,True,30.287188110929545,True,616039.0409856735,692508.5840143265,True,True,Escalate_Human,4,4.3817674287731325
B6,58,0.0009347178856842,0.0048945397138595,0.0017099976539611,0.0861089036203965,1460775.5,3249847.5,14488.2109375,12815929.0,285.0,960.0,110.0,105.0914306640625,285.0,4485510.0,44.8551,2022-07-06 22:24:46.486300,71.92171,72.03897,31.19731,179.9085693359375,0.7489463257520249,4,4,True,1,True,24.879600062514797,True,320286.8237747366,1140488.6762252634,False,False,Pause_Build,5,5.242333816137658
B6,59,0.0008313332218676,0.0041331648826599,0.0015279760118573,0.038386524822695,1551709.25,3252980.0,19434.43359375,12815929.0,285.0,960.0,110.0,144.22303771972656,285.0,3265027.0,32.65027,2022-07-06 22:25:31.341400,71.92171,72.03897,31.19731,140.77696228027344,-0.044760274707436515,2,3,False,2,True,34.14371158137466,True,461541.1043948948,1090168.1456051052,False,False,Pause_Build,5,5.052897558771827
B6,60,0.0010011850390583,0.0047718435525894,0.0017782776849344,0.1097874303931541,1196357.125,2840864.25,14562.234375,12815929.0,285.0,960.0,110.0,110.46617889404295,285.0,4263676.0,42.63676,2022-07-06 22:26:03.991670,71.92171,72.03897,31.19731,174.53382110595703,0.6942783839060223,4,4,False,2,True,26.152030988173046,True,267299.4616985526,929057.6633014474,False,False,Pause_Build,5,5.305269783390326
B6,61,0.0007524464745074,0.0029980540275573,0.0013360143639147,0.0149278783110411,1285647.875,2884502.5,18968.802734375,12815929.0,285.0,960.0,110.0,125.20740509033205,285.0,3733169.0,37.33169,2022-07-06 22:26:46.628430,71.92171,72.03897,31.19731,159.79259490966797,-0.2516438670482186,1,1,False,2,True,29.641904614188455,True,610509.1291494962,675138.7458505038,True,True,Escalate_Human,4,4.431241238994714
B6,62,0.0009417597902938,0.0049200132489204,0.0017078554956242,0.0854703517901099,1301033.125,3028467.75,14242.318359375,12815929.0,285.0,960.0,110.0,121.55535888671876,285.0,3872139.0,38.72139,2022-07-06 22:27:23.960120,71.92171,72.03897,31.19731,163.44464111328125,0.4801371507310779,3,4,False,2,True,28.777310342499707,True,321949.2032113571,979083.9217886429,False,False,Escalate_Human,4,5.4569795301914334
B6,63,0.0008096310775727,0.003387451171875,0.0014885663986206,0.0309889032309708,1653644.0,3385868.5,20531.03515625,12815929.0,285.0,960.0,110.0,118.7160873413086,285.0,3958100.0,39.581,2022-07-06 22:28:02.681510,71.92171,72.03897,31.19731,166.2839126586914,0.22099088275679,3,2,False,2,True,28.105134313756768,True,492124.15211893525,1161519.8478810648,False,False,Escalate_Human,4,5.081569348689786
B6,64,0.0010072261793538,0.004407986998558,0.0018163323402404,0.1246420135041913,1225318.75,2887728.0,15624.0869140625,12815929.0,285.0,960.0,110.0,116.94271850585938,285.0,4026222.0,40.26222,2022-07-06 22:28:42.262510,71.92171,72.03897,31.19731,168.05728149414062,0.7304823914973093,4,4,True,1,True,27.685302676576555,True,237767.9021687701,987550.8478312299,False,False,Pause_Build,5,5.016840992867838
B6,65,0.0007480799686163,0.0032826662063598,0.0013372256653383,0.0151635158513454,1494969.75,3219197.5,17706.14453125,12815929.0,285.0,960.0,110.0,130.0600128173828,285.0,3593107.0,35.93107,2022-07-06 22:29:22.524730,71.92171,72.03897,31.19731,154.9399871826172,-0.18209905996544123,2,1,False,2,True,30.790722731387977,True,609569.1227347248,885400.6272652752,False,False,Pause_Build,5,4.828443461767262
B6,66,0.0009406643221154,0.004571110010147,0.0017040593083947,0.0848243665679499,1351247.625,3082147.0,15726.1376953125,12815929.0,285.0,960.0,110.0,105.69951629638672,285.0,4456449.0,44.56449,2022-07-06 22:29:58.455800,71.92171,72.03897,31.19731,179.30048370361328,0.6704658069668465,4,4,False,2,True,25.023559729258217,True,324895.1589230229,1026352.4660769771,False,False,Pause_Build,5,5.456966851940022
B6,67,0.0008101047715172,0.0041083097457885,0.0014828800922259,0.0278159585407821,1493761.75,3201836.0,17270.201171875,12815929.0,285.0,960.0,110.0,138.44064331054688,285.0,3391397.0,33.91397,2022-07-06 22:30:43.020290,71.92171,72.03897,31.19731,146.55935668945312,-0.08312418630873078,2,3,False,2,True,32.77477351101962,True,496536.8972732236,997224.8527267764,False,False,Pause_Build,5,5.009255784388858
B6,68,0.0009884401224553,0.004914715886116,0.0017958460375666,0.1147230911528428,1286590.75,3008601.5,14875.7861328125,12815929.0,285.0,960.0,110.0,110.65203857421876,285.0,4256326.0,42.56326,2022-07-06 22:31:16.934260,71.92171,72.03897,31.19731,174.34796142578125,0.7888275986615827,4,4,True,1,True,26.19603185942679,True,253665.8905250351,1032924.8594749649,False,False,Pause_Build,5,5.175904494970288
B6,69,0.0007648389437235,0.0034151673316955,0.0013694744557142,0.0167324704938454,1327583.75,2947137.5,19713.232421875,12815929.0,285.0,960.0,110.0,122.2568130493164,285.0,3823494.0,38.23494,2022-07-06 22:31:59.497520,71.92171,72.03897,31.19731,162.7431869506836,-0.15401135996038456,2,1,False,2,True,28.94337430144801,True,584543.0893863367,743040.6606136633,False,False,Pause_Build,5,4.549574423824783
B6,70,0.0009376920643262,0.0048002004623413,0.0017132386565208,0.0876240423672168,1301491.25,3006478.75,15661.0625,12815929.0,285.0,960.0,110.0,121.07293701171876,285.0,3886909.0,38.86909,2022-07-06 22:32:37.732460,71.92171,72.03897,31.19731,163.92706298828125,0.4906570078541457,3,4,False,2,True,28.66310061830463,True,317771.7081007585,983719.5418992415,False,False,Escalate_Human,4,5.390762631221511
B6,71,0.0008011608733795,0.003803551197052,0.0014750808477401,0.0293436448955752,1641597.375,3387137.0,16478.173828125,12815929.0,285.0,960.0,110.0,117.08953094482422,285.0,4013033.0,40.13033,2022-07-06 22:33:16.601550,71.92171,72.03897,31.19731,167.91046905517578,0.21958189521414714,3,3,False,2,True,27.720059409286037,True,502589.34607265913,1139008.0289273409,False,False,Escalate_Human,4,5.105552999648442
B6,72,0.000991424312815,0.0058458745479583,0.0017937540542334,0.1154766507487016,1222267.25,2892493.5,15190.6240234375,12815929.0,285.0,960.0,110.0,114.73226165771484,285.0,4104014.0,41.04014,2022-07-06 22:33:56.731880,71.92171,72.03897,31.19731,170.26773834228516,0.7014055959357928,4,4,True,1,True,27.16199376366355,True,255289.33264645073,966977.9173535493,False,False,Pause_Build,5,5.006877080761473
B6,73,0.0007620899123139,0.0032410025596618,0.001347929239273,0.0169859745902599,1230173.5,2806240.5,16847.82421875,12815929.0,285.0,960.0,110.0,129.50242614746094,285.0,3608432.0,36.08432,2022-07-06 22:34:37.772020,71.92171,72.03897,31.19731,155.49757385253906,-0.30828386677936176,1,1,False,2,True,30.65871831142541,True,601262.8267430178,628910.6732569822,True,True,Escalate_Human,4,4.380478262726978
B6,74,0.0009407382458448,0.0048583596944808,0.0017157196998596,0.0885108404862983,1283494.875,2986500.75,17442.32421875,12815929.0,285.0,960.0,110.0,104.40052032470705,285.0,4511931.0,45.11931,2022-07-06 22:35:13.856340,71.92171,72.03897,31.19731,180.59947967529297,0.6752882339222065,4,4,False,2,True,24.71603227384163,True,315846.34368826845,967648.5313117316,False,False,Pause_Build,5,5.390104773630746
B6,75,0.0008119877893477,0.005004852078855,0.0015075264964252,0.0347981151436057,1673569.125,3402122.75,19006.703125,12815929.0,285.0,960.0,110.0,139.27760314941406,285.0,3371064.0,33.71064,2022-07-06 22:35:58.975650,71.92171,72.03897,31.19731,145.72239685058594,0.030549612982275966,2,3,False,2,True,32.97291741226658,True,477410.5447427898,1196158.5802572102,False,False,Pause_Build,5,5.0976980565035355
B6,76,0.001015059184283,0.0051596015691757,0.0018095523118972,0.1202190422726165,1142802.625,2770813.25,14664.0,12815929.0,285.0,960.0,110.0,113.00990295410156,285.0,4167406.0,41.67406,2022-07-06 22:36:32.686290,71.92171,72.03897,31.19731,171.99009704589844,0.7095294041506502,4,4,True,1,True,26.754238388755102,True,243029.4085211677,899773.2164788323,False,False,Pause_Build,5,4.9002014849062565
B6,77,0.0007794115226715,0.0115135312080383,0.0013569593429565,0.0160615992268582,1346726.625,2993731.5,8638.212890625,12815929.0,285.0,960.0,110.0,122.09382629394533,285.0,3828683.0,38.28683,2022-07-06 22:37:14.360350,71.92171,72.03897,31.19731,162.9061737060547,-0.15092049772837968,2,2,False,3,True,28.904788421862055,True,594255.1941066149,752471.4308933851,False,False,Pause_Build,5,5.025106003050972
B6,78,0.0009456067928113,0.0038583129644393,0.0017181963194161,0.0892518988658828,1272048.625,2957724.75,15301.30078125,12815929.0,285.0,960.0,110.0,125.1903305053711,285.0,3759106.0,37.59106,2022-07-06 22:37:52.647180,71.92171,72.03897,31.19731,159.8096694946289,0.4378215661054423,3,4,False,2,True,29.63786233555187,True,313924.4122641813,958124.2127358187,False,False,Escalate_Human,4,5.337560513057728
B6,79,0.0008439435623586,0.0064582228660583,0.0015200972557067,0.0441218593992961,1378119.875,3040698.0,18040.369140625,12815929.0,285.0,960.0,110.0,120.1384048461914,285.0,3911090.0,39.1109,2022-07-06 22:38:30.238240,71.92171,72.03897,31.19731,164.8615951538086,0.15830072232598816,2,3,False,2,True,28.441857207905162,True,467655.25664279074,910464.6183572093,False,False,Pause_Build,5,4.930059641572669
B6,80,0.0010261824354529,0.0055474936962127,0.0018496020929887,0.1355856621082137,1194251.125,2864020.0,16064.3251953125,12815929.0,285.0,960.0,110.0,115.76827239990234,285.0,4067538.0,40.67538,2022-07-06 22:39:09.349140,71.92171,72.03897,31.19731,169.23172760009766,0.8079865862021878,4,4,True,1,True,27.407261458310213,True,211949.57124638627,982301.5537536137,False,False,Pause_Build,5,5.0983206574925495
B6,81,0.0007716149557381,0.0049707889556884,0.0013724565505981,0.0162929823648754,1312531.875,2915005.25,18227.638671875,12815929.0,285.0,960.0,110.0,132.1942901611328,285.0,3534656.0,35.34656,2022-07-06 22:39:50.024520,71.92171,72.03897,31.19731,152.8057098388672,-0.2749959333019047,1,1,False,2,True,31.29599672375303,True,582228.893872563,730302.981127437,False,False,Pause_Build,5,4.49906686489142
B6,82,0.0009500013547949,0.0051161795854568,0.0017037442885339,0.0842710651662957,1166663.5,2790554.75,15186.1865234375,12815929.0,285.0,960.0,110.0,104.6993408203125,285.0,4502440.0,45.0244,2022-07-06 22:40:25.371080,71.92171,72.03897,31.19731,180.3006591796875,0.573429843607728,3,4,False,2,True,24.786775762384586,True,325139.6238300749,841523.8761699251,False,False,Escalate_Human,4,5.11974849937322
B6,83,0.0008252248517237,0.0040037035942077,0.0014950602781027,0.033938981830545,1343032.875,2991382.25,18746.4453125,12815929.0,285.0,960.0,110.0,133.32322692871094,285.0,3521962.0,35.21962,2022-07-06 22:41:10.395480,71.92171,72.03897,31.19731,151.67677307128906,-0.06848318152264445,2,2,False,2,True,31.563263950925883,True,487084.7059076163,855948.1690923837,False,False,Pause_Build,5,4.846117199825038
B6,84,0.0009804193396121,0.0039804279804229,0.0017961978446692,0.117593984962406,1304713.375,3005082.5,14861.9501953125,12815929.0,285.0,960.0,110.0,112.47650146484376,285.0,4210803.0,42.10803,2022-07-06 22:41:45.615100,71.92171,72.03897,31.19731,172.52349853515625,0.777377830879848,4,4,True,1,True,26.62795962709369,True,253392.87760953512,1051320.4973904649,False,False,Pause_Build,5,5.102353924243674
B6,85,0.0007613116176798,0.0045293942093849,0.0013580918312072,0.0152960760033292,1302144.0,2875167.5,18948.935546875,12815929.0,285.0,960.0,110.0,119.45841979980467,285.0,3913294.0,39.13294,2022-07-06 22:42:27.723130,71.92171,72.03897,31.19731,165.5415802001953,-0.16598917386604073,2,1,False,2,True,28.28087589957497,True,593376.3490895361,708767.6509104639,False,False,Pause_Build,5,4.37888300089635
B6,86,0.0009155255975201,0.0044379532337188,0.0017037689685821,0.0842325544491609,1445041.625,3130184.5,15101.4990234375,12815929.0,285.0,960.0,110.0,124.92648315429688,285.0,3814168.0,38.14168,2022-07-06 22:43:06.856070,71.92171,72.03897,31.19731,160.07351684570312,0.47085171516638963,3,4,False,2,True,29.575398474028614,True,325120.47136878595,1119921.153631214,False,False,Escalate_Human,4,5.293772702547097
B6,87,0.0008195568807423,0.003884732723236,0.0014867782592773,0.029871836678228,1545104.0,3264431.0,19390.123046875,12815929.0,285.0,960.0,110.0,118.04476165771484,285.0,3980353.0,39.80353,2022-07-06 22:43:44.997750,71.92171,72.03897,31.19731,166.95523834228516,0.1786190753610749,2,2,False,2,True,27.94620304396658,True,493511.8021459712,1051592.1978540288,False,False,Pause_Build,5,5.047474193556306
B6,88,0.000966970808804,0.0042803287506103,0.0017884944099932,0.1127873124452859,1336500.625,3031977.25,16296.4697265625,12815929.0,285.0,960.0,110.0,113.10899353027344,285.0,4187106.0,41.87106,2022-07-06 22:44:24.801280,71.92171,72.03897,31.19731,171.89100646972656,0.7554029469841079,4,4,True,1,True,26.777697331977613,True,259370.9751087448,1077129.6498912552,False,False,Pause_Build,5,5.070188328144516
B6,89,0.0007601854740642,0.0039808563888072,0.0013628602027893,0.0182975579641942,1291930.25,2867463.5,18969.38671875,12815929.0,285.0,960.0,110.0,132.07608032226562,285.0,3537595.0,35.37595,2022-07-06 22:45:06.672340,71.92171,72.03897,31.19731,152.92391967773438,-0.29433957291531937,1,1,False,2,True,31.26801143993031,True,589675.9490174665,702254.3009825335,False,False,Pause_Build,5,4.39603693624156
B6,90,0.0009221317013725,0.0054215341806411,0.0017184405587613,0.0893718605460784,1433788.25,3149003.25,14115.998046875,12815929.0,285.0,960.0,110.0,104.0716781616211,285.0,4552131.0,45.52131,2022-07-06 22:45:42.048290,71.92171,72.03897,31.19731,180.9283218383789,0.7438744176432326,4,4,False,2,True,24.638181382959537,True,313734.87517064344,1120053.3748293566,False,False,Pause_Build,5,5.418874405444784
B6,91,0.0008320509805344,0.0054168105125427,0.0015065073966979,0.040042267402282,1433614.75,3114345.75,14104.103515625,12815929.0,285.0,960.0,110.0,134.53054809570312,285.0,3490743.0,34.90743,2022-07-06 22:46:27.569600,71.92171,72.03897,31.19731,150.46945190429688,-0.004154251817829765,2,3,False,2,True,31.849088090838805,True,478201.39684804576,955413.3531519542,False,False,Pause_Build,5,4.962671784802637
B6,92,0.00100311730057,0.005094289779663,0.0017831660807132,0.1109381331172293,1144167.5,2767474.0,16845.248046875,12815929.0,285.0,960.0,110.0,115.4071273803711,285.0,4088743.0,40.88743,2022-07-06 22:47:02.477030,71.92171,72.03897,31.19731,169.5928726196289,0.6215835923461532,4,4,False,2,True,27.321763110883307,True,263505.9192321724,880661.5807678276,False,False,Pause_Build,5,5.248126928095186
B6,93,0.000753637519665,0.0039118407294154,0.0013424470089375,0.0185082497201268,1368837.0,3035038.5,16267.453125,12815929.0,285.0,960.0,110.0,119.54664611816406,285.0,3910555.0,39.10555,2022-07-06 22:47:43.364460,71.92171,72.03897,31.19731,165.45335388183594,-0.11458196444648944,2,1,False,2,True,28.301762812065355,True,605517.2027242731,763319.7972757269,False,False,Pause_Build,5,4.657092629683367
B6,94,0.0009485134505666,0.0043810829520225,0.0016982957022264,0.0840552761695473,1138082.75,2754855.0,15305.7109375,12815929.0,285.0,960.0,110.0,127.29113006591795,285.0,3709423.0,37.09423,2022-07-06 22:48:22.470010,71.92171,72.03897,31.19731,157.70886993408203,0.3015809184917759,3,4,False,2,True,30.13521071636315,True,329367.8910315314,808714.8589684686,False,False,Escalate_Human,4,5.090344026857638
B6,95,0.0007932827575132,0.0040078004822134,0.001473069190979,0.032127636323899,1686848.375,3429941.5,19876.291015625,12815929.0,285.0,960.0,110.0,122.34711456298828,285.0,3840333.0,38.40333,2022-07-06 22:48:59.564240,71.92171,72.03897,31.19731,162.65288543701172,0.18380324433025763,2,2,False,2,True,28.96475250070745,True,504150.45235298714,1182697.9226470129,False,False,Pause_Build,5,5.089245416176884
B6,96,0.0009989108657464,0.0047678351402282,0.0017994879744946,0.1178600960884264,1261834.875,2965252.0,15652.37890625,12815929.0,285.0,960.0,110.0,114.12147521972656,285.0,4126583.0,41.26583,2022-07-06 22:49:37.967570,71.92171,72.03897,31.19731,170.87852478027344,0.7489551541583932,4,4,True,1,True,27.01739470163981,True,250839.63769662008,1010995.2373033799,False,False,Pause_Build,5,5.122467883786664
B6,97,0.0007634313078597,0.0032590627670288,0.0013513565063476,0.0161531777687049,1251647.875,2813592.0,20373.060546875,12815929.0,285.0,960.0,110.0,135.3568572998047,285.0,3451575.0,34.51575,2022-07-06 22:50:19.233400,71.92171,72.03897,31.19731,149.6431427001953,-0.37018834027998976,1,1,False,2,True,32.04471053499164,True,598603.1641912442,653044.7108087558,True,True,Escalate_Human,4,4.336582323171815
B6,98,0.0009524780325591,0.0043076202273368,0.0016976296901702,0.0828289197141656,1099452.0,2711120.5,14300.9150390625,12815929.0,285.0,960.0,110.0,104.65111541748048,285.0,4504450.0,45.0445,2022-07-06 22:50:53.749150,71.92171,72.03897,31.19731,180.34888458251953,0.5336306756705422,3,4,False,2,True,24.775358763608068,True,329884.7364615337,769567.2635384663,False,False,Escalate_Human,4,5.076449997923373
B6,99,0.0008400095975957,0.0103716254234313,0.0015084079932421,0.0359700167669395,1516658.625,3228267.0,7643.41015625,12815929.0,285.0,960.0,110.0,130.251220703125,285.0,3605582.0,36.05582,2022-07-06 22:51:38.793650,71.92171,72.03897,31.19731,154.748779296875,0.07312910576999096,2,3,False,3,True,30.835989749792848,True,476726.47664351854,1039932.1483564815,False,False,Pause_Build,5,5.465901623117233
B6,100,0.0009764215792529,0.0042933225631713,0.0017929300665855,0.1156194378906411,1323586.75,3011982.0,13473.609375,12815929.0,285.0,960.0,110.0,113.89414978027344,285.0,4157911.0,41.57911,2022-07-06 22:52:14.849470,71.92171,72.03897,31.19731,171.10585021972656,0.7538014750251514,4,4,True,1,True,26.963577126011703,True,255928.7718971835,1067657.9781028165,False,False,Pause_Build,5,5.055124322362545
B6,101,0.0007829863461665,0.0034867823123931,0.0013903013896197,0.0198557057209633,1258091.25,2854128.75,19110.42578125,12815929.0,285.0,960.0,110.0,117.3320541381836,285.0,3984433.0,39.84433,2022-07-06 22:52:56.428580,71.92171,72.03897,31.19731,167.6679458618164,-0.09987453892501766,2,2,False,2,True,27.777474938016947,True,568380.7609272443,689710.4890727557,True,True,Escalate_Human,4,4.512254337886935
B6,102,0.0009114215499721,0.0046312063932418,0.0016622216207906,0.0725075220561986,1356152.125,3037158.5,15948.578125,12815929.0,285.0,960.0,110.0,123.7127914428711,285.0,3825108.0,38.25108,2022-07-06 22:53:36.272910,71.92171,72.03897,31.19731,161.2872085571289,0.3660778563086515,3,4,False,2,True,29.28806615598274,True,357362.4655411993,998789.6594588007,False,False,Escalate_Human,4,5.2227314892105845
B6,103,0.0008376229088753,0.0052748322486877,0.0015218257904052,0.0392262171167139,1397827.875,3080376.75,17463.533203125,12815929.0,285.0,960.0,110.0,120.4825439453125,285.0,3899566.0,38.99566,2022-07-06 22:54:14.523990,71.92171,72.03897,31.19731,164.5174560546875,0.15396138308941376,2,3,False,3,True,28.52332953250769,True,466313.86161667434,931514.0133833257,False,False,Pause_Build,5,5.4035267615058125
B6,104,0.0009774946374818,0.0059101730585098,0.0017616228433325,0.1032417640248394,1247638.5,2937484.0,13970.0595703125,12815929.0,285.0,960.0,110.0,111.21874237060548,285.0,4258619.0,42.58619,2022-07-06 22:54:53.519650,71.92171,72.03897,31.19731,173.78125762939453,0.6807885531393547,4,4,True,1,True,26.330194690010767,True,280224.12077825423,967414.3792217458,False,False,Pause_Build,5,5.017792408637062
B6,105,0.0007598482770845,0.0033739209175109,0.001349079539068,0.0172599899539377,1223545.0,2796603.25,20831.6171875,12815929.0,285.0,960.0,110.0,135.73672485351562,285.0,3441619.0,34.41619,2022-07-06 22:55:36.105840,71.92171,72.03897,31.19731,149.26327514648438,-0.3792473556833651,1,1,False,2,True,32.1346413005482,True,600370.1594307012,623174.8405692988,True,True,Escalate_Human,4,4.373019333107052
B6,106,0.0009385591256432,0.0042058229446411,0.0017037086654454,0.0844806651437509,1256123.625,2920579.75,13572.4267578125,12815929.0,285.0,960.0,110.0,104.17324829101562,285.0,4525205.0,45.25205,2022-07-06 22:56:10.522030,71.92171,72.03897,31.19731,180.82675170898438,0.6272410482834815,4,4,False,2,True,24.662227341623016,True,325167.268420473,930956.356579527,False,False,Pause_Build,5,5.245216884248701
B6,107,0.0008338101324625,0.0038259029388427,0.0015041530132293,0.0354509532344793,1432450.25,3129067.75,19033.166015625,12815929.0,285.0,960.0,110.0,132.7083740234375,285.0,3539096.0,35.39096,2022-07-06 22:56:55.774080,71.92171,72.03897,31.19731,152.2916259765625,0.0033120347025129143,2,3,False,2,True,31.417702183578953,True,480028.469383582,952421.780616418,False,False,Pause_Build,5,5.011970240051966
B6,108,0.0010094142053276,0.0042633116245269,0.0018442273139953,0.1304397821473746,1315856.0,3048420.0,16724.76171875,12815929.0,285.0,960.0,110.0,116.16151428222656,285.0,4061725.0,40.61725,2022-07-06 22:57:31.165040,71.92171,72.03897,31.19731,168.83848571777344,0.847252635648651,4,4,True,1,True,27.5003584948453,True,216120.56174746132,1099735.4382525387,False,False,Pause_Build,5,5.28581462326741
B6,109,0.0007766182534396,0.0032829642295837,0.0013729091733694,0.0210413017326889,1286696.75,2907513.25,17533.716796875,12815929.0,285.0,960.0,110.0,117.83071899414062,285.0,3967638.0,39.67638,2022-07-06 22:58:11.782290,71.92171,72.03897,31.19731,167.16928100585938,-0.10055771108416775,2,1,False,2,True,27.895530064900715,True,581877.6449594484,704819.1050405516,False,False,Pause_Build,5,4.5637532729451635
B6,110,0.0009626038372516,0.0044874399900436,0.0017099976539611,0.0865149121597981,1130387.75,2741599.75,16187.83203125,12815929.0,285.0,960.0,110.0,123.33404541015624,285.0,3815459.0,38.15459,2022-07-06 22:58:51.458670,71.92171,72.03897,31.19731,161.66595458984375,0.36187784215806784,3,4,False,2,True,29.19840090202562,True,320286.8237747366,810100.9262252634,False,False,Escalate_Human,4,5.091484959145344
B6,111,0.0008304615621455,0.0070745348930358,0.0015004307497292,0.0367236815312563,1496028.375,3226008.0,11523.6044921875,12815929.0,285.0,960.0,110.0,125.21089935302734,285.0,3752203.0,37.52203,2022-07-06 22:59:29.613260,71.92171,72.03897,31.19731,159.78910064697266,0.12266159138289973,2,3,False,3,True,29.64273185440988,True,482917.05805308465,1013111.3169469154,False,False,Pause_Build,5,5.516542922139488
B6,112,0.0010186455911025,0.0053508877754211,0.0018217340111732,0.1255117408735125,1134985.5,2767874.0,14598.4619140625,12815929.0,285.0,960.0,110.0,111.06153106689452,285.0,4240626.0,42.40626,2022-07-06 23:00:07.135290,71.92171,72.03897,31.19731,173.93846893310547,0.7613540289079599,4,4,True,1,True,26.29297610485192,True,233576.04271216574,901409.4572878343,False,False,Pause_Build,5,4.936927241442508
B6,113,0.0007549008587375,0.0030766725540161,0.0013408362865447,0.0161886995288835,1365441.375,3002037.25,21039.66015625,12815929.0,285.0,960.0,110.0,139.7468719482422,285.0,3353413.0,33.53413,2022-07-06 23:00:49.541550,71.92171,72.03897,31.19731,145.2531280517578,-0.3618443529069083,1,1,False,2,True,33.08401324532249,True,606767.1718501641,758674.2031498359,False,False,Pause_Build,5,4.556167120181993
B6,114,0.0009331023320555,0.0051367580890655,0.0016963481903076,0.0829608824011809,1278894.0,2948477.0,14825.1484375,12815929.0,285.0,960.0,110.0,105.22686767578124,285.0,4479816.0,44.79816,2022-07-06 23:01:23.075680,71.92171,72.03897,31.19731,179.77313232421875,0.6125477417105083,4,4,False,2,True,24.91166374900124,True,330879.2189808332,948014.7810191668,False,False,Pause_Build,5,5.2479853619972685
B6,115,0.0008105026790872,0.0040374100208282,0.0014973729848861,0.0368352481345493,1598218.75,3349379.0,15949.19921875,12815929.0,285.0,960.0,110.0,128.1945343017578,285.0,3663853.0,36.63853,2022-07-06 23:02:07.873840,71.92171,72.03897,31.19731,156.8054656982422,0.13129274409573946,2,3,False,2,True,30.349084825226754,True,485289.97573597985,1112928.7742640201,False,False,Pause_Build,5,5.164895227640866
B6,116,0.0009770117467269,0.0052862167358398,0.001797801349312,0.1167722986551244,1414213.5,3174652.5,14056.7275390625,12815929.0,285.0,960.0,110.0,114.99087524414062,285.0,4117911.0,41.17911,2022-07-06 23:02:44.512370,71.92171,72.03897,31.19731,170.00912475585938,0.8098232299289891,4,4,True,1,True,27.22321857105602,True,252148.50967519567,1162064.9903248043,False,False,Pause_Build,5,5.293312856046588
B6,117,0.0007719715358689,0.0042148232460021,0.0013747811317443,0.0183067995226973,1345373.0,2986324.25,18814.291015625,12815929.0,285.0,960.0,110.0,115.97787475585938,285.0,4031097.0,40.31097,2022-07-06 23:03:25.691480,71.92171,72.03897,31.19731,169.02212524414062,-0.058585024333397295,2,2,False,2,True,27.456883228186403,True,580424.9488374863,764948.0511625137,False,False,Pause_Build,5,4.6275241235528215
B6,118,0.0009059424046427,0.0055492967367172,0.0016865862999111,0.0817663931160863,1511486.375,3244333.75,14743.7216796875,12815929.0,285.0,960.0,110.0,120.2352066040039,285.0,3936860.0,39.3686,2022-07-06 23:04:06.002450,71.92171,72.03897,31.19731,164.7647933959961,0.5379367330401525,3,4,False,2,True,28.46477429072062,True,338454.7401634413,1173031.6348365587,False,False,Escalate_Human,4,5.417931502405811
B6,119,0.0008348244009539,0.0042198300361633,0.0015211403369903,0.0419403339400174,1397812.125,3039368.25,18242.232421875,12815929.0,285.0,960.0,110.0,123.53018188476562,285.0,3803062.0,38.03062,2022-07-06 23:04:45.371050,71.92171,72.03897,31.19731,161.46981811523438,0.11358089588453896,2,3,False,2,True,29.244834726507012,True,466845.7941270133,930966.3308729867,False,False,Pause_Build,5,4.859517513151153
B6,120,0.0009898106800392,0.00428307056427,0.0018324670381844,0.1283739704803066,1357847.25,3066069.75,14967.5078125,12815929.0,285.0,960.0,110.0,109.24662017822266,285.0,4335822.0,43.35822,2022-07-06 23:05:23.401670,71.92171,72.03897,31.19731,175.75337982177734,0.9112626227155287,4,4,True,1,True,25.86330970128377,True,225246.89024534402,1132600.359754656,False,False,Pause_Build,5,5.1811690610347725
B6,121,0.0007782352622598,0.0035253763198852,0.0013899803161621,0.0217218816013189,1281964.625,2874182.5,17558.23828125,12815929.0,285.0,960.0,110.0,140.4887237548828,285.0,3335261.0,33.35261,2022-07-06 23:06:06.759890,71.92171,72.03897,31.19731,144.5112762451172,-0.34516450551659433,1,2,False,2,True,33.25964104045521,True,568629.9236078758,713334.7013921242,False,False,Pause_Build,5,4.496411778306141
B6,122,0.0009526347275823,0.0045778751373291,0.0017057061195373,0.0853488931413453,1213253.875,2889933.25,14567.4931640625,12815929.0,285.0,960.0,110.0,105.19581604003906,285.0,4481085.0,44.81085,2022-07-06 23:06:40.112500,71.92171,72.03897,31.19731,179.80418395996094,0.6097885596898709,3,4,False,2,True,24.904312509478945,True,323617.1838395293,889636.6911604707,False,False,Escalate_Human,4,5.29383725762435
B6,123,0.0008182806195691,0.0046867132186889,0.0014932751655578,0.0359646571523132,1490130.0,3168888.5,18418.46875,12815929.0,285.0,960.0,110.0,131.05238342285156,285.0,3584226.0,35.84226,2022-07-06 23:07:24.923350,71.92171,72.03897,31.19731,153.94761657714844,0.026420463096476627,2,3,False,2,True,31.02565895427357,True,488470.0070478625,1001659.9929521375,False,False,Pause_Build,5,4.928654174628359
B6,124,0.0010154360206797,0.0057820379734039,0.0018318324582651,0.1283466133372423,1197455.875,2875532.5,14192.5302734375,12815929.0,285.0,960.0,110.0,117.7423324584961,285.0,4006683.0,40.06683,2022-07-06 23:08:00.765610,71.92171,72.03897,31.19731,167.2576675415039,0.7463585790584132,4,4,True,1,True,27.874605222181838,True,225739.3433897104,971716.5316102896,False,False,Pause_Build,5,5.097056638028714
B6,125,0.0010064046364277,0.0083786845207214,0.0016728094778954,0.0867265323929324,767490.8125,2131672.5,7187.06201171875,12815929.0,285.0,960.0,110.0,116.8563995361328,285.0,4000917.0,40.00917,2022-07-06 23:08:40.832440,71.92171,72.03897,31.19731,168.1436004638672,0.1735600325613923,2,3,False,3,True,27.664867314425376,True,349145.9692973369,418344.8432026631,True,True,Escalate_Human,4,4.653681276220335
B6,126,0.0012883379822596,0.0232951641082763,0.0020157573744654,0.183958674652414,702173.1875,2166377.25,2319.17041015625,12815929.0,285.0,960.0,110.0,113.07933044433594,285.0,4300043.0,43.00043,2022-07-06 23:09:20.841610,71.92171,72.03897,31.19731,171.92066955566406,0.9275548533113729,4,4,True,1,True,26.770674821102258,True,83008.06470373529,619165.1227962647,True,True,Pause_Build,5,4.733961601137916
B6,127,0.0010322541929781,0.0043666362762451,0.0016233234200626,0.0620924516062954,1002980.5625,2608136.0,20638.490234375,12815929.0,285.0,960.0,110.0,135.23887634277344,285.0,3599886.0,35.99886,2022-07-06 23:10:03.842040,71.92171,72.03897,31.19731,149.76112365722656,0.00422091010606844,2,3,False,2,True,32.01677943720962,True,387548.64174391073,615431.9207560893,True,True,Escalate_Human,4,4.945559949843389
B6,128,0.0013517594197764,0.0073318481445312,0.0021186470985412,0.2533716880633707,896957.125,2537802.0,10552.130859375,12815929.0,285.0,960.0,110.0,103.24920654296876,285.0,4762896.0,47.62896,2022-07-06 23:10:39.840900,71.92171,72.03897,31.19731,181.75079345703125,1.5198903024216541,4,4,True,1,True,24.443467458089195,True,3162.5376029210165,893794.587397079,False,False,Pause_Build,5,5.467384157268659
B6,129,0.0008692842093296,0.0044161677360534,0.0013540387153625,0.0144289368422859,928620.25,2430456.0,24136.40625,12815929.0,285.0,960.0,110.0,152.3148193359375,285.0,3260302.0,32.60302,2022-07-06 23:11:27.469860,71.92171,72.03897,31.19731,132.6851806640625,-0.7018682429185567,0,1,True,1,False,36.05937957763672,True,596521.6891507294,332098.56084927055,True,True,Continue,0,3.7693312168096345
B6,130,0.0012912205420434,0.0059461593627929,0.0019857108127325,0.1909333061009131,729781.5,2188541.75,12179.5078125,12815929.0,285.0,960.0,110.0,101.1425552368164,285.0,4915992.0,49.15992,2022-07-06 23:12:00.072880,71.92171,72.03897,31.19731,183.8574447631836,1.0607168568609255,4,4,True,1,True,23.944733720837217,True,106325.10224737879,623456.3977526212,True,True,Pause_Build,5,4.664434493737717
B6,131,0.00101187848486,0.0039805173873901,0.0015526413917541,0.0410772045610481,991310.9375,2611520.75,24614.130859375,12815929.0,285.0,960.0,110.0,134.67559814453125,285.0,3685344.0,36.85344,2022-07-06 23:12:49.232800,71.92171,72.03897,31.19731,150.32440185546875,-0.1357039145995267,2,2,False,3,True,31.88342759103486,True,442400.0261512508,548910.9113487492,True,True,Escalate_Human,4,5.28944647162098
B6,132,0.0013389301020652,0.0050603747367858,0.0020294247660785,0.2434760452711088,821384.5625,2354130.25,14382.8056640625,12815929.0,285.0,960.0,110.0,110.97610473632812,285.0,4523533.0,45.23533,2022-07-06 23:13:26.086240,71.92171,72.03897,31.19731,174.02389526367188,1.2376654966456395,4,4,True,1,True,26.272752068259496,True,72401.75686061918,748982.8056393808,False,False,Pause_Build,5,4.971535240392358
B6,133,0.0008751812856644,0.0051259994506835,0.0013325214385986,0.0111551890890611,818954.6875,2215844.25,17049.42578125,12815929.0,285.0,960.0,110.0,122.11200714111328,285.0,4104989.0,41.04989,2022-07-06 23:14:11.321570,71.92171,72.03897,31.19731,162.88799285888672,-0.47673639821827307,1,1,True,1,True,28.909092599695377,True,613219.7444756905,205734.94302430947,True,True,Monitor,1,3.396714269916192
B6,134,0.0012867022305727,0.0071184113621711,0.0019872784614562,0.1935812327624911,655512.125,1997526.375,12245.5234375,12815929.0,285.0,960.0,110.0,110.12301635742188,285.0,4605996.0,46.05996,2022-07-06 23:14:52.371460,71.92171,72.03897,31.19731,174.87698364257812,0.9017373183542244,4,4,False,2,True,26.07078985734419,True,105108.55958700087,550403.5654129991,True,True,Pause_Build,5,4.692051893874774
B6,135,0.0010243168799206,0.0036461353302001,0.0015311539173126,0.0381583776107733,839912.625,2325415.5,17952.796875,12815929.0,285.0,960.0,110.0,135.3059539794922,285.0,3756254.0,37.56254,2022-07-06 23:15:38.431420,71.92171,72.03897,31.19731,149.6940460205078,-0.27966842498408007,1,1,False,2,True,32.03265955953887,True,459074.95397575246,380837.67102424754,True,True,Escalate_Human,4,4.415946232421365
B6,136,0.0013478861656039,0.0050621032714843,0.0020350813865661,0.244919995305348,748304.125,2244311.25,5773.4287109375,12815929.0,285.0,960.0,110.0,102.91683197021484,285.0,4983912.0,49.83912,2022-07-06 23:16:15.993960,71.92171,72.03897,31.19731,182.08316802978516,1.2987485859553747,4,4,True,1,True,24.364780295978893,True,68012.04886500863,680292.0761349914,True,True,Pause_Build,5,4.866096107504607
B6,137,0.0009045369224622,0.0035042762756347,0.0013505220413208,0.0128394788263308,723929.375,2026343.25,25459.65234375,12815929.0,285.0,960.0,110.0,152.19406127929688,285.0,3383120.0,33.8312,2022-07-06 23:17:05.833080,71.92171,72.03897,31.19731,132.80593872070312,-0.8565873345852032,0,1,False,2,True,36.03079102256081,True,599250.7342038042,124678.64079619583,True,True,Monitor,1,3.527291055569857
B6,138,0.0012913349783048,0.0060423910617828,0.0019824504852294,0.1919980219134896,746645.9375,2268647.0,13686.392578125,12815929.0,285.0,960.0,110.0,101.8501434326172,285.0,5085305.0,50.85305,2022-07-06 23:17:39.664280,71.92171,72.03897,31.19731,183.1498565673828,1.082090879915767,4,4,True,1,True,24.11224986567642,True,108855.21465991228,637790.7228400877,True,True,Pause_Build,5,4.868188941068201
B6,139,0.001048477133736,0.0042943954467773,0.0015481382142752,0.0447361536449115,760614.5625,2191781.25,16881.265625,12815929.0,285.0,960.0,110.0,136.67262268066406,285.0,3771056.0,37.71056,2022-07-06 23:18:30.517330,71.92171,72.03897,31.19731,148.32737731933594,-0.30283786250763683,1,1,False,2,True,32.35620802099054,True,445894.6276059735,314719.9348940265,True,True,Escalate_Human,4,4.270754274691894
B6,140,0.0013656863011419,0.0061050355434417,0.0020605884492397,0.2562203678396103,755309.1875,2283619.5,6954.26025390625,12815929.0,285.0,960.0,110.0,112.90515899658205,285.0,4631232.0,46.31232,2022-07-06 23:19:08.227890,71.92171,72.03897,31.19731,172.09484100341797,1.2674145873390614,4,4,True,1,True,26.72944105032719,True,48217.79941725335,707091.3880827466,False,False,Pause_Build,5,5.014101212107838
B6,141,0.0009029939537867,0.0028114318847656,0.0013177394866943,0.0076447828257613,578260.1875,1654578.625,21582.197265625,12815929.0,285.0,960.0,110.0,124.11912536621094,285.0,4211184.0,42.11184,2022-07-06 23:19:54.540210,71.92171,72.03897,31.19731,160.88087463378906,-0.7309447195354211,0,0,False,2,True,29.38426263404615,True,624690.9846989437,46430.79719894368,True,True,Monitor,1,2.4168839103615563
B6,142,0.0013063243823125,0.006532996892929,0.0020008652936667,0.1972037826812534,663041.75,2028085.75,13923.02734375,12815929.0,285.0,960.0,110.0,110.25798797607422,285.0,4792269.0,47.92269,2022-07-06 23:20:36.652050,71.92171,72.03897,31.19731,174.74201202392578,0.9382509055957119,4,4,False,2,True,26.102743365547873,True,94564.76826845785,568476.9817315422,True,True,Pause_Build,5,4.789889777196095
B6,143,0.0010302059818059,0.0041385889053344,0.001500645186752,0.0328947368421052,737272.4375,2113518.5,19736.423828125,12815929.0,285.0,960.0,110.0,138.09722900390625,285.0,3835290.0,38.3529,2022-07-06 23:21:24.574740,71.92171,72.03897,31.19731,146.90277099609375,-0.4384606238198495,1,1,False,2,True,32.693472775545985,True,482750.64846000634,254521.78903999366,True,True,Escalate_Human,4,4.013717568408417
B6,144,0.0013374710688367,0.0088983476161956,0.0020021796226501,0.2282527340769538,785342.625,2292668.25,5682.12255859375,12815929.0,285.0,960.0,110.0,102.0771713256836,285.0,5228088.0,52.28088,2022-07-06 23:22:02.927640,71.92171,72.03897,31.19731,182.9228286743164,1.2334926775422363,4,4,True,1,True,24.165996999451608,True,93544.80936190905,691797.815638091,True,True,Pause_Build,5,4.846830765081076
B6,145,0.000920278194826,0.0029377341270446,0.0013364553451538,0.0124480386969994,614935.0625,1801965.25,14810.3955078125,12815929.0,285.0,960.0,110.0,148.95680236816406,285.0,3611430.0,36.1143,2022-07-06 23:22:55.208520,71.92171,72.03897,31.19731,136.04319763183594,-0.9183431349100819,0,1,False,2,True,35.26439450003884,True,610166.9144162585,4768.148083741544,True,True,Monitor,1,3.1318012639843564
B6,146,0.0013173951301723,0.005071222782135,0.0019920193590223,0.2012574916351068,643884.5,2018950.625,18100.3515625,12815929.0,285.0,960.0,110.0,103.3772430419922,285.0,5212682.0,52.12682,2022-07-06 23:23:31.322820,71.92171,72.03897,31.19731,181.6227569580078,1.0162106738201542,4,4,False,2,True,24.473779129259515,True,101429.48017944652,542455.0198205535,True,True,Pause_Build,5,4.81113772714236
B6,147,0.001056715263985,0.0055315494537353,0.0015198588371276,0.0351444967930371,740935.25,2165486.25,21084.609375,12815929.0,285.0,960.0,110.0,133.06410217285156,285.0,4034468.0,40.34468,2022-07-06 23:24:23.449640,71.92171,72.03897,31.19731,151.93589782714844,-0.3351374405574167,1,1,False,2,True,31.501918128042508,True,467840.2766463903,273094.9733536097,True,True,Escalate_Human,4,4.205299086197232
B6,148,0.0013832972617819,0.0074270665645599,0.0020641020964831,0.2500145032632342,755432.0,2254136.25,5557.73681640625,12815929.0,285.0,960.0,110.0,113.40202331542967,285.0,4797293.0,47.97293,2022-07-06 23:25:03.794320,71.92171,72.03897,31.19731,171.5979766845703,1.2336538323136579,4,4,True,1,True,26.847069913690735,True,45491.103250890505,709940.8967491095,False,False,Pause_Build,5,4.921043624898884
B6,149,0.0009270109003409,0.0092424154281616,0.0013402751646935,0.0148081718360383,640370.8125,1843693.5,13013.48046875,12815929.0,285.0,960.0,110.0,123.83272552490234,285.0,4393782.0,43.93782,2022-07-06 23:25:51.767250,71.92171,72.03897,31.19731,161.16727447509766,-0.610418717366255,0,1,False,2,True,29.316459641312107,True,607202.6193195716,33168.19318042835,True,True,Monitor,1,3.189507488297871
B6,150,0.0013128771679475,0.0052723586559295,0.0019822013564407,0.1987674214796596,587617.6875,1885267.375,13786.0888671875,12815929.0,285.0,960.0,110.0,109.1145248413086,285.0,5032838.0,50.32838,2022-07-06 23:26:35.705070,71.92171,72.03897,31.19731,175.8854751586914,0.884536603066103,4,4,False,2,True,25.832037130991615,True,109048.54610897973,478569.14139102027,True,True,Pause_Build,5,4.5433423477045025
B6,151,0.0010327899362891,0.0054194331169128,0.001483678817749,0.0324844409471349,682000.8125,2020939.0,18855.8125,12815929.0,285.0,960.0,110.0,136.76217651367188,285.0,4029174.0,40.29174,2022-07-06 23:27:26.033450,71.92171,72.03897,31.19731,148.23782348632812,-0.4767221975775755,1,1,True,1,True,32.377409212517016,True,495917.062192766,186083.750307234,True,True,Monitor,1,3.461775603812565
B6,152,0.001332907937467,0.0077662095427513,0.0020028573926538,0.2139743544455827,785623.4375,2349173.75,3770.908203125,12815929.0,285.0,960.0,110.0,102.96862030029295,285.0,5386192.0,53.86192,2022-07-06 23:28:06.325190,71.92171,72.03897,31.19731,182.03137969970703,1.1959074734498394,4,4,True,1,True,24.37704079078905,True,93018.83941024845,692604.5980897516,True,True,Pause_Build,5,5.0353359278635
B6,153,0.0009396795067004,0.0036896467208862,0.0013640492688864,0.0145992123083897,637384.9375,1874472.75,20572.232421875,12815929.0,285.0,960.0,110.0,147.7684326171875,285.0,3743559.0,37.43559,2022-07-06 23:29:00.187110,71.92171,72.03897,31.19731,137.2315673828125,-0.8418824506538556,0,1,False,2,True,34.98305696429628,True,588753.1978862581,48631.73961374187,True,True,Monitor,1,3.340680582492184
B6,154,0.0012713029282167,0.0057943761348724,0.0019342659506946,0.1696335223535439,646559.375,2025169.5,11676.2666015625,12815929.0,285.0,960.0,110.0,105.16586303710938,285.0,5324932.0,53.24932,2022-07-06 23:29:37.622700,71.92171,72.03897,31.19731,179.83413696289062,0.8285324983215083,4,4,False,2,True,24.897221362952028,True,146247.86579778627,500311.5092022137,True,True,Pause_Build,5,4.729667301453034
B6,155,0.0010742377489805,0.0044065713882446,0.0015562772750854,0.0441772013353034,753172.75,2158669.5,17782.40625,12815929.0,285.0,960.0,110.0,133.8047332763672,285.0,4172352.0,41.72352,2022-07-06 23:30:30.872020,71.92171,72.03897,31.19731,151.1952667236328,-0.27606307478621905,1,1,False,2,True,31.67725693095814,True,439578.47109633754,313594.27890366246,True,True,Escalate_Human,4,4.19908816966986
B6,156,0.0013915706658735,0.0076749920845031,0.0020692348480224,0.2619891411308913,737575.9375,2269715.25,5336.5888671875,12815929.0,285.0,960.0,110.0,116.15715789794922,285.0,4861513.0,48.61513,2022-07-06 23:31:12.595540,71.92171,72.03897,31.19731,168.84284210205078,1.25502812454906,4,4,True,1,True,27.499327153870553,True,41507.93334919098,696068.004150809,True,True,Pause_Build,5,5.042714030126147
B6,157,0.0009827309986576,0.0039433240890502,0.0014030514284968,0.0189712565090678,570772.625,1690358.25,20653.96484375,12815929.0,285.0,960.0,110.0,126.1600341796875,285.0,4482518.0,44.82518,2022-07-06 23:32:01.210670,71.92171,72.03897,31.19731,158.8399658203125,-0.6108383128484927,0,1,False,2,True,29.86743233420632,True,558486.3464573608,12286.278542639222,True,True,Monitor,1,3.018979419530864
B6,158,0.0013097827322781,0.0067879110574722,0.0019858479499816,0.1935736521063845,607009.9375,1900940.75,11650.880859375,12815929.0,285.0,960.0,110.0,110.13738250732422,285.0,5179517.0,51.79517,2022-07-06 23:32:46.035850,71.92171,72.03897,31.19731,174.86261749267578,0.8649202919919001,4,4,False,2,True,26.074190934499104,True,106218.67960859835,500791.25789140165,True,True,Pause_Build,5,4.534710896377622
B6,159,0.0010658939136192,0.0043818354606628,0.0015332698822021,0.039481897627965,625851.8125,1851645.375,26011.5546875,12815929.0,285.0,960.0,110.0,139.7998809814453,285.0,4094691.0,40.94691,2022-07-06 23:33:37.831020,71.92171,72.03897,31.19731,145.2001190185547,-0.49525287949365676,1,1,True,1,True,33.09656273234974,True,457432.90144381556,168418.91105618444,True,True,Monitor,1,3.1705164202764227
B6,160,0.001404553069733,0.0064638257026672,0.0020855842158198,0.2651441442642178,740527.875,2245315.75,4119.54833984375,12815929.0,285.0,960.0,110.0,102.83440399169922,285.0,5601148.0,56.01148,2022-07-06 23:34:18.777930,71.92171,72.03897,31.19731,182.16559600830078,1.4232196957239371,4,4,True,1,True,24.3452660965197,True,28820.331149123143,711707.5438508769,False,False,Pause_Build,5,4.977534122717999
B6,161,0.0009795088553801,0.0037345886230468,0.0014015287160873,0.0174207841031149,597027.6875,1756234.125,19850.421875,12815929.0,285.0,960.0,110.0,144.1793212890625,285.0,3985857.0,39.85857,2022-07-06 23:35:14.789410,71.92171,72.03897,31.19731,140.8206787109375,-0.795079960724995,0,1,False,2,True,34.13336204760002,True,559668.0171834861,37359.67031651386,True,True,Monitor,1,3.1457670349805773
B6,162,0.0012673281598836,0.0067763999104499,0.0019289222545921,0.1658656993950187,718982.6875,2236214.0,15157.1884765625,12815929.0,285.0,960.0,110.0,106.460205078125,285.0,5458075.0,54.58075,2022-07-06 23:35:54.647980,71.92171,72.03897,31.19731,178.539794921875,0.8721698792370522,4,4,False,2,True,25.203647035540957,True,150394.7350386479,568587.9524613521,True,True,Pause_Build,5,5.175342339786258
B6,163,0.0011029510060325,0.0046929717063903,0.0015914374962449,0.0554215935319983,533069.875,1638891.875,22277.271484375,12815929.0,285.0,960.0,110.0,130.8345489501953,285.0,4430995.0,44.30995,2022-07-06 23:36:49.228730,71.92171,72.03897,31.19731,154.1654510498047,-0.35574453549904356,1,1,True,1,True,30.97408829313336,True,412293.0797059082,120776.7952940918,True,True,Monitor,1,2.87428398044136
B6,164,0.0013592571485787,0.007327526807785,0.0020739629399031,0.2500805711877432,893092.4375,2529174.25,5907.77294921875,12815929.0,285.0,960.0,110.0,117.31941223144533,285.0,5007304.0,50.07304,2022-07-06 23:37:33.538680,71.92171,72.03897,31.19731,167.6805877685547,1.3006193264346957,4,4,True,1,True,27.774482062368683,True,37838.79153948533,855253.6459605147,False,False,Pause_Build,5,5.37997343398352
B6,165,0.0009671589359641,0.0035091638565063,0.0013827085494995,0.0180068781637621,480470.0625,1428042.125,18571.193359375,12815929.0,285.0,960.0,110.0,126.2545928955078,285.0,4648767.0,46.48767,2022-07-06 23:38:23.611720,71.92171,72.03897,31.19731,158.7454071044922,-0.7322584468678216,0,0,False,2,True,29.889818393822868,True,574273.0337177024,93802.97121770238,True,True,Monitor,1,1.77674543816725
B6,166,0.0012581887422129,0.0048329010605812,0.0019392967224121,0.1708825044775387,655588.5625,2040104.875,14873.5380859375,12815929.0,285.0,960.0,110.0,109.80191802978516,285.0,5387374.0,53.87374,2022-07-06 23:39:10.099390,71.92171,72.03897,31.19731,175.19808197021484,0.7918322930317343,4,4,False,2,True,25.994772260839287,True,142343.83531159558,513244.7271884044,True,True,Pause_Build,5,4.756478063133729
B6,167,0.0010925050592049,0.0045996308326721,0.001529037952423,0.0380052230713456,421320.96875,1352241.875,19257.794921875,12815929.0,285.0,960.0,110.0,138.99697875976562,285.0,4272249.0,42.72249,2022-07-06 23:40:03.973130,71.92171,72.03897,31.19731,146.00302124023438,-0.6773633873691103,0,1,False,2,True,32.906481713959664,True,460717.00650776667,39396.037757766666,True,True,Monitor,1,2.3378556723906385
B6,168,0.0013731858925893,0.0076882541179656,0.002103317528963,0.2500180596691468,777182.1875,2280693.75,5558.2431640625,12815929.0,285.0,960.0,110.0,104.18366241455078,285.0,5729928.0,57.29928,2022-07-06 23:40:46.695620,71.92171,72.03897,31.19731,180.81633758544922,1.388156044645749,4,4,True,1,True,24.664692806475088,True,15058.745646964759,762123.4418530352,False,False,Pause_Build,5,4.99785453602081
B6,169,0.0009201312204822,0.0074416399002075,0.0012944340705871,0.0133102478086787,442168.15625,1314624.0,17707.333984375,12815929.0,285.0,960.0,110.0,143.75888061523438,285.0,4130108.0,41.30108,2022-07-06 23:41:43.994900,71.92171,72.03897,31.19731,141.24111938476562,-1.0793354532536192,0,0,True,1,True,34.033825903227836,True,642776.6900509406,200608.5338009406,True,True,Continue,0,0.246758947023475
B6,170,0.0012782155536115,0.0060381293296813,0.0019456148147583,0.172870836991689,604640.5,1971728.375,12613.23046875,12815929.0,285.0,960.0,110.0,108.99987030029295,285.0,5523936.0,55.23936,2022-07-06 23:42:25.295980,71.92171,72.03897,31.19731,176.00012969970703,0.7894952864696441,4,4,False,2,True,25.80489353700117,True,137440.80521616735,467199.69478383265,True,True,Pause_Build,5,4.71407842767739
B6,171,0.001119801076129,0.0038897991180419,0.0015208646655082,0.0360969240812564,374514.125,1245332.25,22777.96875,12815929.0,285.0,960.0,110.0,131.80715942382812,285.0,4560950.0,45.6095,2022-07-06 23:43:20.535340,71.92171,72.03897,31.19731,153.19284057617188,-0.651182111111728,0,0,False,2,True,31.204346454504762,True,467059.72350618755,92545.59850618755,True,True,Monitor,1,1.763479017614757
B6,172,0.0014331565471366,0.0081890821456909,0.0021391212940216,0.2779867139995079,679582.875,2142770.0,4000.1337890625,12815929.0,285.0,960.0,110.0,120.1902084350586,285.0,5049545.0,50.49545,2022-07-06 23:44:06.144840,71.92171,72.03897,31.19731,164.8097915649414,1.2932641387436434,4,4,True,1,True,28.454121315118037,True,-12726.055206340505,692308.9302063405,True,True,Pause_Build,5,4.931665539283733
B6,173,0.0009251525625586,0.0031404495239257,0.0012656189501285,0.0056348325937878,428281.3125,1237900.75,23116.060546875,12815929.0,285.0,960.0,110.0,128.71971130371094,285.0,4726111.0,47.26111,2022-07-06 23:44:56.640290,71.92171,72.03897,31.19731,156.28028869628906,-0.9963103840874814,0,0,True,1,True,30.473416501825504,True,665138.0920486308,236856.77954863082,True,True,Continue,0,-0.2571804207348607
B6,174,0.0012926358031108,0.0061646103858947,0.0019060308113694,0.163153753531789,552139.3125,1815684.875,8273.298828125,12815929.0,285.0,960.0,110.0,111.25182342529295,285.0,5511316.0,55.11316,2022-07-06 23:45:43.901400,71.92171,72.03897,31.19731,173.74817657470703,0.6320845949744738,4,3,False,3,True,26.338026379093975,True,168159.18495464046,383980.12754535954,True,True,Pause_Build,5,4.717088982576713
B6,175,0.0012564775533974,0.0085282325744628,0.0016719931736588,0.0723027244955732,369522.5,1375574.875,12727.0166015625,12815929.0,285.0,960.0,110.0,142.28781127929688,285.0,4323808.0,43.23808,2022-07-06 23:46:39.014560,71.92171,72.03897,31.19731,142.71218872070312,-0.43552342505521935,1,1,True,1,True,33.6855613824093,True,349779.44598931377,19743.05401068623,True,True,Monitor,1,2.6891329674401945
B6,176,0.0013965616235509,0.0050603151321411,0.0020573623478412,0.2496157965817538,701713.9375,2141309.75,13797.671875,12815929.0,285.0,960.0,110.0,153.49005126953125,285.0,4045093.0,40.45093,2022-07-06 23:47:22.252640,71.92171,72.03897,31.19731,131.50994873046875,0.7363622540799423,4,4,False,2,True,36.33760683464281,True,50721.35134100169,650992.5861589983,True,True,Pause_Build,5,5.125208043394327
B6,177,0.0009878769051283,0.0039481520652771,0.001361608505249,0.0115167561654733,379483.25,1188135.25,12777.5078125,12815929.0,285.0,960.0,110.0,140.95083618164062,285.0,4364744.0,43.64744,2022-07-06 23:48:02.703570,71.92171,72.03897,31.19731,144.04916381835938,-1.0283418437273741,0,0,True,1,True,33.369042656638406,True,590647.3040363837,211164.05403638375,True,True,Continue,0,0.0763440590937634
B6,178,0.001260177930817,0.0050280690193176,0.0018495946424081,0.1406698338135327,649295.75,2031663.25,21272.90625,12815929.0,285.0,960.0,110.0,166.75912475585938,285.0,3722410.0,37.2241,2022-07-06 23:48:46.351010,71.92171,72.03897,31.19731,118.24087524414062,-0.046613577582837795,2,3,False,3,True,39.47895945924701,True,211955.35312150093,437340.3968784991,True,True,Escalate_Human,4,5.011801879402195
B6,179,0.0012139800237491,0.004632294178009,0.0016074180603027,0.0531926240565179,281814.4375,926007.75,13523.0732421875,12815929.0,285.0,960.0,110.0,128.8774871826172,285.0,4775559.0,47.75559,2022-07-06 23:49:23.575110,71.92171,72.03897,31.19731,156.1225128173828,-0.5835401348018415,0,0,False,2,True,30.51076874588475,True,399891.68032395095,118077.24282395095,True,True,Monitor,1,0.9815994604354197
B6,180,0.0014026189455762,0.0055389404296875,0.0020825741812586,0.2587037347565383,754573.75,2255682.75,20834.849609375,12815929.0,285.0,960.0,110.0,189.60806274414065,285.0,3271436.0,32.71436,2022-07-06 23:50:11.330700,71.92171,72.03897,31.19731,95.39193725585935,0.4325896867452741,3,4,True,1,False,44.88827242995754,False,31156.208694616565,723417.5413053834,False,False,Escalate_Human,4,4.95889781270045
B6,181,0.0009835843229666,0.0048104524612426,0.0013412027619779,0.0110221935034918,378704.125,1167985.5,13251.859375,12815929.0,285.0,960.0,110.0,128.72560119628906,285.0,4781289.0,47.81289,2022-07-06 23:50:44.045060,71.92171,72.03897,31.19731,156.27439880371094,-0.9226146689705012,0,0,True,1,True,30.474810889272977,True,606482.7758679979,227778.6508679979,True,True,Continue,0,-0.13539561150608082
B6,182,0.0012317532673478,0.0051996111869812,0.0018115998245775,0.1231287713822913,641027.625,2012595.625,16246.8662109375,12815929.0,285.0,960.0,110.0,167.83901977539062,285.0,3698472.0,36.98472,2022-07-06 23:51:31.857950,71.92171,72.03897,31.19731,117.16098022460938,-0.16624402099942945,2,3,False,2,True,39.73461642409816,True,241440.47696680087,399587.14803319913,True,True,Escalate_Human,4,4.509272048859575
B6,183,0.0011794419260695,0.0054405927658081,0.0015547035727649,0.0433541358221356,312469.9375,1050629.75,14160.1611328125,12815929.0,285.0,960.0,110.0,141.2141571044922,285.0,4356513.0,43.56513,2022-07-06 23:52:08.842670,71.92171,72.03897,31.19731,143.7858428955078,-0.766016943964723,0,0,False,2,True,33.431381890268035,True,440799.71153029497,128329.77403029497,True,True,Monitor,1,1.1360732584161366
B6,184,0.0013423911295831,0.0056418776512146,0.001979112625122,0.2034419745090328,700074.125,2109018.0,23568.01953125,12815929.0,285.0,960.0,110.0,154.88735961914062,285.0,4008664.0,40.08664,2022-07-06 23:52:52.407800,71.92171,72.03897,31.19731,130.11264038085938,0.4673491255594761,3,4,False,2,True,36.668409000743516,True,111445.49471030664,588628.6302896934,True,True,Reduce_Scan_Speed,3,4.897198696680543
B6,185,0.00095445883926,0.0034109950065612,0.0013000658946111,0.0065006967253906,383431.71875,1174665.625,16629.365234375,12815929.0,285.0,960.0,110.0,140.89431762695312,285.0,4366661.0,43.66661,2022-07-06 23:53:32.494440,71.92171,72.03897,31.19731,144.10568237304688,-1.1155096646328149,0,0,True,1,True,33.35566231698701,True,638406.2248584785,254974.50610847853,True,True,Continue,0,-0.3828762612164529
B6,186,0.0012255568290129,0.0051304101943969,0.0017982220742851,0.1176835757360766,681252.9375,2110725.25,22052.3359375,12815929.0,285.0,960.0,110.0,170.12655639648438,285.0,3648587.0,36.48587,2022-07-06 23:54:16.161050,71.92171,72.03897,31.19731,114.87344360351562,-0.18906043820803145,2,3,False,2,True,40.27617338931922,True,251822.01441492187,429430.92308507813,True,True,Escalate_Human,4,4.6764083528159155
B6,187,0.0012022439623251,0.0049928426742553,0.0016002058982849,0.0540864254046291,289503.0625,932611.0625,15147.9814453125,12815929.0,285.0,960.0,110.0,130.0188446044922,285.0,4733680.0,47.3368,2022-07-06 23:54:52.646920,71.92171,72.03897,31.19731,154.9811553955078,-0.5985298450267829,0,0,False,2,True,30.78097646886652,True,405488.5354328584,115985.47293285839,True,True,Monitor,1,0.9799348701332513
B6,188,0.0013491779100149,0.0058940052986145,0.0020126104354858,0.2091895971206316,720929.125,2164082.75,24549.62890625,12815929.0,285.0,960.0,110.0,190.7317047119141,285.0,3251999.0,32.51999,2022-07-06 23:55:39.983720,71.92171,72.03897,31.19731,94.26829528808591,0.14249052979294918,2,4,False,2,False,45.15428615338875,False,85450.18420436839,635478.9407956316,True,False,Pause_Build,5,5.062923319419899
B6,189,0.0009316789219155,0.0062604546546936,0.0012682080268859,0.0075776351334605,409266.40625,1249643.75,17469.318359375,12815929.0,285.0,960.0,110.0,130.9280242919922,285.0,4700753.0,47.00753,2022-07-06 23:56:12.503710,71.92171,72.03897,31.19731,154.0719757080078,-1.0072887351378388,0,0,True,1,True,30.99621787215724,True,663128.8904470522,253862.4841970522,True,True,Continue,0,-0.26548604793770814
B6,190,0.0011995651293545,0.0052754878997802,0.001764953136444,0.1044326991258543,631779.8125,1976416.75,22761.673828125,12815929.0,285.0,960.0,110.0,167.277099609375,285.0,3711024.0,37.11024,2022-07-06 23:56:59.511240,71.92171,72.03897,31.19731,117.722900390625,-0.28695184394801787,1,2,False,3,True,39.601586081764914,True,277639.71294475626,354140.09955524374,True,True,Escalate_Human,4,4.751624789197306
B6,191,0.0012170138070359,0.0055239796638488,0.0016199946403503,0.0572748181529198,364077.0,1318839.875,14904.935546875,12815929.0,285.0,960.0,110.0,145.27655029296875,285.0,4234208.0,42.34208,2022-07-06 23:57:36.621480,71.92171,72.03897,31.19731,139.72344970703125,-0.5965137071377683,0,1,False,2,True,34.39312270193389,True,390131.8751340136,26054.875134013593,True,True,Monitor,1,2.661865720169236
B6,192,0.0013759376015514,0.0064045786857604,0.0020553469657897,0.2363144419876643,754544.6875,2255165.5,22735.595703125,12815929.0,285.0,960.0,110.0,153.72767639160156,285.0,4038816.0,40.38816,2022-07-06 23:58:18.963560,71.92171,72.03897,31.19731,131.27232360839844,0.7273914829458156,4,4,True,1,True,36.393862782102644,True,52285.348558964906,702259.3389410351,False,False,Pause_Build,5,4.913431852709866
B6,193,0.0009707781136967,0.0041154026985168,0.0013329982757568,0.0093914745730162,390442.375,1229845.25,10407.7021484375,12815929.0,285.0,960.0,110.0,138.52090454101562,285.0,4441670.0,44.4167,2022-07-06 23:58:59.351720,71.92171,72.03897,31.19731,146.47909545898438,-1.0238774459411983,0,0,True,1,True,32.79377474929347,True,612849.7044684915,222407.3294684915,True,True,Continue,0,0.0541968638306618
B6,194,0.0012601321795955,0.004916489124298,0.001850145868957,0.1375828130213049,614866.625,1974195.5,15494.1591796875,12815929.0,285.0,960.0,110.0,167.9995574951172,285.0,3694572.0,36.94572,2022-07-06 23:59:43.768420,71.92171,72.03897,31.19731,117.00044250488281,-0.09133449005549393,2,3,False,3,True,39.772622513048574,True,211527.5847049344,403339.0402950656,True,True,Escalate_Human,4,4.939619700639343
B6,195,0.0012213911395519,0.0075624585151672,0.0016225576400756,0.0574139946611986,344885.9375,1196432.0,13591.193359375,12815929.0,285.0,960.0,110.0,127.2061004638672,285.0,4838494.0,48.38494,2022-07-07 00:00:20.714140,23.4139,23.39542,21.98734,157.7938995361328,-0.4359677059261904,1,1,False,2,True,30.115080602241285,True,388142.9100953373,43256.97259533731,True,True,Escalate_Human,4,2.205534394990117
B6,196,0.0013599431840702,0.0050609111785888,0.0020291684195399,0.2237110969130792,778000.4375,2284927.5,15910.6630859375,12815929.0,285.0,960.0,110.0,183.52462768554688,285.0,3380778.0,33.80778,2022-07-07 00:01:09.099080,23.4139,23.39542,21.98734,101.47537231445312,0.33430802542418336,3,4,True,1,False,43.448065266464695,False,72600.68950116076,705399.7479988392,False,False,Escalate_Human,4,4.889756708446934
B6,197,0.0009802995482459,0.004132330417633,0.0013349293731153,0.0105054386562955,392608.28125,1200302.625,15382.3193359375,12815929.0,285.0,960.0,110.0,131.0390625,285.0,4696645.0,46.96645,2022-07-07 00:01:42.906860,23.4139,23.39542,21.98734,153.9609375,-0.9451767706460694,0,0,True,1,True,31.022505326704543,True,611351.1147127367,218742.8334627367,True,True,Continue,0,-0.023410752768300735
B6,198,0.0012307947035878,0.0045070648193359,0.001816865755245,0.1248927724172203,648435.1875,2051665.25,19587.0703125,12815929.0,285.0,960.0,110.0,163.21115112304688,285.0,3803535.0,38.03535,2022-07-07 00:02:29.873310,23.4139,23.39542,21.98734,121.78884887695312,-0.08869429387155625,2,3,False,3,True,38.639003580266774,True,237353.95604744134,411081.23145255866,True,True,Escalate_Human,4,5.028747379655328
B6,199,0.0012263118987903,0.0048569440841674,0.0016244882717728,0.0596007432106952,329734.15625,1168117.25,15612.3896484375,12815929.0,285.0,960.0,110.0,144.70834350585938,285.0,4261132.0,42.61132,2022-07-07 00:03:07.908660,23.4139,23.39542,21.98734,140.29165649414062,-0.632182652645898,0,1,False,2,True,34.25860404968262,True,386644.6817067871,56910.52545678709,True,True,Monitor,1,2.072402737098547
B6,200,0.0013925575185567,0.0050123929977416,0.0020862817764282,0.2506986722328521,739574.5625,2207675.0,15701.8193359375,12815929.0,285.0,960.0,110.0,155.7089080810547,285.0,3987397.0,39.87397,2022-07-07 00:03:50.519980,23.4139,23.39542,21.98734,129.2910919189453,0.7702948443959821,4,4,True,1,True,36.862904375249684,True,28279.003091702703,711295.5594082973,False,False,Pause_Build,5,4.85645066343335
B6,201,0.0010133604519069,0.0047311186790466,0.0013747513294219,0.0117646333037212,406976.875,1331978.125,14615.6884765625,12815929.0,285.0,960.0,110.0,138.8340606689453,285.0,4431869.0,44.31869,2022-07-07 00:04:30.393950,23.4139,23.39542,21.98734,146.1659393310547,-0.9375372767102557,0,0,False,2,True,32.86791209018592,True,580448.0763379459,173471.20133794588,True,True,Monitor,1,1.1481637379090333
B6,202,0.0012222484219819,0.0060091614723205,0.0017995536327362,0.1185686688052744,622874.875,1957682.75,12594.4755859375,12815929.0,285.0,960.0,110.0,171.98060607910156,285.0,3608894.0,36.08894,2022-07-07 00:05:14.712640,23.4139,23.39542,21.98734,113.01939392089844,-0.26093602875347754,1,3,False,2,False,40.7151056058479,True,250788.68492212123,372086.19007787877,True,True,Escalate_Human,4,4.369293179576785
B6,203,0.0012462922604754,0.0068472027778625,0.0016533136367797,0.066822236958997,338475.90625,1188488.0,12597.5712890625,12815929.0,285.0,960.0,110.0,128.62281799316406,285.0,4785290.0,47.8529,2022-07-07 00:05:50.801580,23.4139,23.39542,21.98734,156.37718200683594,-0.3896156492525396,1,1,False,2,True,30.450477744593762,True,364275.32963083335,25799.423380833352,True,True,Escalate_Human,4,2.370831483133073
B6,204,0.0013703748118132,0.0050190687179565,0.0020288228988647,0.2317629530387378,816314.5625,2365951.25,19773.853515625,12815929.0,285.0,960.0,110.0,184.3870391845703,285.0,3365035.0,33.65035,2022-07-07 00:06:38.654480,23.4139,23.39542,21.98734,100.61296081542969,0.38132374284840054,3,4,True,1,False,43.65223465543804,False,72868.82395951753,743445.7385404825,False,False,Escalate_Human,4,5.0274284176312865
B6,205,0.0009871895890682,0.0034995675086975,0.0013431310653686,0.0098808234019501,383011.03125,1194373.625,16627.119140625,12815929.0,285.0,960.0,110.0,133.56475830078125,285.0,4607625.0,46.07625,2022-07-07 00:07:12.304830,23.4139,23.39542,21.98734,151.43524169921875,-0.9689189200762561,0,0,True,1,True,31.620444673480407,True,604986.3543154694,221975.3230654694,True,True,Continue,0,-0.01918813244754558
B6,206,0.0012316628126427,0.0052930116653442,0.0018144608475267,0.1233164558464762,590209.1875,1896672.875,13756.01953125,12815929.0,285.0,960.0,110.0,162.82708740234375,285.0,3812638.0,38.12638,2022-07-07 00:07:58.381080,23.4139,23.39542,21.98734,122.17291259765625,-0.14870066547914887,2,3,False,2,True,38.54807940396395,True,239220.23692360544,350988.95057639456,True,True,Escalate_Human,4,4.302347837113816
B6,207,0.0012020233552902,0.0053687095642089,0.0016029477119445,0.0562783547673503,313865.625,1100428.0,12893.0185546875,12815929.0,285.0,960.0,110.0,149.05078125,285.0,4126593.0,41.26593,2022-07-07 00:08:36.507460,23.4139,23.39542,21.98734,135.94921875,-0.7396635189326046,0,0,False,2,True,35.28664328835227,True,403360.80539150164,89495.18039150164,True,True,Monitor,1,1.6423397079871545
B6,208,0.0014280278701335,0.0050615072250366,0.0021189716644585,0.2799571399611943,768022.75,2291301.5,13299.2265625,12815929.0,285.0,960.0,110.0,155.09829711914062,285.0,4003047.0,40.03047,2022-07-07 00:09:17.773390,23.4139,23.39542,21.98734,129.90170288085938,0.9426017832918696,4,4,True,1,True,36.718346855857156,True,2910.6646682955325,765112.0853317045,False,False,Pause_Build,5,5.089955994960045
B6,209,0.000983100850135,0.0036271810531616,0.0013386011123657,0.0078822388542158,371806.28125,1126161.25,15411.0927734375,12738525.0,285.0,960.0,110.0,136.9324188232422,285.0,4493550.0,44.9355,2022-07-07 00:09:57.803860,23.4139,23.39542,21.98734,148.0675811767578,-1.04300275475917,0,0,True,1,True,32.41771278959332,True,608501.7343838619,236695.45313386188,True,True,Continue,0,-0.31666553383344587
B6,210,0.0012497511925175,0.0054285526275634,0.0018334984779357,0.1322275023162676,578137.0625,1875115.125,18992.423828125,12815929.0,285.0,960.0,110.0,170.14308166503906,285.0,3647715.0,36.47715,2022-07-07 00:10:42.739360,23.4139,23.39542,21.98734,114.85691833496094,-0.187400226986348,2,3,False,2,True,40.280085621458106,True,224446.46190952114,353690.60059047886,True,True,Escalate_Human,4,4.302689329588851
B6,211,0.0012139549944549,0.0048126578330993,0.0016172255855053,0.0564918909818739,322047.34375,1103457.5,13836.2568359375,12815929.0,285.0,960.0,110.0,126.11946105957033,285.0,4880278.0,48.80278,2022-07-07 00:11:19.216510,23.4139,23.39542,21.98734,158.8805389404297,-0.4664739905130111,1,0,False,2,True,29.8578269553907,True,392280.74515632214,70233.40140632214,True,True,Escalate_Human,4,1.7798786217168714
B6,212,0.0014144984306767,0.004940390586853,0.0020688772201538,0.254689129186827,726026.4375,2212871.0,12821.89453125,12815929.0,285.0,960.0,110.0,177.9961700439453,285.0,3486170.0,34.8617,2022-07-07 00:12:08.019290,23.4139,23.39542,21.98734,107.00382995605469,0.5183430317261444,3,4,True,1,False,42.13924480207039,True,41785.463354551466,684240.9741454485,True,True,Reduce_Scan_Speed,3,4.8923863145328355
B6,213,0.0009885374456644,0.0030590295791625,0.0013476014137268,0.0086082768550929,386568.21875,1209515.5,18438.7109375,12815929.0,285.0,960.0,110.0,133.86968994140625,285.0,4597059.0,45.97059,2022-07-07 00:12:42.880990,23.4139,23.39542,21.98734,151.13031005859375,-0.9664042031958514,0,0,True,1,True,31.69263492931019,True,601517.2292479187,214949.0104979187,True,True,Continue,0,0.07462016834051921
B6,214,0.0012356139486655,0.0056350231170654,0.0018052873201668,0.1221597487338728,652631.875,2040436.875,17153.341796875,12815929.0,285.0,960.0,110.0,159.26651000976562,285.0,3897992.0,38.97992,2022-07-07 00:13:28.851580,23.4139,23.39542,21.98734,125.73348999023438,-0.07044326513173346,2,3,False,2,True,37.70513968034224,True,246339.17065585405,406292.70434414595,True,True,Escalate_Human,4,4.551979515114353
B6,215,0.0012187651591375,0.0042865872383117,0.0016326911281794,0.061227284042818,360896.3125,1291609.125,14699.15625,12815929.0,285.0,960.0,110.0,149.35829162597656,285.0,4127715.0,41.27715,2022-07-07 00:14:07.831500,23.4139,23.39542,21.98734,135.64170837402344,-0.624903945906781,0,1,False,2,True,35.35944404024066,True,380279.0178914701,19382.70539147011,True,True,Monitor,1,2.648412393736639
B6,216,0.0013649556785821,0.0050595998764038,0.0020374059677124,0.2277531735574607,725720.1875,2171132.25,20343.193359375,12815929.0,285.0,960.0,110.0,157.58682250976562,285.0,3939813.0,39.39813,2022-07-07 00:14:49.108650,23.4139,23.39542,21.98734,127.41317749023438,0.6052747299670708,3,4,False,2,True,37.30748638962254,True,66208.10382985417,659512.0836701458,True,True,Reduce_Scan_Speed,3,5.109858560553315
B6,217,0.0009568913374096,0.0049858689308166,0.0013062325306236,0.0084170277215677,405300.90625,1258607.125,15493.638671875,12815929.0,285.0,960.0,110.0,137.67648315429688,285.0,4469458.0,44.69458,2022-07-07 00:15:28.506780,23.4139,23.39542,21.98734,147.32351684570312,-1.0359162387717251,0,0,True,1,True,32.593864383119524,True,633620.7294430746,228319.82319307455,True,True,Continue,0,0.015130685686852718
B6,218,0.0012649738928303,0.0088462829589843,0.0018590092658996,0.1409714197214644,596937.625,1903655.125,14856.416015625,12815929.0,285.0,960.0,110.0,175.072509765625,285.0,3544802.0,35.44802,2022-07-07 00:16:13.201360,23.4139,23.39542,21.98734,109.927490234375,-0.1748968452528668,2,3,False,3,True,41.447090380119555,True,204649.32152420818,392288.3034757918,True,True,Escalate_Human,4,4.780439819702495
B6,219,0.0011817462509498,0.0045639276504516,0.0015625888481736,0.0420324571084579,305017.65625,1027423.375,18229.259765625,12815929.0,285.0,960.0,110.0,127.92623901367188,285.0,4811267.0,48.11267,2022-07-07 00:16:48.649380,23.4139,23.39542,21.98734,157.07376098632812,-0.6221487731573229,0,0,False,2,True,30.28556794831247,True,434680.5001416153,129662.84389161528,True,True,Monitor,1,1.0878796000819126
B6,220,0.0013129744911566,0.0051169991493225,0.0019734501838684,0.1919736448038334,788978.125,2294379.25,12800.81640625,12815929.0,285.0,960.0,110.0,178.90347290039062,285.0,3468777.0,34.68777,2022-07-07 00:17:36.762050,23.4139,23.39542,21.98734,106.09652709960938,0.22117736402026622,3,4,False,2,True,42.35404187982732,False,115839.71979577793,673138.4052042221,True,False,Escalate_Human,4,5.200003498765922
B6,221,0.0009516929276287,0.0040040612220764,0.0012986361980438,0.0089637215328649,371434.375,1110346.125,16516.40625,12815929.0,285.0,960.0,110.0,136.63267517089844,285.0,4503955.0,45.03955,2022-07-07 00:18:11.449820,23.4139,23.39542,21.98734,148.36732482910156,-1.0843831902924235,0,0,True,1,True,32.34675075068618,True,639515.7124874492,268081.3374874492,True,True,Continue,0,-0.6485477099308725
B6,222,0.0011962522985413,0.0061613917350769,0.0017733082640916,0.1071437050402412,657126.25,2040253.375,14081.50390625,12815929.0,285.0,960.0,110.0,159.23829650878906,285.0,3898805.0,38.98805,2022-07-07 00:18:56.489370,23.4139,23.39542,21.98734,125.76170349121094,-0.1557640039702183,2,3,False,2,True,37.698460347724684,True,271155.88205678784,385970.36794321216,True,True,Escalate_Human,4,4.484403291848342
B6,223,0.0011759311892092,0.0044502913951873,0.0015678345225751,0.0458342981231968,290991.0625,975100.25,16268.744140625,12815929.0,285.0,960.0,110.0,151.37017822265625,285.0,4059152.0,40.59152,2022-07-07 00:19:35.477420,23.4139,23.39542,21.98734,133.62982177734375,-0.8843784483129925,0,0,True,1,True,35.83574295043945,True,430609.6986952196,139618.6361952196,True,True,Continue,0,0.49538684642230146
B6,224,0.001397912739776,0.0050610303878784,0.0020713806152343,0.2485533638297252,754403.1875,2245770.75,13050.3828125,12815929.0,285.0,960.0,110.0,157.4217529296875,285.0,3943856.0,39.43856,2022-07-07 00:20:16.068940,23.4139,23.39542,21.98734,127.5782470703125,0.7417500983555123,4,4,True,1,True,37.268407417066165,True,39842.75331679452,714560.4341832055,False,False,Pause_Build,5,4.908415894278344
B6,225,0.0009731259779073,0.0038320422172546,0.0013209581375122,0.0071154694656251,372840.28125,1113107.375,14730.599609375,12815929.0,285.0,960.0,110.0,136.20826721191406,285.0,4517843.0,45.17843,2022-07-07 00:20:55.507500,23.4139,23.39542,21.98734,148.79173278808594,-1.061127794207151,0,0,True,1,True,32.24627538160844,True,622193.2146503101,249352.9334003101,True,True,Continue,0,-0.47929759528877147
B6,226,0.0012273201718926,0.0065300464630126,0.0017967224121093,0.1171951657293287,586185.6875,1879660.875,13095.4814453125,12815929.0,285.0,960.0,110.0,173.60667419433594,285.0,3574663.0,35.74663,2022-07-07 00:21:40.685930,23.4139,23.39542,21.98734,111.39332580566406,-0.31517948040226695,1,2,False,2,False,41.1000649134318,True,252985.79746493464,333199.89003506536,True,True,Escalate_Human,4,4.23092034664554
B6,227,0.001224091858603,0.0043303370475769,0.0016182793769985,0.0562917237651022,278397.25,923088.375,15060.4599609375,12815929.0,285.0,960.0,110.0,125.903564453125,285.0,4888668.0,48.88668,2022-07-07 00:22:16.432560,23.4139,23.39542,21.98734,159.096435546875,-0.5291754999716812,1,0,False,2,True,29.80671506939512,True,391462.9711950768,113065.72119507683,True,True,Escalate_Human,4,1.0356223413474126
B6,228,0.0013565757544711,0.005060076713562,0.0020065307617187,0.2142803142646126,743661.75,2240651.0,19851.37890625,12737481.0,285.0,960.0,110.0,173.44432067871094,285.0,3578096.0,35.78096,2022-07-07 00:23:05.319240,23.4139,23.39542,21.98734,111.55567932128906,0.37432970628767565,3,4,False,2,True,41.06162894855846,True,90168.1942961968,653493.5557038032,True,True,Reduce_Scan_Speed,3,5.230145591732048
B6,229,0.000927475921344,0.0041770339012146,0.0012693137396126,0.0080201777982095,387303.625,1166487.125,13423.4248046875,12737481.0,285.0,960.0,110.0,136.33847045898438,285.0,4513390.0,45.1339,2022-07-07 00:23:41.100200,23.4139,23.39542,21.98734,148.66152954101562,-1.0952412899229982,0,0,True,1,True,32.2771000139641,True,662270.8240436435,274967.19904364354,True,True,Continue,0,-0.6106337576587619
B6,230,0.0011796283069998,0.0051229894161224,0.0017566457390785,0.1010703944557839,671293.625,2069702.625,22839.81640625,12737481.0,285.0,960.0,110.0,156.1699676513672,285.0,3975442.0,39.75442,2022-07-07 00:24:26.234100,23.4139,23.39542,21.98734,128.8300323486328,-0.14938334222119692,2,3,False,2,True,36.97205673564564,True,284086.50369516783,387207.12130483217,True,True,Escalate_Human,4,4.506982563811444
B6,231,0.001208767062053,0.0047259926795959,0.0016109999269247,0.0541908506521874,327203.15625,1154405.5,15452.8095703125,12737481.0,285.0,960.0,110.0,152.29322814941406,285.0,4049425.0,40.49425,2022-07-07 00:25:05.988520,23.4139,23.39542,21.98734,132.70677185058594,-0.7548070207431306,0,1,False,2,True,36.05426802779689,True,397112.0438635817,69908.88761358173,True,True,Monitor,1,1.9241924985415373
B6,232,0.0013530141441151,0.0050588846206665,0.0020205676555633,0.2225505506435301,817762.75,2375985.0,20147.8671875,12737481.0,285.0,960.0,110.0,160.58045959472656,285.0,3866213.0,38.66213,2022-07-07 00:25:46.482770,23.4139,23.39542,21.98734,124.41954040527344,0.6104940072150422,3,4,True,1,False,38.016207290418215,True,79275.14158420265,738487.6084157974,False,False,Escalate_Human,4,5.042601444115518
B6,233,0.0009567658416926,0.003107726573944,0.0013097175396978,0.008853233476134,383710.0,1149845.25,12827.013671875,12737481.0,285.0,960.0,110.0,135.7910614013672,285.0,4531905.0,45.31905,2022-07-07 00:26:25.144900,23.4139,23.39542,21.98734,149.2089385986328,-1.0491714028438335,0,0,True,1,True,32.14750506661155,True,630916.2573591993,247206.25735919934,True,True,Continue,0,-0.39755748077964226
B6,234,0.0012519244337454,0.005791425704956,0.0018476292025297,0.138659391127314,660239.375,2064376.5,21368.654296875,12737481.0,285.0,960.0,110.0,179.38827514648438,285.0,3459292.0,34.59292,2022-07-07 00:27:10.463950,23.4139,23.39542,21.98734,105.61172485351562,-0.18475582838540705,2,3,False,3,True,42.468815138845734,False,213480.59370782226,446758.78129217774,True,False,Pause_Build,5,5.080025656066467
B6,235,0.001197925186716,0.0048587322235107,0.0015843957662582,0.0474562663471972,303871.625,1022486.3125,14469.09375,12737481.0,285.0,960.0,110.0,128.0304412841797,285.0,4807316.0,48.07316,2022-07-07 00:27:45.056870,23.4139,23.39542,21.98734,156.9695587158203,-0.5832455445052233,0,0,False,2,True,30.310237046444055,True,417757.67442165874,113886.04942165874,True,True,Monitor,1,1.2190990141021616
B6,236,0.0013403452467173,0.0050638914108276,0.0019959565252065,0.2069783315401612,765965.0625,2261339.75,14296.197265625,12737481.0,285.0,960.0,110.0,174.68252563476562,285.0,3552889.0,35.52889,2022-07-07 00:28:33.130030,23.4139,23.39542,21.98734,110.31747436523438,0.33172442280708775,3,4,False,2,True,41.35476459156383,True,98374.12054966111,667590.9419503389,True,True,Reduce_Scan_Speed,3,5.205315039595506
B6,237,0.0009388775215484,0.0034281387925148,0.0012865103781223,0.0082713962564319,366151.9375,1055997.5,13499.443359375,12737481.0,285.0,960.0,110.0,137.88926696777344,285.0,4462454.0,44.62454,2022-07-07 00:29:08.658920,23.4139,23.39542,21.98734,147.11073303222656,-1.1334908715319403,0,0,True,1,True,32.64423933896151,True,648925.7142330895,282773.7767330895,True,True,Continue,0,-0.9322327964337966
B6,238,0.0011926100123673,0.0059593319892883,0.0017646492924541,0.1040510427805889,626040.6875,1964005.5,17805.349609375,12737481.0,285.0,960.0,110.0,156.53741455078125,285.0,3966211.0,39.66211,2022-07-07 00:29:53.283460,23.4139,23.39542,21.98734,128.46258544921875,-0.17314775283554124,2,2,False,2,True,37.05904700539329,True,277875.5050391359,348165.1824608641,True,True,Escalate_Human,4,4.3232708864384195
B6,239,0.001246249070391,0.0065887868404388,0.0016484856605529,0.0653683584332634,310190.3125,1080793.125,12171.451171875,12737481.0,285.0,960.0,110.0,147.60198974609375,285.0,4176651.0,41.76651,2022-07-07 00:30:32.945570,23.4139,23.39542,21.98734,137.39801025390625,-0.6508591766218734,0,1,False,2,True,34.94365287549568,True,368021.9847037445,57831.67220374453,True,True,Monitor,1,1.8808544199437953
B6,240,0.0013402173062786,0.00479257106781,0.0019925832748413,0.2094998664607452,812208.5,2384601.5,13627.1787109375,12737481.0,285.0,960.0,110.0,160.81625366210938,285.0,3860414.0,38.60414,2022-07-07 00:31:14.712080,23.4139,23.39542,21.98734,124.18374633789062,0.5364187258747466,3,4,True,1,False,38.07202974955241,True,100991.86450681277,711216.6354931872,False,False,Escalate_Human,4,5.045386664347893
B6,241,0.0009395752567797,0.0031235814094543,0.0012901425361633,0.0057228691312659,465122.09375,1477955.625,15602.5498046875,12737481.0,285.0,960.0,110.0,133.1136932373047,285.0,4623169.0,46.23169,2022-07-07 00:31:53.316220,23.4139,23.39542,21.98734,151.8863067626953,-0.9316465682289381,0,0,True,1,True,31.513658436861903,True,646107.0501157336,180984.95636573364,True,True,Continue,0,0.8404584126598693
B6,242,0.0011854632757604,0.0053034424781799,0.0017692446708679,0.1057972559891945,687719.9375,2094079.875,22332.095703125,12737481.0,285.0,960.0,110.0,178.42474365234375,285.0,3477678.0,34.77678,2022-07-07 00:32:39.547910,23.4139,23.39542,21.98734,106.57525634765625,-0.35943539697972904,1,3,False,2,False,42.24070635708895,True,274309.3528798858,413410.5846201142,True,True,Escalate_Human,4,4.551993557456834
B6,243,0.0011884000850841,0.0091624855995178,0.001583537319675,0.049397778820585,345994.78125,1230451.5,12753.9609375,12737481.0,285.0,960.0,110.0,126.30406188964844,285.0,4873128.0,48.73128,2022-07-07 00:33:14.324690,23.4139,23.39542,21.98734,158.69593811035156,-0.48265130923585114,1,1,False,2,True,29.901529803420555,True,418423.8548448174,72429.07359481743,True,True,Escalate_Human,4,2.051458152640042
B6,244,0.0013494852464646,0.0050538778305053,0.0019966959953308,0.2124389918346265,802466.4375,2368692.75,13462.0263671875,12737481.0,285.0,960.0,110.0,170.6122589111328,285.0,3637839.0,36.37839,2022-07-07 00:34:03.055970,23.4139,23.39542,21.98734,114.38774108886719,0.43568629711559964,3,4,True,1,False,40.39115978009773,True,97800.26944469986,704666.1680553001,False,False,Escalate_Human,4,5.032507777301179
B6,245,0.0009671906591393,0.004534900188446,0.0013155341148376,0.0081261002157042,410622.875,1304434.25,15758.11328125,12737481.0,285.0,960.0,110.0,137.2565460205078,285.0,4482885.0,44.82885,2022-07-07 00:34:39.434360,23.4139,23.39542,21.98734,147.7434539794922,-1.005632753496979,0,0,True,1,True,32.49444744803689,True,626402.4197322594,215779.54473225935,True,True,Continue,0,0.25090554695348066
B6,246,0.0012148243840783,0.005661129951477,0.001797616481781,0.1174065869147836,694492.75,2137265.5,20140.478515625,12737481.0,285.0,960.0,110.0,154.03907775878906,285.0,4030572.0,40.30572,2022-07-07 00:35:24.263210,23.4139,23.39542,21.98734,130.96092224121094,-0.001337017844268068,2,3,False,3,True,36.46758469668301,True,252291.9724513779,442200.7775486221,True,True,Escalate_Human,4,5.1245814011275215
B6,247,0.0011890350142493,0.0048029422760009,0.0015712794847786,0.0458349740916449,318409.71875,1087642.625,14567.248046875,12737481.0,285.0,960.0,110.0,148.01893615722656,285.0,4155595.0,41.55595,2022-07-07 00:36:04.568930,23.4139,23.39542,21.98734,136.98106384277344,-0.802366437613602,0,0,False,2,True,35.04236177964644,True,427936.3041900678,109526.5854400678,True,True,Monitor,1,1.3951680819313554
B6,248,0.0013653880450874,0.0050598382949829,0.0020197629928588,0.2207638138094264,738787.0625,2234445.25,20171.119140625,12737481.0,285.0,960.0,110.0,164.50743103027344,285.0,3773660.0,37.7366,2022-07-07 00:36:46.124880,23.4139,23.39542,21.98734,120.49256896972656,0.5082176663059825,3,4,False,2,True,38.94588802800034,True,79899.58409638028,658887.4784036197,True,True,Reduce_Scan_Speed,3,5.247543891395703
B6,249,0.0009422209695912,0.0048760771751403,0.0012871786020696,0.0060796124945662,377457.40625,1114432.875,15559.474609375,12815929.0,285.0,960.0,110.0,132.84295654296875,285.0,4632777.0,46.32777,2022-07-07 00:37:23.861480,23.4139,23.39542,21.98734,152.15704345703125,-1.0626845837132195,0,0,True,1,True,31.449563575513434,True,648407.1523089244,270949.74605892436,True,True,Continue,0,-0.6938543390288081
B6,250,0.0012160440674051,0.0053911209106445,0.0017984614241868,0.1167175499689929,651276.0625,2042878.625,14429.1923828125,12815929.0,285.0,960.0,110.0,185.12689208984372,285.0,3351360.0,33.5136,2022-07-07 00:38:10.189250,23.4139,23.39542,21.98734,99.87310791015628,-0.3843016152536759,1,3,False,3,False,43.827389225815274,False,251636.27167691337,399639.79082308663,True,False,Pause_Build,5,4.960039866770653
B6,251,0.0011883213883265,0.0037090182304382,0.0015765964053571,0.0464535120408355,323166.625,1134776.625,16011.1552734375,12815929.0,285.0,960.0,110.0,128.91818237304688,285.0,4774201.0,47.74201,2022-07-07 00:38:43.702850,23.4139,23.39542,21.98734,156.08181762695312,-0.564113097870115,0,0,False,2,True,30.520403023922082,True,423810.213562876,100643.58856287599,True,True,Monitor,1,1.6056492512627516
B6,252,0.0013285441091284,0.0061242580413818,0.0019820928573608,0.1994259292480946,806504.3125,2338242.75,20531.263671875,12815929.0,285.0,960.0,110.0,171.70474243164062,285.0,3614852.0,36.14852,2022-07-07 00:39:31.444860,23.4139,23.39542,21.98734,113.29525756835938,0.3522651114989663,3,4,False,2,True,40.64979697718765,True,109132.74466527277,697371.5678347272,True,True,Reduce_Scan_Speed,3,5.299821976492425
B6,253,0.0009433274972252,0.0032211542129516,0.0012962408363819,0.0079266858903753,437253.6875,1363529.25,17447.84765625,12815929.0,285.0,960.0,110.0,139.26869201660156,285.0,4417996.0,44.17996,2022-07-07 00:40:07.593380,23.4139,23.39542,21.98734,145.73130798339844,-1.0279164651262818,0,0,True,1,True,32.97080776908181,True,641374.5853361175,204120.89783611754,True,True,Continue,0,0.4054463086037088
B6,254,0.0012128860689699,0.0056604743003845,0.001792226685211,0.1147228444783375,603913.875,1893249.75,12298.3720703125,12815929.0,285.0,960.0,110.0,154.8925323486328,285.0,4008424.0,40.08424,2022-07-07 00:40:51.773340,23.4139,23.39542,21.98734,130.1074676513672,-0.11449875235627452,2,2,False,2,True,36.66963360526345,True,256474.61704454222,347439.2579554578,True,True,Escalate_Human,4,4.207957004369979
B6,255,0.0011911217588931,0.0045863091945648,0.0015824437141418,0.0464608804623643,327315.34375,1133664.0,15714.48828125,12815929.0,285.0,960.0,110.0,143.564697265625,285.0,4284833.0,42.84833,2022-07-07 00:41:31.857580,23.4139,23.39542,21.98734,141.435302734375,-0.7218267036352355,0,0,False,2,True,33.9878544662938,True,419272.5257011452,91957.18195114518,True,True,Monitor,1,1.6568779136458236
B6,256,0.001335204928182,0.0050611495971679,0.0020144581794738,0.2154124200725209,810793.125,2339803.75,19315.037109375,12815929.0,285.0,960.0,110.0,164.90621948242188,285.0,3764439.0,37.64439,2022-07-07 00:42:14.705910,23.4139,23.39542,21.98734,120.09378051757812,0.518066194618534,3,4,True,1,False,39.040298172921844,True,84016.27917649061,726776.8458235094,False,False,Escalate_Human,4,4.936133493433921
B6,257,0.0009378049871884,0.0075101256370544,0.0012847930192947,0.0081503618266689,421989.78125,1319599.125,15177.880859375,12815929.0,285.0,960.0,110.0,130.42398071289062,285.0,4718770.0,47.1877,2022-07-07 00:42:52.350300,23.4139,23.39542,21.98734,154.57601928710938,-0.9565608322917254,0,0,True,1,True,30.876889373316907,True,650258.4364465337,228268.65519653365,True,True,Continue,0,0.12684886096361803
B6,258,0.0012166602537035,0.0052419900894165,0.0017955303192138,0.115642471476972,597408.4375,1916663.125,12107.314453125,12815929.0,285.0,960.0,110.0,184.28485107421875,285.0,3366319.0,33.66319,2022-07-07 00:43:39.538000,23.4139,23.39542,21.98734,100.71514892578125,-0.42758023508200615,1,3,False,2,False,43.628042394464664,False,253910.89748293255,343497.54001706745,True,False,Pause_Build,5,4.313727370110275
B6,259,0.0012165592052042,0.005811333656311,0.0016066548414528,0.0522824128992575,304836.78125,1000118.875,13644.349609375,12815929.0,285.0,960.0,110.0,127.56575012207033,285.0,4824799.0,48.24799,2022-07-07 00:44:13.201190,23.4139,23.39542,21.98734,157.4342498779297,-0.5458869625032459,1,0,False,2,True,30.200224934202254,True,400483.96115579247,95647.17990579247,True,True,Escalate_Human,4,1.30261969176247
B6,260,0.0013813764089718,0.0050623416900634,0.0020606196485459,0.2432154438000488,790585.25,2330178.75,21551.701171875,12815929.0,285.0,960.0,110.0,169.77810668945312,285.0,3656030.0,36.5603,2022-07-07 00:45:01.449180,23.4139,23.39542,21.98734,115.22189331054688,0.6046553013208888,3,4,True,1,False,40.19368056095008,True,48193.58781525842,742391.6621847416,False,False,Escalate_Human,4,5.047938496298365
B6,261,0.0009718594956211,0.0036125779151916,0.0013266801834106,0.0108601460072442,357694.6875,1064726.375,16229.2568359375,12815929.0,285.0,960.0,110.0,139.06939697265625,285.0,4424043.0,44.24043,2022-07-07 00:45:38.009480,23.4139,23.39542,21.98734,145.93060302734375,-1.0917327384408455,0,0,True,1,True,32.923626177238695,True,617752.7345639196,260058.0470639196,True,True,Continue,0,-0.6529439124605294
B6,262,0.0012614500010386,0.004659354686737,0.0018618106842041,0.1442206357806741,670013.8125,2099138.75,22099.603515625,12815929.0,285.0,960.0,110.0,152.94039916992188,285.0,4059641.0,40.59641,2022-07-07 00:46:22.249910,23.4139,23.39542,21.98734,132.05960083007812,0.15744878267757711,2,3,False,3,True,36.20748086409135,True,202475.33648185479,467538.4760181452,True,True,Escalate_Human,4,5.185105242442962
B6,263,0.0012281793169677,0.0050501525402069,0.0016367435455322,0.0596853127134415,314413.15625,1072908.625,17675.619140625,12815929.0,285.0,960.0,110.0,144.5305938720703,285.0,4256279.0,42.56279,2022-07-07 00:47:02.846320,23.4139,23.39542,21.98734,140.4694061279297,-0.6514213740374339,0,0,False,2,True,34.21652317047119,True,377134.21988104447,62721.06363104447,True,True,Monitor,1,1.7874622950480168
B6,264,0.0013559565413743,0.0049937963485717,0.0020224452018737,0.2196770083198321,807863.25,2357253.75,22871.40625,12815929.0,285.0,960.0,110.0,169.0393524169922,285.0,3672297.0,36.72297,2022-07-07 00:47:45.409110,23.4139,23.39542,21.98734,115.96064758300781,0.5013795400882426,3,4,True,1,False,40.01878608356822,True,77818.10905586532,730045.1409441347,False,False,Escalate_Human,4,5.017255643824666
B6,265,0.0009349547908641,0.002959668636322,0.0012923926115036,0.0077558184087903,459343.28125,1453730.875,14271.1943359375,12815929.0,285.0,960.0,110.0,130.35475158691406,285.0,4721413.0,47.21413,2022-07-07 00:48:22.132080,23.4139,23.39542,21.98734,154.64524841308594,-0.9002735840481847,0,0,True,1,True,30.86049990220503,True,644360.9238317283,185017.6425817283,True,True,Continue,0,0.7554487455213539
B6,266,0.0012133105192333,0.0053057670593261,0.0017928835004568,0.1148990423103151,666318.1875,2068225.875,12487.5029296875,12815929.0,285.0,960.0,110.0,191.97476196289065,285.0,3248269.0,32.48269,2022-07-07 00:49:09.346210,23.4139,23.39542,21.98734,93.02523803710935,-0.4637537689843699,1,3,False,3,False,45.44857054045706,False,255964.9086166129,410353.2788833871,True,False,Pause_Build,5,4.983781029520834
B6,267,0.0012157512828707,0.005067229270935,0.0016140402294695,0.0553032343747063,299761.78125,1010266.0,16500.384765625,12815929.0,285.0,960.0,110.0,130.53744506835938,285.0,4714864.0,47.14864,2022-07-07 00:49:41.828900,23.4139,23.39542,21.98734,154.46255493164062,-0.5571574521511978,0,0,False,2,True,30.903751199895684,True,394752.67745050206,94990.89620050206,True,True,Monitor,1,1.3703291914580489
B6,268,0.0013864523498341,0.0050010681152343,0.0020509958267211,0.2416604677111906,789459.5,2340326.75,14960.8349609375,12815929.0,285.0,960.0,110.0,169.882080078125,285.0,3653933.0,36.53933,2022-07-07 00:50:28.977540,23.4139,23.39542,21.98734,115.117919921875,0.5915795719544935,3,4,True,1,False,40.21829547304095,True,55661.96362467692,733797.5363753231,False,False,Escalate_Human,4,5.070149226912188
B6,269,0.0009415869135409,0.0049541592597961,0.001298040151596,0.0071154119823537,421039.34375,1311571.5,16784.38671875,12815929.0,285.0,960.0,110.0,141.56373596191406,285.0,4345885.0,43.45885,2022-07-07 00:51:05.516870,23.4139,23.39542,21.98734,143.43626403808594,-1.073288122757615,0,0,True,1,True,33.51414203643799,True,639978.262496487,218938.918746487,True,True,Continue,0,0.18892178830336137
B6,270,0.0011922175763174,0.0046757459640502,0.0017588412156328,0.1020257739312378,633216.625,2003680.75,17511.255859375,12815929.0,285.0,960.0,110.0,154.33470153808594,285.0,4022990.0,40.2299,2022-07-07 00:51:48.975720,23.4139,23.39542,21.98734,130.66529846191406,-0.14726496041915993,2,2,False,2,True,36.537571386857465,True,282382.7477147707,350833.8772852293,True,True,Escalate_Human,4,4.421487295675307
B6,271,0.0012079939479008,0.0045216083526611,0.0016030073165893,0.0535191305493016,305120.5,1071737.875,9989.140625,12815929.0,285.0,960.0,110.0,140.5172882080078,285.0,4378176.0,43.78176,2022-07-07 00:52:29.205620,23.4139,23.39542,21.98734,144.4827117919922,-0.6641682332535085,0,0,False,2,True,33.26640345833518,True,403314.55039058253,98194.05039058253,True,True,Monitor,1,1.5170015742297385
B6,272,0.0013571681920439,0.0050599575042724,0.0020321365445852,0.222215789016588,758065.875,2233137.75,20830.912109375,12815929.0,285.0,960.0,110.0,169.1273956298828,285.0,3670271.0,36.70271,2022-07-07 00:53:12.987380,23.4139,23.39542,21.98734,115.87260437011719,0.47433118206218416,3,4,False,2,True,40.03962964722604,True,70297.33500320767,687768.5399967923,True,True,Reduce_Scan_Speed,3,5.196743610072732
B6,273,0.000936543860007,0.0031797885894775,0.0012955679558217,0.008017113095238,407551.125,1266417.25,14056.2998046875,12815929.0,285.0,960.0,110.0,128.2049560546875,285.0,4800752.0,48.00752,2022-07-07 00:53:49.690090,23.4139,23.39542,21.98734,156.7950439453125,-0.9400543412955846,0,0,True,1,True,30.351552096280184,True,641896.7609322488,234345.63593224878,True,True,Continue,0,-0.025236420643712787
B6,274,0.0012156970333307,0.0054376125335693,0.0017922488041222,0.1142276129280677,575040.0,1840583.625,14954.0458984375,12815929.0,285.0,960.0,110.0,188.6421661376953,285.0,3296469.0,32.96469,2022-07-07 00:54:37.697610,23.4139,23.39542,21.98734,96.35783386230469,-0.5122441934694034,1,2,False,3,True,44.65960372578014,False,256457.45210276078,318582.5478972392,True,False,Pause_Build,5,4.538051174098561
B6,275,0.0012056234991177,0.0048988461494445,0.0016049146652221,0.0526098617701671,332342.96875,1201692.75,13801.025390625,12815929.0,285.0,960.0,110.0,129.45054626464844,285.0,4754363.0,47.54363,2022-07-07 00:55:10.662300,23.4139,23.39542,21.98734,155.54945373535156,-0.4944152122355914,1,1,False,2,True,30.646436142198965,True,401834.3903617854,69491.42161178542,True,True,Escalate_Human,4,2.0572231125382356
B6,276,0.0013309934874996,0.0050617456436157,0.0020033121109008,0.2080091546339584,758518.125,2227210.75,19860.248046875,12815929.0,285.0,960.0,110.0,168.29031372070312,285.0,3688593.0,36.88593,2022-07-07 00:55:58.205930,23.4139,23.39542,21.98734,116.70968627929688,0.40209749698365665,3,4,False,2,True,39.84145684675737,True,92665.96434483049,665852.1606551695,True,True,Reduce_Scan_Speed,3,5.129013664239819
B6,277,0.001000756281428,0.0035308003425598,0.0013690292835235,0.0103063411250263,377392.34375,1166021.125,13510.796875,12815929.0,285.0,960.0,110.0,141.72647094726562,285.0,4340637.0,43.40637,2022-07-07 00:56:35.091860,23.4139,23.39542,21.98734,143.27352905273438,-1.041260532479336,0,0,True,1,True,33.55266831137917,True,584888.5564243365,207496.2126743365,True,True,Continue,0,0.04701811230227637
B6,278,0.0012129686074331,0.0044094622135162,0.0017911060713231,0.1140628706998813,658465.125,2055834.0,13354.5625,12815929.0,285.0,960.0,110.0,152.99188232421875,285.0,4058204.0,40.58204,2022-07-07 00:57:18.498230,23.4139,23.39542,21.98734,132.00811767578125,-0.03763877866435328,2,3,False,2,True,36.21966911084724,True,257344.24719818076,401120.87780181924,True,True,Escalate_Human,4,4.560395947278512
B6,279,0.0012161495396867,0.0049070119857788,0.0016227331943809,0.0582914510039256,328920.5,1134207.25,14928.642578125,12815929.0,285.0,960.0,110.0,141.75567626953125,285.0,4340146.0,43.40146,2022-07-07 00:57:59.080270,23.4139,23.39542,21.98734,143.24432373046875,-0.6178874328233167,0,1,False,2,True,33.55958245017312,True,388006.67466301005,59086.17466301005,True,True,Monitor,1,1.9443481011144943
B6,280,0.0013371674576774,0.0055110454559326,0.0020132064819335,0.2134757194503037,771702.25,2281379.75,13755.5068359375,12815929.0,285.0,960.0,110.0,171.49493408203125,285.0,3619386.0,36.19386,2022-07-07 00:58:42.481730,23.4139,23.39542,21.98734,113.50506591796875,0.4152786292739448,3,4,True,1,False,40.60012643987482,True,84987.63419540809,686714.6158045919,True,True,Reduce_Scan_Speed,3,4.873907829809861
B6,281,0.0009589974652044,0.0032204389572143,0.0013134301407262,0.0085826279189294,376496.0,1136449.0,14701.146484375,12815929.0,285.0,960.0,110.0,128.43295288085938,285.0,4792303.0,47.92303,2022-07-07 00:59:18.675590,23.4139,23.39542,21.98734,156.56704711914062,-0.96882253345991,0,0,True,1,True,30.40552861762769,True,628035.1670589743,251539.16705897427,True,True,Continue,0,-0.4412381432012151
B6,282,0.0011962347198277,0.0052122473716735,0.0017696707509458,0.1057536226732544,678105.6875,2108508.5,10982.009765625,12815929.0,285.0,960.0,110.0,188.3701629638672,285.0,3293401.0,32.93401,2022-07-07 01:00:06.598620,23.4139,23.39542,21.98734,96.62983703613281,-0.46496118731254743,1,3,False,2,False,44.595209035006434,False,273978.70189687796,404126.98560312204,True,False,Pause_Build,5,4.633878470258285
B6,283,0.0011933685746043,0.0042824745178222,0.0015824119327589,0.0486875184161196,318791.09375,1139502.875,13845.18359375,12815929.0,285.0,960.0,110.0,132.80404663085938,285.0,4634184.0,46.34184,2022-07-07 01:00:39.532630,23.4139,23.39542,21.98734,152.19595336914062,-0.5919343236847597,0,0,False,2,True,31.4403519485936,True,419297.18901220406,100506.09526220406,True,True,Monitor,1,1.6467789828151518
B6,284,0.0013789903605356,0.0050607919692993,0.0020657554268836,0.240463474559653,776245.0625,2299854.75,12686.98828125,12815929.0,285.0,960.0,110.0,165.2001190185547,285.0,3757764.0,37.57764,2022-07-07 01:01:25.874470,23.4139,23.39542,21.98734,119.79988098144531,0.6408260339066383,4,4,True,1,True,39.10987666158965,True,44208.06902676867,732036.9934732313,False,False,Pause_Build,5,5.004477334588028
B6,285,0.0009621804929338,0.0058110952377319,0.0013062357902526,0.0100607133507037,334228.21875,939069.5,13393.1357421875,12815929.0,285.0,960.0,110.0,144.66571044921875,285.0,4252161.0,42.52161,2022-07-07 01:02:03.452110,23.4139,23.39542,21.98734,140.33428955078125,-1.2244757768841867,0,0,True,1,True,34.24851099650065,True,633618.1998727216,299389.98112272157,True,True,Continue,0,-1.2947953611028207
B6,286,0.0011980417184531,0.0047529339790344,0.0017751543782651,0.1077814883236227,650738.0,2047356.5,12320.3759765625,12815929.0,285.0,960.0,110.0,154.7952117919922,285.0,4010905.0,40.10905,2022-07-07 01:02:45.973720,23.4139,23.39542,21.98734,130.2047882080078,-0.09940444725660502,2,3,False,2,True,36.64659370075572,True,269723.2418140869,381014.7581859131,True,True,Escalate_Human,4,4.533047520349892
B6,287,0.0012303701369091,0.0055205821990966,0.0016386790666729,0.0635974905583819,352489.6875,1272758.375,11456.1474609375,12815929.0,285.0,960.0,110.0,138.23130798339844,285.0,4451035.0,44.51035,2022-07-07 01:03:26.082770,23.4139,23.39542,21.98734,146.76869201660156,-0.492972549091674,1,1,False,2,True,32.72521495819092,True,375632.19713696465,23142.50963696465,True,True,Escalate_Human,4,2.5982622584256925
B6,288,0.0014108080649748,0.0058861374855041,0.0020966529846191,0.2637740845957754,696006.3125,2119165.0,21089.91015625,12815929.0,285.0,960.0,110.0,170.36524963378906,285.0,3643294.0,36.43294,2022-07-07 01:04:10.593120,23.4139,23.39542,21.98734,114.63475036621094,0.6302845940299335,4,4,True,1,True,40.332682204969,True,20230.632935081376,675775.6795649186,True,True,Pause_Build,5,4.728051228712132
B6,289,0.0009795331861823,0.0034996271133422,0.0013259053230285,0.0088437971371883,365034.40625,1115948.625,16943.416015625,12815929.0,285.0,960.0,110.0,126.7035140991211,285.0,4857792.0,48.57792,2022-07-07 01:04:47.026060,23.4139,23.39542,21.98734,158.2964859008789,-0.9427399250116592,0,0,True,1,True,29.996097087860107,True,618354.0495756378,253319.6433256378,True,True,Continue,0,-0.4622983584126321
B6,290,0.0012429686030372,0.0054908394813537,0.0018320083618164,0.132282486544035,637870.375,1973848.5,12191.2939453125,12815929.0,285.0,960.0,110.0,182.98887634277344,285.0,3390381.0,33.90381,2022-07-07 01:05:35.603980,23.4139,23.39542,21.98734,102.01112365722656,-0.29638822837689044,1,3,False,2,False,43.32123019478538,False,225602.83693196042,412267.5380680396,True,False,Pause_Build,5,4.423825775813645
B6,291,0.0011924925493076,0.0046327710151672,0.0015832097269594,0.0478338672539793,331638.6875,1188713.75,13615.2578125,12815929.0,285.0,960.0,110.0,131.90481567382812,285.0,4665615.0,46.65615,2022-07-07 01:06:09.507790,23.4139,23.39542,21.98734,153.09518432617188,-0.5660770461709492,0,1,False,2,True,31.227465831872188,True,418678.07666615513,87039.38916615513,True,True,Monitor,1,1.8606139134873196
B6,292,0.0013411019463092,0.0066052377223968,0.0020163683220744,0.2120566559189313,821239.125,2393305.0,12882.21875,12815929.0,285.0,960.0,110.0,164.1726531982422,285.0,3781380.0,37.8138,2022-07-07 01:06:56.163940,23.4139,23.39542,21.98734,120.82734680175781,0.5362533107982347,3,4,True,1,False,38.86663191246264,True,82533.95094446768,738705.1740555323,False,False,Escalate_Human,4,5.081614732671063
B6,293,0.0009466869523748,0.0033913850784301,0.0013080239295959,0.0084932427387441,406840.15625,1251879.875,15456.5263671875,12815929.0,285.0,960.0,110.0,145.38174438476562,285.0,4241275.0,42.41275,2022-07-07 01:07:33.977740,23.4139,23.39542,21.98734,139.61825561523438,-1.1222431222227036,0,0,True,1,True,34.41802660624186,True,632230.5498456857,225390.39359568572,True,True,Continue,0,0.01045742750612666
B6,294,0.0011864503612741,0.0066319108009338,0.0017609596252441,0.1027981542830099,654509.9375,2054795.875,13426.0205078125,12815929.0,285.0,960.0,110.0,154.14007568359375,285.0,4027974.0,40.27974,2022-07-07 01:08:16.390490,23.4139,23.39542,21.98734,130.85992431640625,-0.12160701451600214,2,3,False,2,True,36.491495190244734,True,280738.79800503026,373771.13949496974,True,True,Escalate_Human,4,4.522008171967197
B6,295,0.0012192680733278,0.0042852759361267,0.0016319216229021,0.0606438949244979,396591.5,1389160.5,16024.3623046875,12815929.0,285.0,960.0,110.0,139.855224609375,285.0,4399497.0,43.99497,2022-07-07 01:08:56.670230,23.4139,23.39542,21.98734,145.144775390625,-0.48613457618317074,1,1,False,2,True,33.10966491699219,True,380876.17718045413,15715.322819545865,True,True,Escalate_Human,4,2.982963242847826
B6,296,0.0013559989165514,0.0052511096000671,0.0020381323993206,0.2285016963234785,760258.5625,2242543.5,19299.482421875,12815929.0,285.0,960.0,110.0,173.4088897705078,285.0,3579180.0,35.7918,2022-07-07 01:09:40.665200,23.4139,23.39542,21.98734,111.59111022949219,0.457858361831614,3,4,True,1,False,41.05324094945734,True,65644.37100638333,694614.1914936167,True,True,Reduce_Scan_Speed,3,4.823963568427777
B6,297,0.0009685942204669,0.0041488409042358,0.001321256160736,0.0082440536977551,394271.78125,1247343.375,15138.2900390625,12815929.0,285.0,960.0,110.0,127.198974609375,285.0,4838911.0,48.38911,2022-07-07 01:10:16.457000,23.4139,23.39542,21.98734,157.801025390625,-0.9075386504626775,0,0,True,1,True,30.113393610174004,True,621961.9396458688,227690.15839586884,True,True,Continue,0,0.044072063178329124
B6,298,0.0012124758213758,0.0059080123901367,0.0017958460375666,0.1156086943558245,628575.25,2002870.0,19875.220703125,12815929.0,285.0,960.0,110.0,182.2002410888672,285.0,3405565.0,34.05565,2022-07-07 01:11:04.846110,23.4139,23.39542,21.98734,102.79975891113281,-0.3727459574097972,1,3,False,2,False,43.134526772932574,False,253665.8905250351,374909.3594749649,True,False,Pause_Build,5,4.494347423362381
B6,299,0.0012336333747953,0.0050614476203918,0.0016353175742551,0.0602334162338923,328771.8125,1182189.75,12515.3271484375,12737481.0,285.0,960.0,110.0,135.61912536621094,285.0,4537655.0,45.37655,2022-07-07 01:11:38.901760,23.4139,23.39542,21.98734,149.38087463378906,-0.5118231318528619,1,1,False,2,True,32.10680051283403,True,378240.8165725353,49469.00407253532,True,True,Escalate_Human,4,2.1913018152103967
B6,300,0.0012259313371032,0.0163577049970626,0.0017510126344859,0.0995833596363865,975777.9375,2572019.5,8237.87109375,12737481.0,285.0,960.0,110.0,161.06910705566406,285.0,3854342.0,38.54342,2022-07-07 01:12:24.278310,23.4139,23.39542,21.98734,123.93089294433594,-0.032646586311181336,2,3,False,2,False,38.131890874920465,True,288457.96264746133,687319.9748525387,True,True,Escalate_Human,4,5.124402057365881
B6,301,0.0006781846168451,0.0048189461231231,0.0012288689613342,0.0159460883551956,1726716.875,3313750.75,18900.443359375,12737481.0,285.0,960.0,110.0,159.75213623046875,285.0,1721126.0,17.21126,2022-07-07 01:13:02.821730,23.4139,23.39542,21.98734,125.24786376953125,-0.5923987316339533,0,1,True,1,False,37.82010800910718,True,693657.1910411421,1033059.6839588579,False,False,Monitor,1,3.765182650403593
B6,302,0.0016863007331267,0.0880750566720962,0.0016699491534382,0.0784922261058213,876887.3125,2344465.0,1396.154052734375,12737481.0,285.0,960.0,110.0,74.32270812988281,285.0,3653101.0,36.53101,2022-07-07 01:13:20.032990,23.4139,23.39542,21.98734,210.6772918701172,0.6946848698236769,4,4,False,2,True,17.59533809893059,False,351365.6672896866,525521.6452103134,True,False,Pause_Build,5,4.575662424189309
B6,303,0.0009864133317023,0.0300185680389404,0.0014219564618542,0.0313810995804813,1565423.125,3128060.0,2813.783935546875,12737481.0,285.0,960.0,110.0,131.9506072998047,285.0,2097122.0,20.97122,2022-07-07 01:13:56.564000,23.4139,23.39542,21.98734,153.0493927001953,-0.09031379824959498,2,2,False,3,True,31.23830665241588,True,543815.47075195,1021607.65424805,False,False,Pause_Build,5,4.8247552075058655
B6,304,0.0011348719708621,0.0050593763589859,0.0017962238052859,0.1146199197190165,872579.25,2438326.25,24056.3046875,12737481.0,285.0,960.0,110.0,83.69573974609375,285.0,3241200.0,32.412,2022-07-07 01:14:17.535220,23.4139,23.39542,21.98734,201.30426025390625,0.8826798188372416,4,4,False,2,True,19.814332326253254,False,253372.73138849228,619206.5186115077,True,False,Pause_Build,5,5.106740065552137
B6,305,0.0008867078577168,0.0421764552593231,0.0012206584215164,0.0134836776533669,2200258.25,3785381.0,1959.8475341796875,12737481.0,285.0,960.0,110.0,111.21749877929688,285.0,2462965.0,24.62965,2022-07-07 01:14:49.947220,23.4139,23.39542,21.98734,173.78250122070312,0.10386771622566665,2,1,False,2,True,26.3299002791896,True,700028.8174151373,1500229.4325848627,False,False,Pause_Build,5,4.100429928674706
B6,306,0.0010202610865235,0.0039900690317153,0.0016782224411144,0.0719785244402489,1110048.5,2792494.75,16101.4853515625,12737481.0,285.0,960.0,110.0,85.2975845336914,285.0,3179364.0,31.79364,2022-07-07 01:15:14.576870,23.4139,23.39542,21.98734,199.7024154663086,0.7214758417782731,4,3,False,2,True,20.193556944529213,False,344945.34668627824,765103.1533137218,False,False,Pause_Build,5,5.280011860154326
B6,307,0.0008040875545702,0.0037418901920318,0.0014721184270456,0.0316996587030716,1485127.875,3071695.25,16196.08203125,12737481.0,285.0,960.0,110.0,127.7756118774414,285.0,2166131.0,21.66131,2022-07-07 01:15:46.370510,23.4139,23.39542,21.98734,157.2243881225586,-0.009505730142261776,2,2,False,3,True,30.249908114924573,True,504888.2738224552,980239.6011775448,False,False,Pause_Build,5,4.994023424143684
B6,308,0.0011169334175065,0.0033332258462905,0.0017584904562681,0.1020693078522011,1072299.5,2787222.0,23153.61328125,12737481.0,285.0,960.0,110.0,76.97714233398438,285.0,3526744.0,35.26744,2022-07-07 01:16:08.031820,23.4139,23.39542,21.98734,208.02285766601562,1.0012449039164442,4,4,False,2,True,18.223755287401602,False,282654.94755408005,789644.55244592,False,False,Pause_Build,5,5.52162884007476
B6,309,0.0011678962036967,0.0627251267433166,0.0012655383907258,0.020149965916837,1634897.0,3083282.75,2703.469970703125,12737481.0,285.0,960.0,110.0,163.80633544921875,285.0,1687753.0,16.87753,2022-07-07 01:16:43.299260,23.4139,23.39542,21.98734,121.19366455078125,-0.667880937518929,0,1,False,2,False,38.7799089605158,True,665200.6085732816,969696.3914267184,False,False,Adjust_Parameters,2,3.7782082529452237
B6,310,0.0017097503878176,0.055024579167366,0.0017572316573932,0.1013622033192552,803923.375,2205110.75,2130.5361328125,12737481.0,285.0,960.0,110.0,74.30266571044922,285.0,3653896.0,36.53896,2022-07-07 01:17:00.176790,23.4139,23.39542,21.98734,210.69733428955078,0.8157883582584797,4,2,False,3,False,17.590593207966197,False,283631.8134226897,520291.5615773103,True,False,Pause_Build,5,4.909035123642093
B6,311,0.0013675517402589,0.0759381651878357,0.0014897818909958,0.0359842169612092,1436613.0,3015777.5,1431.2503662109375,12737481.0,285.0,960.0,110.0,136.18087768554688,285.0,2032120.0,20.3212,2022-07-07 01:17:36.715750,23.4139,23.39542,21.98734,148.81912231445312,-0.09016723537246106,2,3,False,3,True,32.23979111873742,True,491180.89339940203,945432.106600598,False,False,Pause_Build,5,5.00305175909
B7,1,0.0009770600590854,0.0027387738227844,0.0018773498013615,0.1803006600785989,1600439.75,3043158.5,60386.4140625,12737481.0,285.0,960.0,110.0,126.55828857421876,285.0,3809918.0,38.09918,2022-09-21 16:50:12.000000,73.55544,71.96154,27.6052,158.44171142578125,0.9353230813904387,4,3,False,3,True,29.96171604503285,True,102006.18626270979,1498433.5637372902,False,False,Pause_Build,5,5.197291715000615
B7,2,0.0012996788136661,0.0031382739543914,0.0021323561668395,0.3155732544229679,904983.0,2067343.5,42723.78125,12737481.0,285.0,960.0,110.0,119.7758331298828,285.0,4057264.0,40.57264,2022-09-21 16:50:50.099180,74.99874,74.60203,26.46434,165.2241668701172,1.3919502172270954,4,4,False,2,True,28.356021100824524,True,-109147.72255855892,1014130.7225585589,False,False,Pause_Build,5,4.105653268107533
B7,3,0.0009320977842435,0.0029767751693725,0.0017074281349778,0.091779663329059,2091095.625,3699239.25,45112.38671875,12737481.0,285.0,960.0,110.0,143.9500274658203,285.0,3364081.0,33.64081,2022-09-21 16:51:30.671820,72.99736,71.90401,27.70411,141.0499725341797,0.4949523833739633,3,3,False,3,True,34.079078472021855,True,242707.08203480905,1848388.542965191,False,False,Escalate_Human,4,5.5889828489212725
B7,4,0.0012332566548138,0.0043948292732238,0.0019641956314444,0.2362921311795105,1101131.625,2582055.0,29766.4609375,12737481.0,285.0,960.0,110.0,110.01229095458984,285.0,4423949.0,44.23949,2022-09-21 16:52:04.312630,74.83419,74.84583,26.73601,174.98770904541016,1.2370024806799018,4,4,False,2,True,26.044576457052518,True,30094.89709760039,1071036.7279023996,False,False,Pause_Build,5,4.686905253777136
B7,5,0.0009722403483465,0.0029458403587341,0.0015851794742047,0.0438134354883298,1397759.0,3013730.25,33426.23046875,12737481.0,285.0,960.0,110.0,138.6705322265625,285.0,3475388.0,34.75388,2022-09-21 16:52:48.552120,72.67804,71.48463,26.9423,146.3294677734375,0.009976734512225291,2,2,False,3,True,32.82919797030362,True,343933.1142635315,1053825.8857364685,False,False,Pause_Build,5,4.924331894851271
B7,6,0.0011444789124652,0.0035291314125061,0.0017947196029126,0.133475076777699,1013774.125,2465039.25,26733.017578125,12737481.0,285.0,960.0,110.0,118.9525375366211,285.0,4085127.0,40.85127,2022-09-21 16:53:23.306000,76.35485,74.73647,26.24223,166.0474624633789,0.5615764899270625,3,3,False,3,True,28.161112106207643,True,170426.78963258,843347.33536742,False,False,Escalate_Human,4,4.680043110874102
B7,7,0.0010127567220479,0.0033226013183593,0.0016185045242309,0.0553789338471419,1189424.125,2701826.5,27074.060546875,12737481.0,285.0,960.0,110.0,124.4859390258789,285.0,3892418.0,38.92418,2022-09-21 16:54:04.157270,72.56114,72.0769,26.42404,160.5140609741211,0.13023189027839094,2,2,False,3,True,29.471102989081178,True,316338.8439734294,873085.2810265706,False,False,Pause_Build,5,4.600820520575315
B7,8,0.0012749410234391,0.0050339102745056,0.0019413232803344,0.2193293171652403,872382.25,2250557.0,20665.142578125,12737481.0,285.0,960.0,110.0,131.36087036132812,285.0,3700619.0,37.00619,2022-09-21 16:54:43.081450,75.89854,74.30589,27.11128,153.63912963867188,0.7955835627965,4,3,False,2,True,31.098690899935633,True,49033.97860545246,823348.2713945475,False,False,Pause_Build,5,4.243094010927586
B7,9,0.0009848398622125,0.0032449960708618,0.0015329122543334,0.0296261343624398,1014877.3125,2389076.5,31828.083984375,12737481.0,285.0,960.0,110.0,126.56250762939452,285.0,3809677.0,38.09677,2022-09-21 16:55:20.087640,72.43836,73.32112,26.5204,158.43749237060547,-0.18621696645842073,2,1,False,2,True,29.96271487438317,True,387212.142841341,627665.169658659,True,True,Escalate_Human,4,3.53169702954975
B7,10,0.0011513347271829,0.0035221576690673,0.001800492987968,0.1346570579045507,878583.375,2225821.75,19904.869140625,12737481.0,285.0,960.0,110.0,117.0952606201172,285.0,4150351.0,41.50351,2022-09-21 16:55:58.184410,75.6845,74.32522,27.19193,167.9047393798828,0.5055921283664059,3,2,False,3,True,27.72141586650502,True,165646.2312363498,712937.1437636502,False,False,Escalate_Human,4,4.348977050035769
B7,11,0.0010153050534427,0.003726303577423,0.001610517501831,0.0555872152661315,1163884.375,2660175.0,30079.013671875,12737481.0,285.0,960.0,110.0,142.92340087890625,285.0,3387929.0,33.87929,2022-09-21 16:56:39.687920,76.96617,76.37412,26.62809,142.07659912109375,-0.09864162713626584,2,2,False,2,True,33.836032405044094,True,322952.3690766974,840932.0059233026,False,False,Pause_Build,5,4.0779543204474065
B7,12,0.0012557755690068,0.0037761926651,0.0019089116249233,0.2057168424856734,908315.0,2355527.0,16269.2744140625,12737481.0,285.0,960.0,110.0,111.12809753417967,285.0,4379561.0,43.79561,2022-09-21 16:57:13.567210,75.02311,73.6627,27.05959,173.8719024658203,0.9784777970859803,4,4,False,2,True,26.308735211690262,True,75871.92721349304,832443.072786507,False,False,Pause_Build,5,4.372657495855097
B7,13,0.0009504952467978,0.0028610229492187,0.0014700500760227,0.0204759826793326,963215.4375,2267153.25,25145.236328125,12737481.0,285.0,960.0,110.0,138.8363494873047,285.0,3471464.0,34.71464,2022-09-21 16:57:57.362820,77.41156,76.097,26.45615,146.1636505126953,-0.4660768622732249,1,1,False,2,True,32.868453950592965,True,439264.1559055757,523951.2815944243,True,True,Escalate_Human,4,3.2039238618542503
B7,14,0.001137827290222,0.004651591181755,0.0017803311347961,0.1236018605279374,962793.875,2366196.25,18969.3046875,12737481.0,285.0,960.0,110.0,120.70040130615234,285.0,4044983.0,40.44983,2022-09-21 16:58:32.077460,74.5473,73.34596,26.66066,164.29959869384766,0.4569592318583454,3,3,False,3,True,28.574905612251975,True,182340.92863477394,780452.9463652261,False,False,Escalate_Human,4,4.501832353553376
B7,15,0.001019328716211,0.0033668465912342,0.0015791654586791,0.0451279600547105,971666.4375,2364656.25,19042.431640625,12737481.0,285.0,960.0,110.0,125.2935028076172,285.0,3867471.0,38.67471,2022-09-21 16:59:12.527290,77.46167,75.94438,26.60492,159.7064971923828,-0.07844178522840554,2,2,False,2,True,29.662287596500285,True,348912.922840317,622753.514659683,True,True,Escalate_Human,4,3.6398347564564677
B7,16,0.0013146927813068,0.0044642090797424,0.0019947467371821,0.2556751339810901,840134.6875,2225365.75,16216.8798828125,12737481.0,285.0,960.0,110.0,130.93373107910156,285.0,3727086.0,37.27086,2022-09-21 16:59:51.202000,73.95192,73.70534,26.69154,154.06626892089844,0.972703903714738,4,4,False,2,True,30.99756891077215,True,4797.546644269023,835337.140855731,False,False,Pause_Build,5,4.3434271789326075
B7,17,0.0009318990050815,0.0029371976852416,0.0014373480807989,0.018321076872185,974683.9375,2297903.75,24452.720703125,12737481.0,285.0,960.0,110.0,129.3593292236328,285.0,3727175.0,37.27175,2022-09-21 17:00:28.472860,77.14307,75.69069,28.32928,155.6406707763672,-0.3913617100439832,1,1,False,2,True,30.624841198776707,True,466342.5157136391,508341.4217863609,True,True,Escalate_Human,4,3.1950914158452974
B7,18,0.0011550138005986,0.0045092552900314,0.0018102570902556,0.1368395070134822,917881.875,2306447.75,15633.654296875,12737481.0,285.0,960.0,110.0,116.99629974365234,285.0,4173928.0,41.73928,2022-09-21 17:01:05.744610,73.55215,74.879,26.63106,168.00370025634766,0.5539008108447923,3,3,False,3,True,27.697987628705572,True,157561.22378842672,760320.6512115733,False,False,Escalate_Human,4,4.494648502391791
B7,19,0.0009937128052115,0.0035526752471923,0.0015391111373901,0.0370187358451719,1070664.25,2547754.75,26636.52734375,12737481.0,285.0,960.0,110.0,147.57049560546875,285.0,3291416.0,32.91416,2022-09-21 17:01:47.483890,76.38389,74.9058,27.83436,137.42950439453125,-0.33124219053403586,1,1,False,2,True,34.93619687629468,True,382079.2576865149,688584.9923134851,False,False,Pause_Build,5,3.832113678153968
B7,20,0.0012734895572066,0.004495084285736,0.0019409894011914,0.2214290040930055,830232.8125,2155244.75,16322.169921875,12737481.0,285.0,960.0,110.0,109.92550659179688,285.0,4443135.0,44.43135,2022-09-21 17:02:20.398050,76.02911,76.4332,26.76398,175.07449340820312,1.0071770002476195,4,3,False,3,True,26.024030916618578,True,49310.44184583565,780922.3706541643,False,False,Pause_Build,5,4.536242046605108
B7,21,0.0009402612922713,0.0032741427421569,0.0014398572966456,0.0190188640293153,915229.125,2239907.75,23763.310546875,12737481.0,285.0,960.0,110.0,136.06930541992188,285.0,3542295.0,35.42295,2022-09-21 17:03:04.829400,75.80586,74.51303,26.89436,148.93069458007812,-0.48231082551054366,1,1,False,2,True,32.21337723009514,True,464264.79999421467,450964.32500578533,True,True,Escalate_Human,4,3.1652677183099733
B7,22,0.0011652047978714,0.0046381950378417,0.0018415644299238,0.1485421857113999,987794.875,2402365.25,14625.3388671875,12737481.0,285.0,960.0,110.0,119.65296173095705,285.0,4080172.0,40.80172,2022-09-21 17:03:40.252350,78.38145,77.42305,26.94721,165.34703826904297,0.6325966763497055,4,3,False,3,True,28.326932227972783,True,131637.68602361786,856157.1889763821,False,False,Pause_Build,5,4.664282696303634
B7,23,0.0010051586432382,0.004005491733551,0.0015608160756528,0.0447158151131884,1076429.0,2550495.25,22568.193359375,12737481.0,285.0,960.0,110.0,122.14159393310548,285.0,3967288.0,39.67288,2022-09-21 17:04:21.054070,75.35768,74.1322,27.04883,162.85840606689453,0.0032924086686110243,2,2,False,2,True,28.91609704855717,True,364106.8335617187,712322.1664382813,False,False,Pause_Build,5,3.870568798803431
B7,24,0.0012846143217757,0.0047301650047302,0.001980674220249,0.2453315162545175,908437.75,2336579.75,14745.2001953125,12737481.0,285.0,960.0,110.0,126.53963470458984,285.0,3856604.0,38.56604,2022-09-21 17:05:00.726950,78.2466,76.83242,27.77951,158.46036529541016,1.0117524010358936,4,4,False,2,True,29.957299882715397,True,16450.067363929003,891987.682636071,False,False,Pause_Build,5,4.465352037441931
B7,25,0.0006954554119147,0.0031914412975311,0.0012836426030844,0.0072666679813058,1666605.0,3191197.0,20702.712890625,12737481.0,285.0,960.0,110.0,129.68992614746094,285.0,3717533.0,37.17533,2022-09-21 17:05:39.292990,74.87841,76.38044,26.75688,155.31007385253906,-0.272408716309232,1,1,False,2,True,30.703107515970864,True,593615.8579528437,1072989.1420471563,False,False,Pause_Build,5,3.8360623598251333
B7,26,0.0008613819954916,0.0047369599342346,0.0016232130583375,0.0690964999547797,1320100.375,2786820.5,16584.30859375,12737481.0,285.0,960.0,110.0,109.0281982421875,285.0,4344431.0,43.44431,2022-09-21 17:06:16.468320,77.76451,76.20962,27.78056,175.9718017578125,0.3857592635785281,3,3,False,3,True,25.811599962639086,True,312440.01823406713,1007660.3567659329,False,False,Escalate_Human,4,4.582009915969273
B7,27,0.0007638350361958,0.0045802891254425,0.0014464184641838,0.0275492395911244,1579322.75,3162916.0,20108.93359375,12737481.0,285.0,960.0,110.0,138.6156005859375,285.0,3386793.0,33.86793,2022-09-21 17:06:59.912630,78.19514,77.62788,26.67236,146.3843994140625,-0.13907814732674986,2,2,False,3,True,32.816193320534445,True,458831.931016512,1120490.818983488,False,False,Pause_Build,5,4.692222109799092
B7,28,0.0009245308465324,0.0043088793754577,0.0017512335907667,0.1088012986354182,1404161.75,3000805.25,15900.181640625,12737481.0,285.0,960.0,110.0,106.13782501220705,285.0,4463234.0,44.63234,2022-09-21 17:07:33.780560,77.15708,75.75259,27.97572,178.86217498779297,0.7684879491500629,4,4,False,2,True,25.127325997208107,True,206434.68075500056,1197727.0692449994,False,False,Pause_Build,5,4.7522330875277286
B7,29,0.0007305628387257,0.0041695833206176,0.0013328447239473,0.013361801086586,1463776.125,2968997.75,21972.396484375,12737481.0,285.0,960.0,110.0,129.6367645263672,285.0,3604913.0,36.04913,2022-09-21 17:08:18.412900,79.07293,77.93077,26.50829,155.3632354736328,-0.2791519048028556,1,1,False,2,True,30.690521904916473,True,552874.8351825939,910901.2898174061,False,False,Pause_Build,5,3.7535317550935314
B7,30,0.0008530917111784,0.0046379566192626,0.0016326606273651,0.0704479065238559,1496587.125,3042733.5,17172.318359375,12737481.0,285.0,960.0,110.0,116.14643096923828,285.0,4076658.0,40.76658,2022-09-21 17:08:54.462030,76.39121,75.07019,26.99798,168.85356903076172,0.41398502923992,3,3,False,3,True,27.49678763476285,True,304617.1110478204,1191970.0139521796,False,False,Escalate_Human,4,4.908870178851691
B7,31,0.0007838697056286,0.0036317706108093,0.0014567284379154,0.0294854125822544,1507457.25,3081275.5,16538.47265625,12737481.0,285.0,960.0,110.0,117.7419891357422,285.0,3990775.0,39.90775,2022-09-21 17:09:35.228610,79.03454,77.57754,27.68818,167.2580108642578,0.08201815703758172,2,2,False,3,True,27.874523943120785,True,450294.92352185096,1057162.326478149,False,False,Pause_Build,5,4.641998342519388
B7,32,0.0009121544426307,0.0040997564792633,0.0017155034001916,0.095857692499875,1456841.25,3045477.0,19447.708984375,12737481.0,285.0,960.0,110.0,120.85233306884766,285.0,3917030.0,39.1703,2022-09-21 17:10:15.136360,75.29111,76.00442,26.77841,164.14766693115234,0.5379050222672813,3,4,False,2,True,28.61087430607189,True,236020.48889245302,1220820.761107547,False,False,Escalate_Human,4,4.697090743786871
B7,33,0.0007303871680051,0.0036166310310363,0.0013127475976943,0.0128043447307934,1328327.75,2783983.25,20635.828125,12737481.0,285.0,960.0,110.0,126.0350570678711,285.0,3708659.0,37.08659,2022-09-21 17:10:54.306660,78.17349,76.66713,28.01213,158.9649429321289,-0.32954026058254887,1,1,False,2,True,29.837844949780088,True,569515.9364995786,758811.8135004214,False,False,Pause_Build,5,3.5056705389571654
B7,34,0.0008746344246901,0.0046045035123825,0.0016566514968872,0.0785085437788923,1492953.5,3061304.25,15846.68359375,12737481.0,285.0,960.0,110.0,108.91907501220705,285.0,4348928.0,43.48928,2022-09-21 17:11:31.393250,77.57452,77.78889,26.76966,176.08092498779297,0.554675326230675,3,3,False,2,True,25.78576586463235,True,284751.8584055309,1208201.641594469,False,False,Escalate_Human,4,4.55624188335401
B7,35,0.0007874996517784,0.0038521885871887,0.0014559447299689,0.0322087542747396,1566264.5,3199231.5,16933.59765625,12737481.0,285.0,960.0,110.0,144.28688049316406,285.0,3263694.0,32.63694,2022-09-21 17:12:14.882530,77.32112,75.98597,27.36741,140.71311950683594,-0.1630909929697989,2,2,False,3,True,34.15882587432861,True,450943.8602492444,1115320.6397507556,False,False,Pause_Build,5,4.8234664364728514
B7,36,0.0009321580291725,0.0056349784135818,0.0017623886233195,0.1131622316906503,1372619.875,2935269.25,15176.08203125,12737481.0,285.0,960.0,110.0,105.80260467529295,285.0,4477357.0,44.77357,2022-09-21 17:12:47.519470,79.32856,78.74202,26.62535,179.19739532470703,0.7752592518186904,4,4,False,2,True,25.0479651219917,True,197197.93593046628,1175421.9390695337,False,False,Pause_Build,5,4.6701865490930725
B7,37,0.0007260060519911,0.0034360885620117,0.0013166960561648,0.0147394685742456,1363507.375,2803380.75,19842.25390625,12737481.0,285.0,960.0,110.0,127.64132690429688,285.0,3661459.0,36.61459,2022-09-21 17:13:32.293040,76.75921,75.50531,27.37012,157.35867309570312,-0.329587212269451,1,1,False,2,True,30.218117164843008,True,566246.4791340667,797260.8958659333,False,False,Pause_Build,5,3.4972660863450464
B7,38,0.0008779783966019,0.0046703368425369,0.0016478983452543,0.0779536171963592,1473017.75,3076989.75,16209.8369140625,12737481.0,285.0,960.0,110.0,115.39197540283205,285.0,4103083.0,41.03083,2022-09-21 17:14:08.907630,79.60113,78.28079,27.58942,169.60802459716797,0.47683487022551285,3,3,False,2,True,27.318175994988646,True,291999.76446594484,1181017.9855340552,False,False,Escalate_Human,4,4.613804975697692
B7,39,0.0007957018679007,0.0036227107048034,0.0014618337154388,0.0279181068864663,1568683.125,3192702.0,17545.59765625,12737481.0,285.0,960.0,110.0,115.31570434570312,285.0,4074814.0,40.74814,2022-09-21 17:14:49.938460,76.23507,76.62999,26.85988,169.68429565429688,0.14969872218101724,2,2,False,3,True,27.300119400024414,True,446067.5807939053,1122615.5442060947,False,False,Pause_Build,5,4.814508045671968
B7,40,0.000928571622353,0.0044138431549072,0.0017388113774359,0.1043663688058489,1462530.25,3082853.0,18270.236328125,12737481.0,285.0,960.0,110.0,117.23793029785156,285.0,4037969.0,40.37969,2022-09-21 17:15:30.686600,78.83004,77.31489,28.04662,167.76206970214844,0.6458833445154628,4,4,False,2,True,27.755191831877735,True,216720.69418879598,1245809.555811204,False,False,Pause_Build,5,4.823780184562561
B7,41,0.0007230932242237,0.0036803483963012,0.0013098358176648,0.0144481122136715,1478849.5,3000217.0,21194.6171875,12737481.0,285.0,960.0,110.0,126.465576171875,285.0,3695839.0,36.95839,2022-09-21 17:16:11.066290,78.56848,78.43309,26.9338,158.534423828125,-0.25324270734898546,1,1,False,2,True,29.93976708614465,True,571926.9889990101,906922.5110009899,False,False,Pause_Build,5,3.7581550854427523
B7,42,0.0008626480703242,0.0042905658483505,0.0016378946602344,0.0734945565051484,1444496.75,2984850.0,16754.392578125,12737481.0,285.0,960.0,110.0,106.93289184570312,285.0,4429849.0,44.29849,2022-09-21 17:16:48.024680,78.29351,76.92787,28.11478,178.06710815429688,0.511871135278352,3,3,False,3,True,25.315552046804715,True,300283.1545319506,1144213.5954680494,False,False,Escalate_Human,4,4.871287351590997
B7,43,0.0007863158825784,0.0039845705032348,0.001456188969314,0.0277345851058627,1486255.375,3076296.0,18304.22265625,12737481.0,285.0,960.0,110.0,145.80104064941406,285.0,3217204.0,32.17204,2022-09-21 17:17:32.323170,79.94256,78.92026,26.78183,139.19895935058594,-0.23973990379253038,1,2,False,3,True,34.51729182041053,True,450741.6217980231,1035513.7532019769,False,False,Pause_Build,5,4.667104333535263
B7,44,0.0009304965496994,0.0039947181940078,0.0017264038324356,0.0999226589054199,1310063.375,2843795.5,14973.2998046875,12737481.0,285.0,960.0,110.0,107.58728790283205,285.0,4402933.0,44.02933,2022-09-21 17:18:04.495210,77.96454,76.56067,28.23227,177.41271209716797,0.6383173446761099,4,4,False,2,True,25.4704753557841,True,226994.56174805574,1083068.8132519443,False,False,Pause_Build,5,4.489055237600614
B7,45,0.0007227889145724,0.0034388899803161,0.0013059435877949,0.0158627791589086,1327670.5,2781322.25,19691.251953125,12737481.0,285.0,960.0,110.0,128.78109741210938,285.0,3629305.0,36.29305,2022-09-21 17:18:48.524540,80.15455,78.639,27.22436,156.21890258789062,-0.3579712449193176,1,1,False,2,True,30.48794919794256,True,575149.8871785114,752520.6128214886,False,False,Pause_Build,5,3.4871133946316903
B7,46,0.0008978233672678,0.0050490200519561,0.0016724169254302,0.0822566578098695,1366206.75,2931808.0,18131.703125,12737481.0,285.0,960.0,110.0,118.1873550415039,285.0,3986115.0,39.86115,2022-09-21 17:19:24.817590,76.88114,76.05259,26.76442,166.8126449584961,0.43377016680615865,3,3,False,2,True,27.979960947325733,True,271697.5495263904,1094509.2004736096,False,False,Escalate_Human,4,4.498520964256775
B7,47,0.0007702581351622,0.0038816332817077,0.0014344945084303,0.0261565196548418,1593337.625,3186015.25,17178.20703125,12737481.0,285.0,960.0,110.0,118.20931243896484,285.0,3975143.0,39.75143,2022-09-21 17:20:04.678740,79.57395,78.07728,28.06343,166.79068756103516,0.07972078793464088,2,2,False,3,True,27.98515919483069,True,468705.3702980918,1124632.2547019082,False,False,Pause_Build,5,4.7003712660258685
B7,48,0.0009602275094948,0.0046344846487045,0.001748401671648,0.1081066934656533,1140527.125,2630067.0,15399.71875,12737481.0,285.0,960.0,110.0,118.81044006347656,285.0,3970442.0,39.70442,2022-09-21 17:20:44.430170,77.83889,78.35311,26.97354,166.18955993652344,0.4868109931428841,3,4,False,2,True,28.127471605936684,True,208779.60571504338,931747.5192849566,False,False,Escalate_Human,4,4.314207478220647
B7,49,0.0007002090569585,0.0032745003700256,0.0012662441004067,0.0095020272377586,1335291.375,2773694.0,17506.544921875,12737481.0,285.0,960.0,110.0,128.97715759277344,285.0,3623617.0,36.23617,2022-09-21 17:21:24.134590,79.03838,77.62323,28.18207,156.02284240722656,-0.4271123576667537,1,1,False,2,True,30.534364960410375,True,608022.4075350368,727268.9674649632,False,False,Pause_Build,5,3.3774833883113784
B7,50,0.0008855667547322,0.0052292495965957,0.0016288757324218,0.0717222942154831,1294903.375,2810359.0,14916.365234375,12737481.0,285.0,960.0,110.0,106.76057434082033,285.0,4415269.0,44.15269,2022-09-21 17:22:00.370760,79.91673,79.73276,26.85933,178.2394256591797,0.43467853165970277,3,3,False,3,True,25.274757182959355,True,307751.1322721832,987152.2427278168,False,False,Escalate_Human,4,4.696367734526809
B7,51,0.0007963115349411,0.0053120553493499,0.0014717757003381,0.0344077908927561,1529165.5,3155711.25,18737.22265625,12737481.0,285.0,960.0,110.0,143.87815856933594,285.0,3273423.0,32.73423,2022-09-21 17:22:44.523450,78.11595,76.80694,28.27335,141.12184143066406,-0.1499057806802475,2,2,False,3,True,34.06206405524051,True,437835.2805178154,1091330.2194821846,False,False,Pause_Build,5,4.814579671264777
B7,52,0.0009677779162302,0.0043755173683166,0.0017645887564867,0.1137374333466815,1229506.625,2788783.5,15007.998046875,12737481.0,285.0,960.0,110.0,107.5574722290039,285.0,4404140.0,44.0414,2022-09-21 17:23:17.257680,80.56068,79.49534,26.68274,177.4425277709961,0.7067409304115226,4,4,False,2,True,25.463416720881604,True,195376.1511396796,1034130.4738603204,False,False,Pause_Build,5,4.574048085166568
B7,53,0.0007134923362173,0.0035851597785949,0.0012775240465998,0.0113741541372714,1336515.0,2804679.0,19317.05859375,12737481.0,285.0,960.0,110.0,125.5097885131836,285.0,3724091.0,37.24091,2022-09-21 17:24:01.299080,77.6388,77.12728,26.83097,159.4902114868164,-0.3586686069764454,1,1,False,2,True,29.713491598765053,True,598682.2299849507,737832.7700150493,False,False,Pause_Build,5,3.4732074543129468
B7,54,0.0008828939753584,0.0050230622291564,0.0016477152239531,0.0776610417004705,1427066.25,2991811.25,17483.427734375,12737481.0,285.0,960.0,110.0,117.7735595703125,285.0,4019552.0,40.19552,2022-09-21 17:24:38.539990,80.34454,78.79025,27.82239,167.2264404296875,0.41808177381187955,3,3,False,3,True,27.881998004335344,True,292151.39510647533,1134914.8548935247,False,False,Escalate_Human,4,4.938991582292085
B7,55,0.0007988938014023,0.0041944980621337,0.0014612823724746,0.0333686225009161,1533709.625,3153551.5,17366.322265625,12737481.0,285.0,960.0,110.0,116.07280731201172,285.0,4048141.0,40.48141,2022-09-21 17:25:18.735510,78.09708,78.66637,26.8342,168.92719268798828,0.14508798087458788,2,2,False,3,True,27.47935779166944,True,446524.11144471355,1087185.5135552865,False,False,Pause_Build,5,4.780671895263708
B7,56,0.0009725510608404,0.0039921253919601,0.0017980142729356,0.1261390289972393,1270786.25,2826300.0,14778.884765625,12737481.0,285.0,960.0,110.0,115.8012924194336,285.0,4073903.0,40.73903,2022-09-21 17:25:59.216920,79.63774,78.24623,27.7108,169.1987075805664,0.7064669048701165,4,4,False,2,True,27.415078697782572,True,167698.69124833518,1103087.5587516648,False,False,Pause_Build,5,4.656323525139161
B7,57,0.0007144684204831,0.0033026933670043,0.0012795329093933,0.0126079973125334,1318782.5,2769838.5,19020.23046875,12737481.0,285.0,960.0,110.0,127.9330825805664,285.0,3653035.0,36.53035,2022-09-21 17:26:39.955950,80.62446,80.08438,26.86994,157.0669174194336,-0.392025303771571,1,1,False,2,True,30.287188110929545,True,597018.8235427702,721763.6764572298,False,False,Pause_Build,5,3.4237166236803476
B7,58,0.0009088777587749,0.0045195817947387,0.0016453531570732,0.0767385337440023,1210891.875,2730041.25,15502.55078125,12737481.0,285.0,960.0,110.0,105.0914306640625,285.0,4485510.0,44.8551,2022-09-21 17:27:16.486300,79.21262,77.81222,27.325,179.9085693359375,0.45890369724756613,3,3,False,3,True,24.879600062514797,True,294107.2664967964,916784.6085032036,False,False,Escalate_Human,4,4.68335270173859
B7,59,0.0007835532887838,0.0037675499916076,0.0014534055953845,0.0327301082564533,1574071.5,3209308.75,18107.857421875,12737481.0,285.0,960.0,110.0,144.22303771972656,285.0,3265027.0,32.65027,2022-09-21 17:28:01.341400,81.25881,79.7988,28.60371,140.77696228027344,-0.15964224873258068,2,2,False,3,True,34.14371158137466,True,453046.3496969659,1121025.150303034,False,False,Pause_Build,5,4.8291304940418724
B7,60,0.0009770418982952,0.0045669823884963,0.0017728543607518,0.1173279077653441,1175775.125,2691769.75,17405.5546875,12737481.0,285.0,960.0,110.0,110.46617889404295,285.0,4263676.0,42.63676,2022-09-21 17:28:33.991670,78.33872,77.31544,26.93341,174.53382110595703,0.6601182564407142,4,4,False,2,True,26.152030988173046,True,188531.95081521268,987243.1741847873,False,False,Pause_Build,5,4.449312909693521
B7,61,0.0007071964791975,0.0034132599830627,0.0012959465384483,0.0113856337031409,1461364.0,2978564.0,19827.5546875,12737481.0,285.0,960.0,110.0,125.20740509033205,285.0,3733169.0,37.33169,2022-09-21 17:29:16.628430,80.62164,79.16174,27.78398,159.79259490966797,-0.2723802771671294,1,1,False,2,True,29.641904614188455,True,583427.7826822447,877936.2173177553,False,False,Pause_Build,5,3.709690808111918
B7,62,0.0009144853684119,0.0047224164009094,0.0016752809751778,0.0851393837769859,1137589.625,2549316.25,16166.826171875,12737481.0,285.0,960.0,110.0,121.55535888671876,285.0,3872139.0,38.72139,2022-09-21 17:29:53.960120,78.20839,78.8146,27.30301,163.44464111328125,0.27007221970869366,3,3,False,3,True,28.777310342499707,True,269326.0193172102,868263.6056827898,False,False,Escalate_Human,4,4.4307209791577264
B7,63,0.0007854584255255,0.0032095313072204,0.0014566539321094,0.0320879920007272,1499201.125,3108122.25,16168.25390625,12737481.0,285.0,960.0,110.0,118.7160873413086,285.0,3958100.0,39.581,2022-09-21 17:30:32.681510,80.32443,78.87868,27.83968,166.2839126586914,0.0897277061426652,2,2,False,3,True,28.105134313756768,True,450356.6168530637,1048844.5081469363,False,False,Pause_Build,5,4.722668165075973
B7,64,0.0009609445696696,0.0049909055233001,0.0017723620403558,0.116225666718856,1277842.375,2812242.5,16451.48046875,12737481.0,285.0,960.0,110.0,116.94271850585938,285.0,4026222.0,40.26222,2022-09-21 17:31:12.262510,80.61947,80.523,26.61588,168.05728149414062,0.6272694650766698,4,4,False,2,True,27.685302676576555,True,188939.60878019314,1088902.7662198069,False,False,Pause_Build,5,4.559228827456029
B7,65,0.0007016907911747,0.0045649409294128,0.0012725233100354,0.0110757332156405,1356983.0,2787276.0,17918.107421875,12737481.0,285.0,960.0,110.0,130.0600128173828,285.0,3593107.0,35.93107,2022-09-21 17:31:52.524730,79.50232,78.15492,28.13748,154.9399871826172,-0.4221753316288165,1,1,False,2,True,30.790722731387977,True,602823.0092575748,754159.9907424252,False,False,Pause_Build,5,3.3837485529478464
B7,66,0.0009220135398209,0.0052706748247146,0.0016873196000233,0.0880988218196917,1135502.75,2563003.5,15212.912109375,12737481.0,285.0,960.0,110.0,105.69951629638672,285.0,4456449.0,44.56449,2022-09-21 17:32:28.455800,81.13595,80.32702,26.78615,179.30048370361328,0.4751231444682099,3,3,False,3,True,25.023559729258217,True,259357.6301430997,876145.1198569003,False,False,Escalate_Human,4,4.491467813095584
B7,67,0.0007848204113543,0.004524827003479,0.0014682649634778,0.0345684499757556,1541933.125,3106609.75,19916.673828125,12737481.0,285.0,960.0,110.0,138.44064331054688,285.0,3391397.0,33.91397,2022-09-21 17:33:13.020290,78.752,77.86182,26.9428,146.55935668945312,-0.11022167730236651,2,2,False,3,True,32.77477351101962,True,440742.28956249426,1101190.8354375057,False,False,Pause_Build,5,4.664174854351566
B7,68,0.0009641941869631,0.0042466819286346,0.0017612786032259,0.113245243128964,1239149.75,2793437.25,17956.408203125,12737481.0,285.0,960.0,110.0,110.65203857421876,285.0,4256326.0,42.56326,2022-09-21 17:33:46.934260,81.51065,80.15131,26.88538,174.34796142578125,0.6686500657957044,4,4,False,2,True,26.19603185942679,True,198117.0701693094,1041032.6798306906,False,False,Pause_Build,5,4.56158394208726
B7,69,0.0007170538301579,0.0038586854934692,0.0012915669940412,0.0161016315322727,1287386.875,2699635.75,17486.763671875,12737481.0,285.0,960.0,110.0,122.2568130493164,285.0,3823494.0,38.23494,2022-09-21 17:34:29.497520,78.26388,78.36189,27.01089,162.7431869506836,-0.32932938257181105,1,1,False,2,True,28.94337430144801,True,587054.1938060694,700332.6811939306,False,False,Pause_Build,5,3.331662510959961
B7,70,0.0009323096601292,0.0045024305582046,0.0016794502735137,0.086911848823168,1174659.125,2679506.0,14755.2861328125,12737481.0,285.0,960.0,110.0,121.07293701171876,285.0,3886909.0,38.86909,2022-09-21 17:35:07.732460,81.03334,79.55995,28.08538,163.92706298828125,0.33329774933513123,3,3,False,3,True,28.66310061830463,True,265873.6990623134,908785.4259376866,False,False,Escalate_Human,4,4.691169796531943
B7,71,0.0007985138217918,0.0044895410537719,0.0014772117137908,0.0363056805914821,1432950.75,2985145.25,16212.4208984375,12737481.0,285.0,960.0,110.0,117.08953094482422,285.0,4013033.0,40.13033,2022-09-21 17:35:46.601550,79.37483,80.36719,26.80261,167.91046905517578,0.09959694301044456,2,2,False,3,True,27.720059409286037,True,433334.077236905,999616.672763095,False,False,Pause_Build,5,4.580764397533008
B7,72,0.0009687697165645,0.0040242373943328,0.001767560839653,0.115404093690652,1209842.0,2751275.75,14514.1328125,12737481.0,285.0,960.0,110.0,114.73226165771484,285.0,4104014.0,41.04014,2022-09-21 17:36:26.731880,80.43418,78.99893,28.67472,170.26773834228516,0.6218585138532264,4,4,False,2,True,27.16199376366355,True,192915.16560024093,1016926.8343997591,False,False,Pause_Build,5,4.523380759662181
B7,73,0.0007238363032229,0.003502607345581,0.0013129047583788,0.0166250776503785,1358569.875,2807728.5,19460.443359375,12737481.0,285.0,960.0,110.0,129.50242614746094,285.0,3608432.0,36.08432,2022-09-21 17:37:07.772020,82.32,81.0234,26.61532,155.49757385253906,-0.346385612738279,1,1,False,2,True,30.65871831142541,True,569385.802129078,789184.072870922,False,False,Pause_Build,5,3.5095049698312732
B7,74,0.0009063915349543,0.0046315789222717,0.0016786754131317,0.0865683547410619,1288717.25,2830083.0,14296.9130859375,12737481.0,285.0,960.0,110.0,104.40052032470705,285.0,4511931.0,45.11931,2022-09-21 17:37:43.856340,79.70617,78.572,27.01409,180.59947967529297,0.5722251186099113,3,3,False,2,True,24.71603227384163,True,266515.30970659433,1022201.9402934057,False,False,Escalate_Human,4,4.401325069826071
B7,75,0.0007713548839092,0.0042284131050109,0.0014209351502358,0.0240343703949689,1482162.875,3053177.25,15627.154296875,12737481.0,285.0,960.0,110.0,139.27760314941406,285.0,3371064.0,33.71064,2022-09-21 17:38:28.975650,81.66364,80.26242,28.87137,145.72239685058594,-0.22560644131965332,1,2,False,3,True,32.97291741226658,True,479932.9781992105,1002229.8968007895,False,False,Pause_Build,5,4.549301623282892
B7,76,0.0009688370046205,0.0046600401401519,0.001775324344635,0.1168594551078344,1262765.75,2854560.75,15693.4033203125,12737481.0,285.0,960.0,110.0,113.00990295410156,285.0,4167406.0,41.67406,2022-09-21 17:39:02.686290,78.96605,78.44666,27.03455,171.99009704589844,0.691907004225828,4,4,False,2,True,26.754238388755102,True,186486.72049052804,1076279.029509472,False,False,Pause_Build,5,4.6961034894520095
B7,77,0.0007095179753378,0.0041751861572265,0.0012742339167743,0.0096710366208509,1351487.375,2812747.75,17152.794921875,12737481.0,285.0,960.0,110.0,122.09382629394533,285.0,3828683.0,38.28683,2022-09-21 17:39:44.360350,81.5761,80.1214,28.19914,162.9061737060547,-0.3269303642084444,1,1,False,2,True,28.904788421862055,True,601406.568931869,750080.806068131,False,False,Pause_Build,5,3.4595163399926303
B7,78,0.0008950001210905,0.004664197564125,0.0016279695555567,0.0741032634056806,1271229.5,2791612.0,15339.34375,12737481.0,285.0,960.0,110.0,125.1903305053711,285.0,3759106.0,37.59106,2022-09-21 17:40:22.647180,81.06446,81.35635,26.91432,159.8096694946289,0.22921718076429334,3,3,False,3,True,29.63786233555187,True,308501.477412747,962728.022587253,False,False,Escalate_Human,4,4.691454736531101
B7,79,0.0007903203950263,0.0036147832870483,0.0014650879893451,0.0333752569097211,1465500.5,3044104.75,17842.6796875,12737481.0,285.0,960.0,110.0,120.1384048461914,285.0,3911090.0,39.1109,2022-09-21 17:41:00.238240,81.14021,79.70462,28.31108,164.8615951538086,0.06399155193629893,2,2,False,3,True,28.441857207905162,True,443372.93176268484,1022127.5682373152,False,False,Pause_Build,5,4.642968678983211
B7,80,0.0009787563467398,0.0055876225233078,0.0017751448322087,0.1171050105586485,1182716.875,2697522.5,14051.2900390625,12737481.0,285.0,960.0,110.0,115.76827239990234,285.0,4067538.0,40.67538,2022-09-21 17:41:39.349140,81.89897,81.15801,26.99903,169.23172760009766,0.6046756918410794,3,4,False,2,True,27.407261458310213,True,186635.362860393,996081.512139607,False,False,Escalate_Human,4,4.455314171571841
B7,81,0.0007171682082116,0.0055543184280395,0.0012880295980721,0.0155194527575887,1277204.375,2701608.25,18559.1171875,12737481.0,285.0,960.0,110.0,132.1942901611328,285.0,3534656.0,35.34656,2022-09-21 17:42:20.024520,80.33873,79.11654,27.00381,152.8057098388672,-0.44537053762726536,1,1,False,2,True,31.29599672375303,True,589983.2774958976,687221.0975041024,False,False,Pause_Build,5,3.3480591914064397
B7,82,0.0009020011639222,0.0045823007822036,0.0016602997202426,0.0808975098944591,1320625.25,2853027.5,14049.49609375,12737481.0,285.0,960.0,110.0,104.6993408203125,285.0,4502440.0,45.0244,2022-09-21 17:42:55.371080,82.45871,81.31273,26.65437,180.3006591796875,0.5381840715650688,3,3,False,3,True,24.786775762384586,True,281731.0058856271,1038894.2441143729,False,False,Escalate_Human,4,4.815553110719627
B7,83,0.0007916297763586,0.0042956098914146,0.0014823675155639,0.0368166858166663,1547205.75,3182250.0,17322.333984375,12737481.0,285.0,960.0,110.0,133.32322692871094,285.0,3521962.0,35.21962,2022-09-21 17:43:40.395480,79.4135,79.38082,27.04477,151.67677307128906,-0.0028176114059179176,2,2,False,3,True,31.563263950925883,True,429064.8987187254,1118140.8512812746,False,False,Pause_Build,5,4.867622154104365
B7,84,0.0009658888448029,0.0058666765689849,0.0017704782076179,0.1161316060217943,1201648.5,2750345.25,14454.5390625,12737481.0,285.0,960.0,110.0,112.47650146484376,285.0,4210803.0,42.10803,2022-09-21 17:44:15.615100,82.26713,80.75723,28.61893,172.52349853515625,0.652320584841277,4,4,False,2,True,26.62795962709369,True,190499.48610101012,1011149.0138989899,False,False,Pause_Build,5,4.541593820561105
B7,85,0.0007380419992841,0.0034720301628112,0.0013123033568263,0.0151671299043336,1197162.125,2560444.25,16810.859375,12737481.0,285.0,960.0,110.0,119.45841979980467,285.0,3913294.0,39.13294,2022-09-21 17:44:57.723130,80.33948,81.22989,26.75084,165.5415802001953,-0.32971580308358756,1,1,False,2,True,28.28087589957497,True,569883.7829867068,627278.3420132932,True,True,Escalate_Human,4,3.1937107093725574
B7,86,0.0008726327796466,0.0058417171239852,0.0016137569909915,0.0689000172681747,1335388.5,2874457.5,14840.5947265625,12737481.0,285.0,960.0,110.0,124.92648315429688,285.0,3814168.0,38.14168,2022-09-21 17:45:36.856070,81.54973,80.10623,28.89714,160.07351684570312,0.22927789592953496,3,3,False,3,True,29.575398474028614,True,320269.96231582505,1015118.537684175,False,False,Escalate_Human,4,4.751001433527481
B7,87,0.0008128541521728,0.0048320591449737,0.0015052077360451,0.0405836798234378,1456610.5,3033758.5,19429.115234375,12737481.0,285.0,960.0,110.0,118.04476165771484,285.0,3980353.0,39.80353,2022-09-21 17:46:14.997750,83.19611,82.02939,26.99502,166.95523834228516,0.15114447479520016,2,2,False,3,True,27.94620304396658,True,410152.4224599276,1046458.0775400724,False,False,Pause_Build,5,4.7116089841666575
B7,88,0.0009393779910169,0.0039715766906738,0.0017462074756622,0.1065737567430447,1297231.625,2859379.25,15975.94140625,12737481.0,285.0,960.0,110.0,113.10899353027344,285.0,4187106.0,41.87106,2022-09-21 17:46:54.801280,80.72375,79.57379,27.01191,171.89100646972656,0.6262359449344371,4,4,False,2,True,26.777697331977613,True,210596.47431851202,1086635.150681488,False,False,Pause_Build,5,4.58898622451432
B7,89,0.0007138806977309,0.00368332862854,0.0012982189655303,0.0139946532728451,1448074.5,2939436.5,17837.841796875,12737481.0,285.0,960.0,110.0,132.07608032226562,285.0,3537595.0,35.37595,2022-09-21 17:47:36.672340,82.63898,81.30784,27.03871,152.92391967773438,-0.35195314761327773,1,1,False,2,True,31.26801143993031,True,581546.1360810855,866528.3639189145,False,False,Pause_Build,5,3.642152117791035
B7,90,0.0008741847705096,0.0043808668851852,0.0016242265701293,0.0704473657393253,1385672.75,2922336.5,17617.212890625,12737481.0,285.0,960.0,110.0,104.0716781616211,285.0,4552131.0,45.52131,2022-09-21 17:48:12.048290,80.04138,79.12649,27.16276,180.9283218383789,0.49607549066819606,3,3,False,3,True,24.638181382959537,True,311600.79613828193,1074071.953861718,False,False,Escalate_Human,4,4.797811515781635
B7,91,0.0007852092385292,0.0037278532981872,0.0014527887105941,0.031218201799015,1493761.75,3071897.5,18604.412109375,12737481.0,285.0,960.0,110.0,134.53054809570312,285.0,3490743.0,34.90743,2022-09-21 17:48:57.569600,82.14913,80.72968,27.76435,150.46945190429688,-0.10716770827627987,2,2,False,3,True,31.849088090838805,True,453557.15120006236,1040204.5987999376,False,False,Pause_Build,5,4.636121324923228
B7,92,0.0009490238153375,0.0043951421976089,0.0017470344901084,0.1070381845587003,1298668.375,2867620.25,16463.30078125,12737481.0,285.0,960.0,110.0,115.4071273803711,285.0,4088743.0,40.88743,2022-09-21 17:49:32.477030,81.36111,81.92546,26.98207,169.5928726196289,0.6060378050635502,3,4,False,2,True,27.321763110883307,True,209911.6783423822,1088756.6966576178,False,False,Escalate_Human,4,4.608212980425285
B7,93,0.0007150004967115,0.0040937662124633,0.0012850135099142,0.0175668395533818,1352523.125,2815642.75,17157.44921875,12737481.0,285.0,960.0,110.0,119.54664611816406,285.0,3910555.0,39.10555,2022-09-21 17:50:13.364460,81.82448,80.41584,28.01367,165.45335388183594,-0.25888202410208805,1,1,False,2,True,28.301762812065355,True,592480.7006590269,760042.4243409731,False,False,Pause_Build,5,3.48568560840057
B7,94,0.0009104167111217,0.0047986358404159,0.001653641462326,0.078029094520215,1223579.5,2742855.75,16507.28125,12737481.0,285.0,960.0,110.0,127.29113006591795,285.0,3709423.0,37.09423,2022-09-21 17:50:52.470010,82.76083,81.96156,26.86148,157.70886993408203,0.228894713816426,3,3,False,3,True,30.13521071636315,True,287244.2689855301,936335.2310144699,False,False,Escalate_Human,4,4.707933326039038
B7,95,0.0008033249760046,0.0036916136741638,0.0014928586315363,0.0373380928097909,1431975.0,2984357.25,19203.283203125,12737481.0,285.0,960.0,110.0,122.34711456298828,285.0,3840333.0,38.40333,2022-09-21 17:51:29.564240,81.32283,80.12467,27.10155,162.65288543701172,0.06083745689159786,2,2,False,3,True,28.96475250070745,True,420377.8993125849,1011597.1006874151,False,False,Pause_Build,5,4.6109926771573955
B7,96,0.0009609577828086,0.0041810125112533,0.0017632842063903,0.1122358784409462,1302711.0,2891956.5,15202.8251953125,12737481.0,285.0,960.0,110.0,114.12147521972656,285.0,4126583.0,41.26583,2022-09-21 17:52:07.967570,83.09288,82.00946,26.73045,170.87852478027344,0.6643932056327255,4,4,False,2,True,27.01739470163981,True,196456.362810442,1106254.637189558,False,False,Pause_Build,5,4.692175772485342
B7,97,0.0007164282142184,0.0040598511695861,0.0012815042864531,0.015589361793691,1229579.875,2624040.75,16783.6796875,12737481.0,285.0,960.0,110.0,135.3568572998047,285.0,3451575.0,34.51575,2022-09-21 17:52:49.233400,80.50306,79.54201,27.16039,149.6431427001953,-0.5156123540245219,1,1,False,2,True,32.04471053499164,True,595386.4565579025,634193.4184420975,True,True,Escalate_Human,4,3.2312525826591494
B7,98,0.0008989935740828,0.004726693034172,0.0016230146866291,0.0695035014226169,1204271.25,2687896.25,14713.8623046875,12737481.0,285.0,960.0,110.0,104.65111541748048,285.0,4504450.0,45.0445,2022-09-21 17:53:23.749150,83.29018,81.84629,28.04229,180.34888458251953,0.3998736405890627,3,3,False,3,True,24.775358763608068,True,312604.2767283588,891666.9732716412,False,False,Escalate_Human,4,4.54853129477106
B7,99,0.0008050773758441,0.0040557086467742,0.00149920838885,0.0397114790682846,1495252.0,3085033.75,21793.818359375,12737481.0,285.0,960.0,110.0,130.251220703125,285.0,3605582.0,36.05582,2022-09-21 17:54:08.793650,80.33048,81.40779,26.78556,154.748779296875,0.024058216007340462,2,2,False,3,True,30.835989749792848,True,415120.0851621772,1080131.9148378228,False,False,Pause_Build,5,4.755831056444722
B7,100,0.0009347665472887,0.0051491260528564,0.0017200112342834,0.0975533543730275,1226626.75,2741425.0,15257.171875,12737481.0,285.0,960.0,110.0,113.89414978027344,285.0,4157911.0,41.57911,2022-09-21 17:54:44.849470,82.70888,81.25327,28.08159,171.10585021972656,0.5157340403445173,3,4,False,2,True,26.963577126011703,True,232287.84956395184,994338.9004360482,False,False,Escalate_Human,4,4.376462745808107
B7,101,0.0007454457809217,0.00393807888031,0.0013295351527631,0.0181385698717411,1229857.125,2630296.0,19207.412109375,12737481.0,285.0,960.0,110.0,117.3320541381836,285.0,3984433.0,39.84433,2022-09-21 17:55:26.428580,83.65922,82.68316,27.00587,167.6679458618164,-0.25200268119234237,1,1,False,2,True,27.777474938016947,True,555615.2722330813,674241.8527669187,True,True,Escalate_Human,4,3.3394040303541686
B7,102,0.0008609325159341,0.0055567324161529,0.0016184388659894,0.0687515463407392,1456553.0,3011111.25,14985.697265625,12737481.0,285.0,960.0,110.0,123.7127914428711,285.0,3825108.0,38.25108,2022-09-21 17:56:06.272910,81.77424,80.57488,27.21952,161.2872085571289,0.29699002819795156,3,3,False,3,True,29.28806615598274,True,316393.21122152964,1140159.7887784704,False,False,Escalate_Human,4,4.876108315119359
B7,103,0.0007819476304575,0.0039175748825073,0.0014743506908416,0.0343328191284226,1617554.625,3238528.75,18250.75390625,12737481.0,285.0,960.0,110.0,120.4825439453125,285.0,3899566.0,38.99566,2022-09-21 17:56:44.523990,83.49708,82.36679,26.7558,164.5174560546875,0.14398038482888725,2,2,False,3,True,28.52332953250769,True,435703.10115447873,1181851.5238455213,False,False,Pause_Build,5,4.862816767930161
B7,104,0.0009474420221522,0.0046160221099853,0.0017643421888351,0.1132281453406937,1326321.875,2886018.0,14730.9443359375,12737481.0,285.0,960.0,110.0,111.21874237060548,285.0,4258619.0,42.58619,2022-09-21 17:57:23.519650,81.02228,79.99112,27.15687,173.78125762939453,0.6991815519299189,4,4,False,2,True,26.330194690010767,True,195580.3175075529,1130741.557492447,False,False,Pause_Build,5,4.636928284938918
B7,105,0.0007197278318926,0.0034555196762084,0.0012882588198408,0.0137233466710536,1274723.125,2721049.5,10167.267578125,12737481.0,285.0,960.0,110.0,135.73672485351562,285.0,3441619.0,34.41619,2022-09-21 17:58:06.105840,83.35269,81.89669,28.88631,149.26327514648438,-0.4837735722800782,1,1,False,2,True,32.1346413005482,True,589793.4741066482,684929.6508933518,True,True,Escalate_Human,4,3.4006970170144513
B7,106,0.0009108096710406,0.0080289542675018,0.0016487896209582,0.0777640242570498,1200864.375,2688953.25,13065.9287109375,12737481.0,285.0,960.0,110.0,104.17324829101562,285.0,4525205.0,45.25205,2022-09-21 17:58:40.522030,81.3994,82.29039,26.81055,180.82675170898438,0.4614069913777779,3,3,False,3,True,24.662227341623016,True,291261.7579916236,909602.6170083764,False,False,Escalate_Human,4,4.607361230238511
B7,107,0.0007863744394853,0.0038736462593078,0.0014661252498626,0.0307418826766829,1531982.25,3142186.0,17186.666015625,12737481.0,285.0,960.0,110.0,132.7083740234375,285.0,3539096.0,35.39096,2022-09-21 17:59:25.774080,82.65295,81.25667,28.55393,152.2916259765625,-0.048658545125095806,2,2,False,3,True,31.417702183578953,True,442514.0449175446,1089468.2050824554,False,False,Pause_Build,5,4.765319083832882
B7,108,0.0009688493446446,0.0039825737476348,0.0017597108380869,0.1113325347947296,1211339.375,2780213.25,15632.271484375,12737481.0,285.0,960.0,110.0,116.16151428222656,285.0,4061725.0,40.61725,2022-09-21 18:00:01.165040,83.23814,82.6168,27.04698,168.83848571777344,0.5940879169258778,3,4,False,2,True,27.5003584948453,True,199415.23281161464,1011924.1421883854,False,False,Escalate_Human,4,4.57642358828065
B7,109,0.0007181013352237,0.0032412409782409,0.0012954771518707,0.0161722498173075,1340391.75,2811176.0,20111.177734375,12737481.0,285.0,960.0,110.0,117.83071899414062,285.0,3967638.0,39.67638,2022-09-21 18:00:41.782290,82.14875,80.9453,27.11177,167.16928100585938,-0.2349407835996555,1,1,False,2,True,27.895530064900715,True,583816.4506687191,756575.2993312809,False,False,Pause_Build,5,3.517008316790912
B7,110,0.0009199735359288,0.0043563395738601,0.0016795061528682,0.0859455808160766,1246167.75,2772342.5,16809.828125,12737481.0,285.0,960.0,110.0,123.33404541015624,285.0,3815459.0,38.15459,2022-09-21 18:01:21.458670,83.85598,82.70255,26.87086,161.66595458984375,0.3385359924213825,3,3,False,3,True,29.19840090202562,True,265827.42906390387,980340.3209360961,False,False,Escalate_Human,4,4.789647208959973
B7,111,0.0007843790226615,0.0043777227401733,0.0014528781175613,0.03519349837358,1424544.25,2950050.25,16750.435546875,12737481.0,285.0,960.0,110.0,125.21089935302734,285.0,3752203.0,37.52203,2022-09-21 18:01:59.613260,81.40323,80.43469,27.20563,159.78910064697266,-0.033658200543366434,2,2,False,3,True,29.64273185440988,True,453483.1192026071,971061.1307973929,False,False,Pause_Build,5,4.462597567067257
B7,112,0.00094816921046,0.0039296895265579,0.0017320425249636,0.1019181249671554,1309885.625,2905306.5,14459.828125,12737481.0,285.0,960.0,110.0,111.06153106689452,285.0,4240626.0,42.40626,2022-09-21 18:02:37.135290,83.95063,82.49448,28.27394,173.93846893310547,0.634725371604145,4,4,False,2,True,26.29297610485192,True,222325.53332715062,1087560.0916728494,False,False,Pause_Build,5,4.651256729446953
B7,113,0.0007345393532887,0.0047447085380554,0.0013278482947498,0.0183352705263929,1331340.5,2775861.25,17666.494140625,12737481.0,285.0,960.0,110.0,139.7468719482422,285.0,3353413.0,33.53413,2022-09-21 18:03:19.541550,81.18454,82.11602,26.78018,145.2531280517578,-0.4505666976720679,1,1,False,2,True,33.08401324532249,True,557012.0478095149,774328.4521904851,False,False,Pause_Build,5,3.509624184881935
B7,114,0.0009207390830852,0.0044172704219818,0.0016687363386154,0.0813206938533418,1132527.5,2571385.0,15229.13671875,12737481.0,285.0,960.0,110.0,105.22686767578124,285.0,4479816.0,44.79816,2022-09-21 18:03:53.075680,83.6879,82.22197,28.07635,179.77313232421875,0.4403924878093982,3,3,False,3,True,24.91166374900124,True,274745.20008697244,857782.2999130276,False,False,Escalate_Human,4,4.4813177665171775
B7,115,0.0008020442910492,0.0046733617782592,0.0014770105481147,0.0375719946896118,1461302.875,3084203.75,16293.921875,12737481.0,285.0,960.0,110.0,128.1945343017578,285.0,3663853.0,36.63853,2022-09-21 18:04:37.873840,84.20626,83.28832,27.04424,156.8054656982422,0.01569333514348567,2,2,False,3,True,30.349084825226754,True,433500.6492310965,1027802.2257689035,False,False,Pause_Build,5,4.7721151548328535
B7,116,0.0009332527406513,0.0048644840717315,0.001730841351673,0.1014148250412614,1310023.0,2882403.0,14183.8837890625,12737481.0,285.0,960.0,110.0,114.99087524414062,285.0,4117911.0,41.17911,2022-09-21 18:05:14.512370,82.82163,81.57171,27.39153,170.00912475585938,0.5795103590565763,3,4,False,2,True,27.22321857105602,True,223320.145500876,1086702.854499124,False,False,Escalate_Human,4,4.592477684552438
B7,117,0.0007125687552616,0.0037230849266052,0.0012925863265991,0.0144884257352335,1311365.25,2726458.5,18402.4140625,12737481.0,285.0,960.0,110.0,115.97787475585938,285.0,4031097.0,40.31097,2022-09-21 18:05:55.691480,84.12295,83.0868,27.02721,169.02212524414062,-0.253889661651113,1,1,False,2,True,27.456883228186403,True,586210.1519187777,725155.0980812223,False,False,Pause_Build,5,3.3560592386267407
B7,118,0.0008956766105256,0.0085254609584808,0.0016574785113334,0.0791754389550927,1375160.75,2922200.25,13446.9619140625,12737481.0,285.0,960.0,110.0,120.2352066040039,285.0,3936860.0,39.3686,2022-09-21 18:06:36.002450,81.81861,80.67878,27.26054,164.7647933959961,0.38090233296833176,3,4,False,2,True,28.46477429072062,True,284067.0624294013,1091093.6875705987,False,False,Escalate_Human,4,4.429722258687392
B7,119,0.0008033373160287,0.0046685338020324,0.0014994144439697,0.0436013097779366,1595179.125,3244624.0,19180.095703125,12737481.0,285.0,960.0,110.0,123.53018188476562,285.0,3803062.0,38.03062,2022-09-21 18:07:15.371050,84.16663,82.74826,28.78786,161.46981811523438,0.1706619663598739,2,2,False,3,True,29.244834726507012,True,414949.4645430576,1180229.6604569424,False,False,Pause_Build,5,4.966957293755219
B7,120,0.0009449970675632,0.0049884468317031,0.0017547137103974,0.1097277146152578,1290426.375,2834839.5,15505.02734375,12737481.0,285.0,960.0,110.0,109.24662017822266,285.0,4335822.0,43.35822,2022-09-21 18:07:53.401670,81.83167,82.62756,26.85406,175.75337982177734,0.6803381471277754,4,4,False,2,True,25.86330970128377,True,203553.0238135727,1086873.3511864273,False,False,Pause_Build,5,4.557615081555498
B7,121,0.0007214906509034,0.0031942725181579,0.001301032025367,0.0152739300348666,1413905.875,2907548.25,16746.884765625,12737481.0,285.0,960.0,110.0,140.4887237548828,285.0,3335261.0,33.35261,2022-09-21 18:08:36.759890,83.51787,82.08041,28.66306,144.5112762451172,-0.45011443364274223,1,1,False,2,True,33.25964104045521,True,579216.8272453868,834689.0477546132,False,False,Pause_Build,5,3.6312139564683514
B7,122,0.0008929307805374,0.0053552389144897,0.0016341656446456,0.073775138901774,1302582.5,2865916.0,17129.3359375,12737481.0,285.0,960.0,110.0,105.19581604003906,285.0,4481085.0,44.81085,2022-09-21 18:09:10.112500,82.96877,82.80151,27.03201,179.80418395996094,0.48502466864078725,3,3,False,3,True,24.904312509478945,True,303370.9057579036,999211.5942420964,False,False,Escalate_Human,4,4.829063051046696
B7,123,0.00080966448877,0.0047485530376434,0.0014891624450683,0.0392443929319425,1413185.5,2993436.75,18915.837890625,12737481.0,285.0,960.0,110.0,131.05238342285156,285.0,3584226.0,35.84226,2022-09-21 18:09:54.923350,82.93112,81.70872,27.30062,153.94761657714844,-0.030507886551375856,2,2,False,3,True,31.02565895427357,True,423438.46691444656,989747.0330855534,False,False,Pause_Build,5,4.660096174910349
B7,124,0.0009453897364437,0.0050728172063827,0.0017124294536188,0.0955621646222071,1221933.75,2728269.25,15730.2470703125,12737481.0,285.0,960.0,110.0,117.7423324584961,285.0,4006683.0,40.06683,2022-09-21 18:10:30.765610,84.28706,83.44099,27.08056,167.2576675415039,0.45305903010960324,3,3,False,2,True,27.874605222181838,True,238565.82078304258,983367.9292169574,False,False,Escalate_Human,4,4.337948368263351
B7,125,0.0009273804607801,0.0105831027030944,0.0015404224395751,0.0683507628231246,825175.6875,2012089.25,7241.794921875,12737481.0,285.0,960.0,110.0,116.8563995361328,285.0,4000917.0,40.00917,2022-09-21 18:11:10.832440,82.42242,81.21556,27.3234,168.1436004638672,-0.07421149814957731,2,2,False,2,True,27.664867314425376,True,380993.4550576685,444182.2324423315,True,True,Escalate_Human,4,2.9646227624897663
B7,126,0.0012072843965142,0.007753700017929,0.0019376961281523,0.1674443442558369,804695.6875,2154303.25,4138.90478515625,12737481.0,285.0,960.0,110.0,113.07933044433594,285.0,4300043.0,43.00043,2022-09-21 18:11:50.841610,84.61132,83.17514,28.22793,171.92066955566406,0.7832507525623742,4,4,False,2,True,26.770674821102258,True,52037.38348008925,752658.3040199107,False,False,Pause_Build,5,4.12237700921191
B7,127,0.0009891104418784,0.0066075921058654,0.001584452111274,0.0590166130760986,1106013.375,2652972.25,17727.291015625,12737481.0,285.0,960.0,110.0,135.23887634277344,285.0,3599886.0,35.99886,2022-09-21 18:12:33.842040,81.68191,82.37301,26.92959,149.76112365722656,-0.03153090998205407,2,2,False,3,True,32.01677943720962,True,344535.39540918474,761477.9795908153,False,False,Pause_Build,5,4.565758833499617
B7,128,0.0012662258232012,0.0072022676467895,0.0020278096199035,0.221673048700258,966114.6875,2460632.5,8858.873046875,12737481.0,285.0,960.0,110.0,103.24920654296876,285.0,4762896.0,47.62896,2022-09-21 18:13:09.840900,84.17809,82.75299,28.39732,181.75079345703125,1.2862917772706233,4,4,True,1,True,24.443467458089195,True,-22579.64023667993,988694.3277366799,False,False,Pause_Build,5,4.305537663832286
B7,129,0.000825700641144,0.0034425258636474,0.0013076066970825,0.0125446504507569,1004780.125,2328310.5,20801.671875,12737481.0,285.0,960.0,110.0,152.3148193359375,285.0,3260302.0,32.60302,2022-09-21 18:13:57.469860,84.94971,83.82917,26.94875,132.6851806640625,-0.7950338108220898,0,1,False,2,True,36.05937957763672,True,573772.7763514328,431007.3486485672,True,True,Monitor,1,2.9631931527857547
B7,130,0.001217728247866,0.011286973953247,0.0019414899870753,0.1809510321731451,857388.1875,2227535.75,13257.6650390625,12737481.0,285.0,960.0,110.0,101.1425552368164,285.0,4915992.0,49.15992,2022-09-21 18:14:30.072880,83.48831,82.21541,27.78645,183.8574447631836,0.9934807409988953,4,4,False,2,True,23.944733720837217,True,48895.93977688486,808492.2477231151,False,False,Pause_Build,5,4.214068697424662
B7,131,0.0009875503601506,0.0040575265884399,0.0015614628791809,0.0493424187553607,1116239.625,2629249.75,16531.294921875,12737481.0,285.0,960.0,110.0,134.67559814453125,285.0,3685344.0,36.85344,2022-09-21 18:15:19.232800,84.6575,83.36573,27.61311,150.32440185546875,-0.09153894446727809,2,2,False,3,True,31.88342759103486,True,363571.25833032513,752668.3666696749,False,False,Pause_Build,5,4.444385437505598
B7,132,0.0013053981820121,0.0050621032714843,0.0020458698272705,0.2457039345920982,953971.25,2453960.5,15175.99609375,12737481.0,285.0,960.0,110.0,110.97610473632812,285.0,4523533.0,45.23533,2022-09-21 18:15:56.086240,82.15217,81.69861,27.20345,174.02389526367188,1.2991394556865403,4,4,True,1,True,26.272752068259496,True,-37534.103716509184,991505.3537165092,False,False,Pause_Build,5,4.346228444679171
B7,133,0.0008668628288432,0.00379478931427,0.0013366937637329,0.0145705772568023,913092.75,2189077.25,17430.478515625,12737481.0,285.0,960.0,110.0,122.11200714111328,285.0,4104989.0,41.04989,2022-09-21 18:16:41.321570,84.18692,82.79787,28.26728,162.88799285888672,-0.47031411663342904,1,1,False,2,True,28.909092599695377,True,549687.6998559341,363405.05014406587,True,True,Escalate_Human,4,2.844008152329845
B7,134,0.0012193468865007,0.0060043334960937,0.0019367425702512,0.179475278291311,851671.3125,2204291.25,8708.830078125,12737481.0,285.0,960.0,110.0,110.12301635742188,285.0,4605996.0,46.05996,2022-09-21 18:17:22.371460,85.07789,84.25295,27.07888,174.87698364257812,0.8746112925828466,4,4,False,2,True,26.07078985734419,True,52826.9617234685,798844.3507765315,False,False,Pause_Build,5,4.158159227144711
B7,135,0.0009948948863893,0.0035633444786071,0.0015108524821698,0.0387562352426076,919180.125,2345289.5,16611.271484375,12737481.0,285.0,960.0,110.0,135.3059539794922,285.0,3756254.0,37.56254,2022-09-21 18:18:08.431420,82.90763,81.69956,27.26427,149.6940460205078,-0.29208074105865806,1,1,False,2,True,32.03265955953887,True,405478.3814558927,513701.7435441073,True,True,Escalate_Human,4,3.5546019635173596
B7,136,0.0012882864102721,0.0050619840621948,0.0020069419406354,0.2242639057301868,828127.8125,2181615.0,5722.5419921875,12737481.0,285.0,960.0,110.0,102.91683197021484,285.0,4983912.0,49.83912,2022-09-21 18:18:45.993960,85.04915,83.72054,28.84189,182.08316802978516,1.1751825636079205,4,4,False,2,True,24.364780295978893,True,-5300.49492111709,833428.3074211171,False,False,Pause_Build,5,4.281499395042989
B7,137,0.0009045701590366,0.0041828751564025,0.0013597011566162,0.0155349477029623,804474.0625,1977264.25,19798.44921875,12737481.0,285.0,960.0,110.0,152.19406127929688,285.0,3383120.0,33.8312,2022-09-21 18:19:35.833080,84.17089,84.02509,27.14463,132.80593872070312,-0.8553917154355839,0,0,False,2,True,36.03079102256081,True,530636.799185321,273837.26331467903,True,True,Monitor,1,2.5655708151561702
B7,138,0.0012380264233797,0.0057169198989868,0.0019205927383154,0.1755928693407926,781982.75,2036614.375,10784.9248046875,12737481.0,285.0,960.0,110.0,101.8501434326172,285.0,5085305.0,50.85305,2022-09-21 18:20:09.664280,84.18054,82.80963,28.32121,183.1498565673828,0.8755251142143035,4,3,False,3,True,24.11224986567642,True,66199.5696333088,715783.1803666912,False,False,Pause_Build,5,4.292867390255422
B7,139,0.0010360077721998,0.0041004419326782,0.0015415549278259,0.0456732792190404,849784.25,2221674.5,24580.580078125,12737481.0,285.0,960.0,110.0,136.67262268066406,285.0,3771056.0,37.71056,2022-09-21 18:21:00.517330,85.34684,83.90998,27.9638,148.32737731933594,-0.2957959070337917,1,1,False,2,True,32.35620802099054,True,380055.7164235667,469728.5335764333,True,True,Escalate_Human,4,3.436532696051374
B7,140,0.0012789948377758,0.0067990720272064,0.0019553361926227,0.2084571808892821,836753.25,2186886.25,5795.9423828125,12737481.0,285.0,960.0,110.0,112.90515899658205,285.0,4631232.0,46.31232,2022-09-21 18:21:38.227890,82.86647,81.9098,26.96965,172.09484100341797,0.956305635403129,4,4,False,2,True,26.72944105032719,True,37430.81255076267,799322.4374492373,False,False,Pause_Build,5,4.178572885028575
B7,141,0.0008604633621871,0.0036107897758483,0.0012900680303573,0.0095107957236356,775880.25,1880216.125,16718.908203125,12737481.0,285.0,960.0,110.0,124.11912536621094,285.0,4211184.0,42.11184,2022-09-21 18:22:24.540210,84.72336,83.27303,28.31352,160.88087463378906,-0.6721040947143295,0,0,False,2,True,29.38426263404615,True,588295.3865129389,187584.8634870611,True,True,Monitor,1,2.2439296638492356
B7,142,0.0012154632713645,0.0058992803096771,0.0019114045426249,0.1638981173864895,819104.875,2151721.25,13880.1083984375,12737481.0,285.0,960.0,110.0,110.25798797607422,285.0,4792269.0,47.92269,2022-09-21 18:23:06.652050,85.30809,84.36127,27.28274,174.74201202392578,0.7736003040566356,4,4,False,2,True,26.102743365547873,True,73807.7069103024,745297.1680896976,False,False,Pause_Build,5,4.038889255254564
B7,143,0.0010310764191672,0.0056342482566833,0.0015350580215454,0.0435294378928198,835273.125,2171266.0,16465.48828125,12737481.0,285.0,960.0,110.0,138.09722900390625,285.0,3835290.0,38.3529,2022-09-21 18:23:54.574740,83.25742,82.36919,27.14921,146.90277099609375,-0.34430626671758213,1,1,False,2,True,32.693472775545985,True,385435.3749030777,449837.7500969223,True,True,Escalate_Human,4,3.3264900340577896
B7,144,0.0012760421959683,0.0082169473171234,0.0019586039707064,0.2067965248669267,823500.375,2189208.5,5617.615234375,12737481.0,285.0,960.0,110.0,102.0771713256836,285.0,5228088.0,52.28088,2022-09-21 18:24:32.927640,85.26987,83.96002,27.87626,182.9228286743164,1.0758859061805377,4,4,False,2,True,24.165996999451608,True,34724.981603208464,788775.3933967915,False,False,Pause_Build,5,4.214604372698156
B7,145,0.000878985505551,0.0035982728004455,0.0013065338134765,0.0120648748980248,770026.5,1877078.375,18222.865234375,12737481.0,285.0,960.0,110.0,148.95680236816406,285.0,3611430.0,36.1143,2022-09-21 18:25:25.208520,84.92256,84.19418,27.16741,136.04319763183594,-0.9243129647692396,0,0,False,2,True,35.26439450003884,True,574661.1603205644,195365.3396794356,True,True,Monitor,1,2.27881160101636
B7,146,0.0012411000207066,0.0095118582248687,0.0019110962748527,0.1700999073025028,769617.5625,2056454.25,12104.33203125,12737481.0,285.0,960.0,110.0,103.3772430419922,285.0,5212682.0,52.12682,2022-09-21 18:26:01.322820,84.36974,83.02296,27.18948,181.6227569580078,0.8367299646060782,4,3,False,2,True,24.473779129259515,True,74062.96306809154,695554.5994319085,False,False,Pause_Build,5,3.8941030446451066
B7,147,0.0010410473914816,0.0045877695083618,0.0015209494158625,0.0392740904335696,781059.0625,2070648.875,19650.181640625,12737481.0,285.0,960.0,110.0,133.06410217285156,285.0,4034468.0,40.34468,2022-09-21 18:26:53.449640,85.57265,84.13437,28.71453,151.93589782714844,-0.3543003922827659,1,1,False,2,True,31.501918128042508,True,397117.77833005926,383941.28416994074,True,True,Escalate_Human,4,3.150322534893443
B7,148,0.0012734351912513,0.0069223344326019,0.0019658803939819,0.2068916759752838,904030.375,2362044.5,5710.3232421875,12737481.0,285.0,960.0,110.0,113.40202331542967,285.0,4797293.0,47.97293,2022-09-21 18:27:33.794320,83.64492,83.60326,27.14494,171.5979766845703,1.020316559525685,4,4,False,2,True,26.847069913690735,True,28699.856646112166,875330.5183538878,False,False,Pause_Build,5,4.507071477599438
B7,149,0.000887538306415,0.0037152767181396,0.0013089715503156,0.0127607755634793,748736.8125,1843706.875,21076.212890625,12737481.0,285.0,960.0,110.0,123.83272552490234,285.0,4393782.0,43.93782,2022-09-21 18:28:21.767250,84.33223,83.08533,27.2895,161.16727447509766,-0.650857007892414,0,0,False,2,True,29.316459641312107,True,572642.631640746,176094.18085925397,True,True,Monitor,1,2.240196225515893
B7,150,0.0012350016040727,0.0075206160545349,0.0019116803305223,0.1727472005808271,802238.9375,2090626.375,13419.6025390625,12737481.0,285.0,960.0,110.0,109.1145248413086,285.0,5032838.0,50.32838,2022-09-21 18:29:05.705070,85.62523,84.40777,27.59057,175.8854751586914,0.7947606991628025,4,3,False,3,True,25.832037130991615,True,73579.3451890864,728659.5923109136,False,False,Pause_Build,5,4.37141990932256
B7,151,0.0010271465871483,0.0048664808273315,0.0015139579772949,0.0392644239883723,834494.375,2151732.75,17043.162109375,12737481.0,285.0,960.0,110.0,136.76217651367188,285.0,4029174.0,40.29174,2022-09-21 18:29:56.033450,84.85022,84.35881,27.26732,148.23782348632812,-0.37363350704212533,1,1,False,2,True,32.377409212517016,True,402906.9262953084,431587.4487046916,True,True,Escalate_Human,4,3.238982737408967
B7,152,0.0012701547238975,0.0075703263282775,0.0019603581167757,0.2043696510862409,915197.9375,2381706.0,3699.835693359375,12737481.0,285.0,960.0,110.0,102.96862030029295,285.0,5386192.0,53.86192,2022-09-21 18:30:36.325190,84.80299,83.47737,28.88396,182.03137969970703,1.129454366786675,4,4,True,1,True,24.37704079078905,True,33272.489237059606,881925.4482629404,False,False,Pause_Build,5,4.072999364519704
B7,153,0.0008702618652023,0.003462016582489,0.0012777253286913,0.0102715852669616,748527.8125,1841969.0,22570.9375,12737481.0,285.0,960.0,110.0,147.7684326171875,285.0,3743559.0,37.43559,2022-09-21 18:31:30.187110,85.68453,84.36134,28.41921,137.2315673828125,-0.9607089612592059,0,0,True,1,True,34.98305696429628,True,598515.5615948646,150012.2509051354,True,True,Continue,0,1.7242358776596896
B7,154,0.0012809014879167,0.0058515518903732,0.0019688010215759,0.1976683884083224,727727.4375,1964585.125,13638.3798828125,12737481.0,285.0,960.0,110.0,105.16586303710938,285.0,5324932.0,53.24932,2022-09-21 18:32:07.622700,83.86064,83.75628,27.26839,179.83413696289062,0.9393893206063122,4,3,False,2,True,24.897221362952028,True,26281.478063568473,701445.9594364315,False,False,Pause_Build,5,3.856600815543433
B7,155,0.0010306474287062,0.0038829445838928,0.0015184879302978,0.0424469755672739,736666.875,1958177.625,18464.708984375,12737481.0,285.0,960.0,110.0,133.8047332763672,285.0,4172352.0,41.72352,2022-09-21 18:33:00.872020,84.51201,83.26394,27.30346,151.1952667236328,-0.3952133250383384,1,1,False,2,True,31.67725693095814,True,399155.97175915004,337510.90324084996,True,True,Escalate_Human,4,2.949919050054095
B7,156,0.0013284877641126,0.0064870417118072,0.0020189434289932,0.2345148756888157,798503.0625,2173739.5,5163.369140625,12737481.0,285.0,960.0,110.0,116.15715789794922,285.0,4861513.0,48.61513,2022-09-21 18:33:42.595540,85.94555,84.70224,27.28351,168.84284210205078,1.0723629381484814,4,4,False,2,True,27.499327153870553,True,-15238.13382543344,813741.1963254334,False,False,Pause_Build,5,4.3391057891721
B7,157,0.000855921418406,0.0032060146331787,0.0012652277946472,0.0089834253378308,752048.1875,1810394.625,17104.013671875,12737481.0,285.0,960.0,110.0,126.1600341796875,285.0,4482518.0,44.82518,2022-09-21 18:34:31.210670,84.26311,84.08058,27.41617,158.8399658203125,-0.7486092731146733,0,0,True,1,True,29.86743233420632,True,608863.9431307217,143184.2443692783,True,True,Continue,0,1.6161145476291563
B7,158,0.0012571139959618,0.0066128075122833,0.0019488865509629,0.1831901709969949,718974.0,1892758.625,11278.3720703125,12737481.0,285.0,960.0,110.0,110.13738250732422,285.0,5179517.0,51.79517,2022-09-21 18:35:16.035850,84.91771,83.53585,27.18452,174.86261749267578,0.7869180952819363,4,3,False,3,True,26.074190934499104,True,42771.33432327025,676202.6656767298,True,True,Pause_Build,5,4.108895884441565
B7,159,0.0010529340943321,0.0046985149383544,0.0015374720096588,0.0453281012726271,699665.75,1872460.375,18470.435546875,12737481.0,285.0,960.0,110.0,139.7998809814453,285.0,4094691.0,40.94691,2022-09-21 18:36:07.831020,86.13172,84.67916,28.73185,145.2001190185547,-0.4631825945970488,1,1,False,2,True,33.09656273234974,True,383436.51097261463,316229.23902738537,True,True,Escalate_Human,4,2.8434440248568156
B7,160,0.0012743317056447,0.0052915513515472,0.0019693160429596,0.2099041122337344,1045757.375,2655236.25,4203.2353515625,12737481.0,285.0,960.0,110.0,102.83440399169922,285.0,5601148.0,56.01148,2022-09-21 18:36:48.777930,85.11421,84.7146,27.29161,182.16559600830078,1.2588816454737972,4,4,True,1,True,24.3452660965197,True,25855.02291178843,1019902.3520882116,False,False,Pause_Build,5,4.525255712944813
B7,161,0.0008873998303897,0.0037735104560852,0.0012949109077453,0.0112123857277224,646090.8125,1542382.5,18142.162109375,12737481.0,285.0,960.0,110.0,144.1793212890625,285.0,3985857.0,39.85857,2022-09-21 18:37:44.789410,84.21619,83.45007,27.2119,140.8206787109375,-1.0079290366148754,0,0,True,1,True,34.13336204760002,True,584285.3199857699,61805.49251423008,True,True,Continue,0,1.2079363851668439
B7,162,0.001247142557986,0.0063703060150146,0.001942753791809,0.1807123052290389,799882.75,2152176.0,14085.080078125,12737481.0,285.0,960.0,110.0,106.460205078125,285.0,5458075.0,54.58075,2022-09-21 18:38:24.647980,86.07619,84.70137,28.84336,178.539794921875,0.9072344357211608,4,4,False,2,True,25.203647035540957,True,47849.46664666571,752033.2833533343,False,False,Pause_Build,5,4.135693167151243
B7,163,0.0010341169545426,0.0050721168518066,0.0015182852512225,0.0430835206016625,627210.8125,1670435.625,17124.662109375,12737481.0,285.0,960.0,110.0,130.8345489501953,285.0,4430995.0,44.30995,2022-09-21 18:39:19.228730,86.56407,85.30445,26.97031,154.1654510498047,-0.46465392022272695,1,1,False,2,True,30.97408829313336,True,399323.79689914477,227887.01560085523,True,True,Escalate_Human,4,2.441606528481868
B7,164,0.0012899859575554,0.0102350413799285,0.0020042820833623,0.2214069316529326,915080.4375,2376477.25,5594.24072265625,12737481.0,285.0,960.0,110.0,117.31941223144533,285.0,5007304.0,50.07304,2022-09-21 18:40:03.538680,84.1789,83.2959,27.10521,167.6805877685547,1.0725245765470615,4,4,True,1,True,27.774482062368683,True,-3098.042997735087,918178.4804977351,False,False,Pause_Build,5,4.145709518236141
B7,165,0.0008503012359142,0.004010796546936,0.0012643337249755,0.0091111238539416,675326.5,1602303.125,18441.158203125,12737481.0,285.0,960.0,110.0,126.2545928955078,285.0,4648767.0,46.48767,2022-09-21 18:40:53.611720,85.72192,84.3154,28.97016,158.7454071044922,-0.8258111851851533,0,0,True,1,True,29.889818393822868,True,609604.2631050256,65722.23689497437,True,True,Continue,0,1.2426490198753934
B7,166,0.0012333752820268,0.0066028237342834,0.0019593415781855,0.1820586397471441,767412.875,2049769.0,10384.04296875,12737481.0,285.0,960.0,110.0,109.80191802978516,285.0,5387374.0,53.87374,2022-09-21 18:41:40.099390,86.62727,85.40661,27.82229,175.19808197021484,0.855019950458241,4,4,False,2,True,25.994772260839287,True,34114.217624451034,733298.657375549,False,False,Pause_Build,5,3.9754115879187566
B7,167,0.0011194369290024,0.0041587054729461,0.0015995441935956,0.0592304722361117,521164.21875,1484607.75,18770.638671875,12737481.0,285.0,960.0,110.0,138.99697875976562,285.0,4272249.0,42.72249,2022-09-21 18:42:33.973130,85.0308,85.18917,27.37553,146.00302124023438,-0.48127946605910626,1,1,False,2,True,32.906481713959664,True,332038.6400106095,189125.57873939048,True,True,Escalate_Human,4,2.3354321869220236
B7,168,0.0013866793597117,0.007994920015335,0.0021301507949829,0.2843808488800338,742944.9375,2032536.75,5912.4111328125,12737481.0,285.0,960.0,110.0,104.18366241455078,285.0,5729928.0,57.29928,2022-09-21 18:43:16.695620,85.45076,84.1104,29.16493,180.81633758544922,1.4442831137055587,4,4,True,1,True,24.664692806475088,True,-107321.59995549149,850266.5374554915,False,False,Pause_Build,5,3.8578524459215493
B7,169,0.0008914143545553,0.0036081075668334,0.0012746460270136,0.009731135171649,564619.375,1309107.125,15716.1416015625,12737481.0,285.0,960.0,110.0,143.75888061523438,285.0,4130108.0,41.30108,2022-09-21 18:44:13.994900,86.30382,84.90092,28.59118,141.24111938476562,-1.1147293802466915,0,0,True,1,True,34.033825903227836,True,601065.3276937124,36445.95269371243,True,True,Continue,0,0.611722742873889
B7,170,0.0012308080913498,0.0058236122131347,0.0019064364023506,0.165416369808474,661775.0625,1768248.25,12497.998046875,12737481.0,285.0,960.0,110.0,108.99987030029295,285.0,5523936.0,55.23936,2022-09-21 18:44:55.295980,86.0505,85.72227,27.22123,176.00012969970703,0.6481756564220913,4,3,False,3,True,25.80489353700117,True,77921.49535054178,583853.5671494582,True,True,Pause_Build,5,3.8244485434975903
B7,171,0.0011134463129565,0.0041987299919128,0.0015406608581542,0.0463318749603703,447578.21875,1257537.5,16204.0712890625,12737481.0,285.0,960.0,110.0,131.80715942382812,285.0,4560950.0,45.6095,2022-09-21 18:45:50.535340,84.59817,83.70031,27.26633,153.19284057617188,-0.5905591042760984,0,0,False,2,True,31.204346454504762,True,380796.03639787063,66782.18235212937,True,True,Monitor,1,1.797074181900438
B7,172,0.0013744864845648,0.0110247731208801,0.0021004304289817,0.2522182631174456,727338.25,2021066.5,3709.44677734375,12737481.0,285.0,960.0,110.0,120.1902084350586,285.0,5049545.0,50.49545,2022-09-21 18:46:36.144840,86.29784,84.96371,28.68528,164.8097915649414,1.1194788542184808,4,4,True,1,True,28.454121315118037,True,-82712.13014485035,810050.3801448504,False,False,Pause_Build,5,3.800219089789611
B7,173,0.0008787896949797,0.0029026269912719,0.0012359619140625,0.0058148672010058,557934.75,1290283.875,21529.41015625,12737481.0,285.0,960.0,110.0,128.71971130371094,285.0,4726111.0,47.26111,2022-09-21 18:47:26.640290,86.66646,85.63397,27.15445,156.28028869628906,-1.0083302648649897,0,0,True,1,True,30.473416501825504,True,633097.0836210481,75162.33362104814,True,True,Continue,0,0.3623467902477451
B7,174,0.0012517194263637,0.0059884190559387,0.0019165382254868,0.1694681340457907,693831.125,1887789.25,6820.7333984375,12737481.0,285.0,960.0,110.0,111.25182342529295,285.0,5511316.0,55.11316,2022-09-21 18:48:13.901400,84.93507,84.73885,27.42308,173.74817657470703,0.6911325517538193,4,3,False,3,True,26.338026379093975,True,69556.84359986288,624274.2814001371,True,True,Pause_Build,5,4.079367182961841
B7,175,0.0012306190328672,0.0048772096633911,0.0016709566116333,0.080767010360475,392923.96875,1104758.375,13143.33203125,12737481.0,285.0,960.0,110.0,142.28781127929688,285.0,4323808.0,43.23808,2022-09-21 18:49:09.014560,85.45688,84.17139,27.1792,142.71218872070312,-0.5060735881079926,1,1,False,2,True,33.6855613824093,True,272906.7388175796,120017.22993242042,True,True,Escalate_Human,4,1.7742372740540853
B7,176,0.0013250481570139,0.0058837532997131,0.0020370720885694,0.2342026618578565,887442.75,2297272.75,12884.2587890625,12737481.0,285.0,960.0,110.0,153.49005126953125,285.0,4045093.0,40.45093,2022-09-21 18:49:52.252640,86.81359,85.57742,28.76057,131.50994873046875,0.7186000823631258,4,4,True,1,True,36.33760683464281,True,-30249.278053262504,917692.0280532625,False,False,Pause_Build,5,4.065087667159112
B7,177,0.0009758691303431,0.0043347477912902,0.0013766288757324,0.0194730813287514,508882.53125,1190824.75,12901.4228515625,12737481.0,285.0,960.0,110.0,140.95083618164062,285.0,4364744.0,43.64744,2022-09-21 18:50:32.703570,84.9437,84.70851,27.2842,144.04916381835938,-0.9840798940701676,0,0,True,1,True,33.369042656638406,True,516620.0743395935,7737.543089593528,True,True,Continue,0,0.7244019562486534
B7,178,0.0012273932807147,0.0059453248977661,0.0018498511053621,0.1466824700443438,714955.3125,1897151.75,13649.337890625,12737481.0,285.0,960.0,110.0,166.75912475585938,285.0,3722410.0,37.2241,2022-09-21 18:51:16.351010,86.39027,85.03282,29.28837,118.24087524414062,-0.07463890083254449,2,2,False,3,True,39.47895945924701,True,124776.03805396683,590179.2744460332,True,True,Escalate_Human,4,3.934561301022507
B7,179,0.0012278408976271,0.0052890181541442,0.0016627460718154,0.0769064017441284,434494.375,1306805.375,16346.9287109375,12737481.0,285.0,960.0,110.0,128.8774871826172,285.0,4775559.0,47.75559,2022-09-21 18:51:53.575110,86.5282,85.98438,27.18921,156.1225128173828,-0.3048568084287788,1,1,False,2,True,30.51076874588475,True,279705.34391448554,154789.03108551446,True,True,Escalate_Human,4,2.178803078960701
B7,180,0.0013549635186791,0.0050570964813232,0.0020660189911723,0.2486774008050603,835866.125,2232608.75,14491.513671875,12737481.0,285.0,960.0,110.0,189.60806274414065,285.0,3271436.0,32.71436,2022-09-21 18:52:41.330700,85.24534,84.01499,27.54461,95.39193725585935,0.372192329893257,3,4,True,1,False,44.88827242995754,False,-54218.29396944819,890084.4189694482,False,False,Escalate_Human,4,4.056002886680801
B7,181,0.000948735687416,0.0042042732238769,0.001325100660324,0.0115329495194089,541210.875,1297831.125,12803.056640625,12737481.0,285.0,960.0,110.0,128.72560119628906,285.0,4781289.0,47.81289,2022-09-21 18:53:14.045060,87.02544,85.76164,28.90818,156.27439880371094,-0.8908724725671138,0,0,True,1,True,30.474810889272977,True,559287.1821887374,18076.30718873744,True,True,Continue,0,0.7909265019203846
B7,182,0.0012088804505765,0.0065765976905822,0.0018332004547119,0.1390751276440554,744988.3125,1943141.75,11931.8564453125,12737481.0,285.0,960.0,110.0,167.83901977539062,285.0,3698472.0,36.98472,2022-09-21 18:54:01.857950,85.71511,85.84124,27.29605,117.16098022460938,-0.1138159655282272,2,2,False,3,True,39.73461642409816,True,138563.3408242988,606424.9716757012,True,True,Escalate_Human,4,3.9607039241437576
B7,183,0.001207236549817,0.0055894255638122,0.0016355453990399,0.0689099873782121,408489.28125,1167989.25,14713.513671875,12737481.0,285.0,960.0,110.0,141.2141571044922,285.0,4356513.0,43.56513,2022-09-21 18:54:38.842670,86.89771,85.45451,28.65032,143.7858428955078,-0.54952031942969,1,1,False,2,True,33.431381890268035,True,302228.4223809743,106260.85886902572,True,True,Escalate_Human,4,1.8324225766612696
B7,184,0.0013185893185436,0.0048849582672119,0.0019956231117248,0.2145318499556955,788448.4375,2095621.75,20696.46484375,12737481.0,285.0,960.0,110.0,154.88735961914062,285.0,4008664.0,40.08664,2022-09-21 18:55:22.407800,87.07242,86.1364,27.3074,130.11264038085938,0.5180856564166605,3,4,False,2,True,36.668409000743516,True,4071.878836190095,784376.5586638099,False,False,Escalate_Human,4,4.120327726018257
B7,185,0.0009753571939654,0.0042851567268371,0.0013590008020401,0.0144169541402376,534232.1875,1265846.375,13763.9833984375,12737481.0,285.0,960.0,110.0,140.89431762695312,285.0,4366661.0,43.66661,2022-09-21 18:56:02.494440,85.98796,84.73165,27.44076,144.10568237304688,-0.9923223119627012,0,0,True,1,True,33.35566231698701,True,531216.7164984718,3015.4710015282035,True,True,Continue,0,0.8563624923800437
B7,186,0.0011886962456628,0.0058407187461853,0.0018005790188908,0.1271648398224566,752374.625,1924144.5,20474.32421875,12737481.0,285.0,960.0,110.0,170.12655639648438,285.0,3648587.0,36.48587,2022-09-21 18:56:46.161050,87.15054,85.90844,29.19591,114.87344360351562,-0.22188973520482938,1,2,False,3,True,40.27617338931922,True,165574.99471801962,586799.6302819804,True,True,Escalate_Human,4,3.8373528392519987
B7,187,0.0012055941624566,0.0077459812164306,0.0016349538927897,0.069203635617103,377606.59375,1022718.6875,12004.0380859375,12737481.0,285.0,960.0,110.0,130.0188446044922,285.0,4733680.0,47.3368,2022-09-21 18:57:22.646920,85.34843,85.01779,27.39622,154.9811553955078,-0.4769085586916589,1,0,False,2,True,30.78097646886652,True,302718.2095931007,74888.3841568993,True,True,Escalate_Human,4,1.5307239661890817
B7,188,0.0013222848065197,0.0063301920890808,0.0019923504441976,0.2227811158798283,825574.0625,2196669.5,13507.8662109375,12737481.0,285.0,960.0,110.0,190.7317047119141,285.0,3251999.0,32.51999,2022-09-21 18:58:09.983720,86.74629,85.36811,28.80899,94.26829528808591,0.17923302349295223,2,4,False,2,False,45.15428615338875,False,6781.758408589754,818792.3040914102,False,False,Pause_Build,5,4.2947140915081965
B7,189,0.0009522874606773,0.0049906969070434,0.0013267397880554,0.0142230394727911,585387.125,1482272.75,14753.2314453125,12737481.0,285.0,960.0,110.0,130.9280242919922,285.0,4700753.0,47.00753,2022-09-21 18:58:42.503710,85.97788,85.97967,27.26793,154.0719757080078,-0.8374757941536924,0,0,True,1,True,30.99621787215724,True,557929.928902555,27457.196097444976,True,True,Continue,0,1.2321431280092154
B7,190,0.0011885629501193,0.0054364800453186,0.0018026828765869,0.1272757084048228,769345.125,1982856.25,16166.0751953125,12737481.0,285.0,960.0,110.0,167.277099609375,285.0,3711024.0,37.11024,2022-09-21 18:59:29.511240,86.14095,84.78088,27.58247,117.722900390625,-0.16610098759328423,2,2,False,3,True,39.601586081764914,True,163832.9292785842,605512.1957214158,True,True,Escalate_Human,4,3.9547836861125285
B7,191,0.0012120887404307,0.0057485699653625,0.0016370415687561,0.0702264106432247,428580.125,1283194.0,13105.5654296875,12737481.0,285.0,960.0,110.0,145.27655029296875,285.0,4234208.0,42.34208,2022-09-21 19:00:06.621480,87.58597,86.33633,27.85786,139.72344970703125,-0.5469160728801712,1,1,False,2,True,34.39312270193389,True,300989.54317400465,127590.58182599535,True,True,Escalate_Human,4,2.081639272105831
B7,192,0.001284550409764,0.0050592422485351,0.0019770860671997,0.2031000165015562,889168.0625,2257461.25,20054.04296875,12737481.0,285.0,960.0,110.0,153.72767639160156,285.0,4038816.0,40.38816,2022-09-21 19:00:48.963560,85.51306,84.9472,27.34556,131.27232360839844,0.5309155703761473,3,4,False,2,True,36.393862782102644,True,19421.1796355322,869746.8828644678,False,False,Escalate_Human,4,4.299128058496675
B7,193,0.0009825577726587,0.0044502019882202,0.0013760328292846,0.0209364246838531,497915.4375,1132520.875,12844.93359375,12737481.0,285.0,960.0,110.0,138.52090454101562,285.0,4441670.0,44.4167,2022-09-21 19:01:29.351720,87.21614,85.88753,28.79991,146.47909545898438,-0.9737571201857488,0,0,True,1,True,32.79377474929347,True,517113.6209891294,19198.183489129413,True,True,Continue,0,0.5585520811155198
B7,194,0.0011657159775495,0.0055354833602905,0.0017692446708679,0.1141491575642849,756571.75,2017901.625,13760.6865234375,12737481.0,285.0,960.0,110.0,167.9995574951172,285.0,3694572.0,36.94572,2022-09-21 19:02:13.768420,86.4171,85.865,27.50203,117.00044250488281,-0.2420908936127304,1,2,False,3,True,39.772622513048574,True,191520.89631541376,565050.8536845862,True,True,Escalate_Human,4,3.9989329404732943
B7,195,0.0012355025392025,0.0051629841327667,0.0016754164826124,0.0813692410747512,436271.71875,1289228.125,18129.810546875,12737481.0,285.0,960.0,110.0,127.2061004638672,285.0,4838494.0,48.38494,2022-09-21 19:02:50.714140,86.7202,85.35412,27.85281,157.7938995361328,-0.2637651667009314,1,1,False,2,True,30.115080602241285,True,269213.8145711189,167057.9041788811,True,True,Escalate_Human,4,2.157071707885671
B7,196,0.0012871152721345,0.005630075931549,0.0019735097885131,0.2076170009551098,878073.5625,2257539.75,21693.822265625,12737481.0,285.0,960.0,110.0,183.52462768554688,285.0,3380778.0,33.80778,2022-09-21 19:03:39.099080,87.72207,86.42958,27.66557,101.47537231445312,0.20980365116671806,3,4,False,2,True,43.448065266464695,False,22382.459532582434,855691.1029674176,False,False,Escalate_Human,4,4.312452574248464
B7,197,0.0009505350026302,0.0043013095855712,0.0013176202774047,0.0116103758079066,530959.1875,1217941.75,13387.7509765625,12737481.0,285.0,960.0,110.0,131.0390625,285.0,4696645.0,46.96645,2022-09-21 19:04:12.906860,85.95741,84.71477,27.48303,153.9609375,-0.9534692074709233,0,0,True,1,True,31.022505326704543,True,565481.1926399248,34522.00513992482,True,True,Continue,0,0.5394009360001077
B7,198,0.0011922034900635,0.0057723522186279,0.0017963647842407,0.1241047731699709,736350.25,1920117.75,12407.56640625,12737481.0,285.0,960.0,110.0,163.21115112304688,285.0,3803535.0,38.03535,2022-09-21 19:04:59.873310,87.3583,86.02269,28.43125,121.78884887695312,-0.161097092219429,2,2,False,3,True,38.639003580266774,True,169064.52376326756,567285.7262367324,True,True,Escalate_Human,4,3.848287496835245
B7,199,0.0011892925249412,0.004891812801361,0.0016081929206848,0.0611544287452509,431982.5,1305750.0,12677.876953125,12737481.0,285.0,960.0,110.0,144.70834350585938,285.0,4261132.0,42.61132,2022-09-21 19:05:37.908660,86.02526,86.13953,27.5587,140.29165649414062,-0.5942457317463774,0,1,False,2,True,34.25860404968262,True,324877.20100970566,107105.29899029434,True,True,Monitor,1,2.074784336062188
B7,200,0.0013261121930554,0.0050619840621948,0.0020197001285851,0.2273050010879399,880330.5,2287392.5,14506.19140625,12737481.0,285.0,960.0,110.0,155.7089080810547,285.0,3987397.0,39.87397,2022-09-21 19:06:20.519980,86.69925,85.36253,27.809,129.2910919189453,0.6480567794200196,4,4,False,2,True,36.862904375249684,True,-15864.706720324466,896195.2067203245,False,False,Pause_Build,5,4.471345537315071
B7,201,0.0009525406640022,0.0046454668045043,0.0013254433870315,0.0120271736450165,536730.5625,1276729.0,15137.4404296875,12737481.0,285.0,960.0,110.0,138.8340606689453,285.0,4431869.0,44.31869,2022-09-21 19:07:00.393950,87.98105,86.69431,27.14554,146.1659393310547,-1.009379772258856,0,0,True,1,True,32.86791209018592,True,559003.3928652417,22272.830365241738,True,True,Continue,0,0.7327338042455946
B7,202,0.0011576786637306,0.0058841705322265,0.0017551850760355,0.1091179636175431,782380.0625,2019059.375,12694.9208984375,12737481.0,285.0,960.0,110.0,171.98060607910156,285.0,3608894.0,36.08894,2022-09-21 19:07:44.712640,85.83188,84.98596,27.20011,113.01939392089844,-0.3183751560765165,1,2,False,3,True,40.7151056058479,True,203162.71709796484,579217.3454020352,True,True,Escalate_Human,4,3.927752614844221
B7,203,0.0011796179460361,0.0071216821670532,0.001589071471244,0.0555914512922465,429739.625,1213561.125,13391.19140625,12737481.0,285.0,960.0,110.0,128.62281799316406,285.0,4785290.0,47.8529,2022-09-21 19:08:20.801580,87.72806,86.43243,29.154,156.37718200683594,-0.4875692120093823,1,0,False,2,True,30.450477744593762,True,340710.408875654,89029.21612434601,True,True,Escalate_Human,4,1.8154995305495096
B7,204,0.0013296529650688,0.0050597190856933,0.0020030736923217,0.2251244137235925,795827.375,2119972.5,14305.2861328125,12737481.0,285.0,960.0,110.0,184.3870391845703,285.0,3365035.0,33.65035,2022-09-21 19:09:08.654480,87.33381,86.5696,27.38526,100.61296081542969,0.24169492136994875,3,4,False,2,True,43.65223465543804,False,-2097.45428251219,797924.8292825122,False,False,Escalate_Human,4,4.181194664621257
B7,205,0.000955969444476,0.0053570866584777,0.0013279318809509,0.0121376676833048,498170.375,1155716.625,14201.83203125,12737481.0,285.0,960.0,110.0,133.56475830078125,285.0,4607625.0,46.07625,2022-09-21 19:09:42.304830,87.4059,86.04743,28.31776,151.43524169921875,-0.9914739087123461,0,0,True,1,True,31.620444673480407,True,556942.8356035659,58772.46060356591,True,True,Continue,0,0.3783177883004911
B7,206,0.0011728963581845,0.0057015419006347,0.0017700791358947,0.1148670939768121,720221.3125,1848620.375,12656.5625,12737481.0,285.0,960.0,110.0,162.82708740234375,285.0,3812638.0,38.12638,2022-09-21 19:10:28.381080,87.85433,86.86926,27.28266,122.17291259765625,-0.24249585893025513,1,2,False,3,True,38.54807940396395,True,190829.9310061629,529391.3814938371,True,True,Escalate_Human,4,3.6509864981419766
B7,207,0.0011570771457627,0.006006896495819,0.0015607728855684,0.0487113514456412,383313.78125,1047202.5,12619.7978515625,12737481.0,285.0,960.0,110.0,149.05078125,285.0,4126593.0,41.26593,2022-09-21 19:11:06.507460,86.31548,85.07184,27.55254,135.94921875,-0.829960583046106,0,0,False,2,True,35.28664328835227,True,364142.5964146431,19171.184835356893,True,True,Monitor,1,1.4363649284784548
B7,208,0.0012676888145506,0.0050611495971679,0.0019299983978271,0.1837282202061572,962108.625,2424200.75,11326.1484375,12737481.0,285.0,960.0,110.0,155.09829711914062,285.0,4003047.0,40.03047,2022-09-21 19:11:47.773390,87.9088,86.53715,28.85144,129.90170288085938,0.45958760635030477,3,4,False,2,True,36.718346855857156,True,58411.364945889916,903697.2600541101,False,False,Escalate_Human,4,4.484764112777276
B7,209,0.0009294072515331,0.0037469863891601,0.00130235706456,0.0117136980058383,560630.375,1306863.375,13015.9609375,12737481.0,285.0,960.0,110.0,136.9324188232422,285.0,4493550.0,44.9355,2022-09-21 19:12:27.803860,86.29748,86.41602,27.78071,148.0675811767578,-1.002919328758607,0,0,True,1,True,32.41771278959332,True,578119.6499085824,17489.274908582447,True,True,Continue,0,0.7358853456580863
B7,210,0.0011601366568356,0.005459725856781,0.0017635761760175,0.1124500598986149,755720.0625,1972375.25,13348.0693359375,12737481.0,285.0,960.0,110.0,170.14308166503906,285.0,3647715.0,36.47715,2022-09-21 19:13:12.739360,87.43775,86.03647,29.71856,114.85691833496094,-0.2944485761021007,1,2,False,3,True,40.280085621458106,True,196214.60206880397,559505.460431196,True,True,Escalate_Human,4,3.877757228588497
B7,211,0.0011805795365944,0.0057016909122467,0.0015991716645658,0.0589003282602208,424150.0625,1234396.125,12978.6142578125,12737481.0,285.0,960.0,110.0,126.11946105957033,285.0,4880278.0,48.80278,2022-09-21 19:13:49.216510,87.94789,86.99641,27.34649,158.8805389404297,-0.42992148286951404,1,1,False,2,True,29.8578269553907,True,332347.10666650743,91802.95583349257,True,True,Escalate_Human,4,1.8963580654480894
B7,212,0.00128728908021,0.0054198801517486,0.0019636659417301,0.1975072627827865,874538.625,2248756.75,15358.03125,12737481.0,285.0,960.0,110.0,177.9961700439453,285.0,3486170.0,34.8617,2022-09-21 19:14:38.019290,86.69893,85.4563,27.19149,107.00382995605469,0.2232269882679529,3,4,False,2,True,42.13924480207039,True,30533.498123998987,844005.126876001,False,False,Escalate_Human,4,4.278177158345235
B7,213,0.0009108685189858,0.0042418837547302,0.0012814998626708,0.0089188803641979,549710.5625,1283553.625,16434.6875,12737481.0,285.0,960.0,110.0,133.86968994140625,285.0,4597059.0,45.97059,2022-09-21 19:15:12.880990,84.95208,83.98517,27.1959,151.13031005859375,-1.0090302386581405,0,0,True,1,True,31.69263492931019,True,595390.1195995004,45679.55709950044,True,True,Continue,0,0.5558977751578493
B7,214,0.0011582375736907,0.0046484470367431,0.0017600655555725,0.1119748981407764,755428.75,1957985.625,12741.015625,12737481.0,285.0,960.0,110.0,159.26651000976562,285.0,3897992.0,38.97992,2022-09-21 19:15:58.851580,83.23647,82.46557,29.46414,125.73348999023438,-0.18357974519982706,2,2,False,3,True,37.70513968034224,True,199121.51471767086,556307.2352823291,True,True,Escalate_Human,4,3.836157699520539
B7,215,0.0011908296728506,0.0040232241153717,0.0015984028577804,0.0569440227057241,420227.15625,1221468.0,14905.607421875,12737481.0,285.0,960.0,110.0,149.35829162597656,285.0,4127715.0,41.27715,2022-09-21 19:16:37.831500,82.14521,81.44183,28.60431,135.64170837402344,-0.7016822574518469,0,0,False,2,True,35.35944404024066,True,332983.7047277412,87243.45152225881,True,True,Monitor,1,1.8702433837508812
B7,216,0.0012716392520815,0.0061333775520324,0.0019425302743911,0.1890148911798396,876892.875,2230664.25,12434.583984375,12737481.0,285.0,960.0,110.0,157.58682250976562,285.0,3939813.0,39.39813,2022-09-21 19:17:19.108650,81.01292,80.53504,27.27223,127.41317749023438,0.392942002248454,3,4,False,2,True,37.30748638962254,True,48034.54664022103,828858.328359779,False,False,Escalate_Human,4,4.188465535182379
B7,217,0.0009126295917667,0.003616988658905,0.0012846589088439,0.0103869716467075,552332.8125,1252694.75,16069.0537109375,12737481.0,285.0,960.0,110.0,137.67648315429688,285.0,4469458.0,44.69458,2022-09-21 19:17:58.506780,80.23125,79.70866,27.66154,147.32351684570312,-1.0543609828217995,0,0,True,1,True,32.593864383119524,True,592774.3223571586,40441.50985715864,True,True,Continue,0,0.500532054487389
B7,218,0.0011701632756739,0.0051257610321044,0.0017683953046798,0.1138633190562957,689218.625,1812126.625,14144.33984375,12737481.0,285.0,960.0,110.0,175.072509765625,285.0,3544802.0,35.44802,2022-09-21 19:18:43.201360,79.58593,79.10432,27.93521,109.927490234375,-0.39775725179603816,1,2,False,2,True,41.447090380119555,True,192224.20029099006,496994.42470900994,True,True,Escalate_Human,4,3.1629072072306403
B7,219,0.0011922891717404,0.0056443810462951,0.0016028881072998,0.058878498850589,391825.0,1044546.5625,15451.2021484375,12737481.0,285.0,960.0,110.0,127.92623901367188,285.0,4811267.0,48.11267,2022-09-21 19:19:18.649380,79.02244,78.59591,27.23113,157.07376098632812,-0.5152043717325788,1,0,False,2,True,30.28556794831247,True,329269.7661902276,62555.23380977241,True,True,Escalate_Human,4,1.49625761446387
B7,220,0.0013275017263367,0.0050631761550903,0.0020317733287811,0.2292212568381372,831513.6875,2176831.5,15168.9775390625,12737481.0,285.0,960.0,110.0,178.90347290039062,285.0,3468777.0,34.68777,2022-09-21 19:20:06.762050,78.41325,77.91647,27.29874,106.09652709960938,0.3682821232506013,3,4,False,2,True,42.35404187982732,False,-25861.72545587062,857375.4129558706,False,False,Escalate_Human,4,4.311872137552449
B7,221,0.0009514624834991,0.004922330379486,0.0013179897796362,0.0134446619689605,509386.84375,1110185.5,13870.2841796875,12737481.0,285.0,960.0,110.0,136.63267517089844,285.0,4503955.0,45.03955,2022-09-21 19:20:41.449820,78.03073,77.58163,27.52833,148.36732482910156,-1.0484288358469254,0,0,True,1,True,32.34675075068618,True,565175.2322755505,55788.38852555049,True,True,Continue,0,0.23778847447475293
B7,222,0.0011263686465099,0.0067066550254821,0.001711368560791,0.0957240811041464,804944.5,2024767.5,12353.595703125,12737481.0,285.0,960.0,110.0,159.23829650878906,285.0,3898805.0,38.98805,2022-09-21 19:21:26.489370,77.60549,77.11008,28.55197,125.76170349121094,-0.26664572259413793,1,2,False,3,True,37.698460347724684,True,239444.27598164324,565500.2240183568,True,True,Escalate_Human,4,3.8158021736160173
B7,223,0.0011635494884103,0.0047998428344726,0.0015871883369982,0.057183977568099,432618.0625,1250692.0,17073.666015625,12737481.0,285.0,960.0,110.0,151.37017822265625,285.0,4059152.0,40.59152,2022-09-21 19:22:05.477420,77.21249,76.7473,28.60039,133.62982177734375,-0.7246866341005151,0,0,False,2,True,35.83574295043945,True,342269.707821351,90348.35467864899,True,True,Monitor,1,1.8977377571874199
B7,224,0.0012947237119078,0.0052907690405845,0.0019884435459971,0.2073888541014402,863905.75,2230353.75,16229.3681640625,12737481.0,285.0,960.0,110.0,157.4217529296875,285.0,3943856.0,39.43856,2022-09-21 19:22:46.068940,76.80461,76.47166,27.28954,127.5782470703125,0.5066214049818034,3,4,False,2,True,37.268407417066165,True,10016.802462710068,853888.9475372899,False,False,Escalate_Human,4,4.30039964460598
B7,225,0.0009688335703685,0.0063382387161254,0.0013489006087183,0.0172370104386198,502932.5,1126382.125,16796.939453125,12737481.0,285.0,960.0,110.0,136.20826721191406,285.0,4517843.0,45.17843,2022-09-21 19:23:25.507500,76.51196,76.10563,29.33994,148.79173278808594,-0.9918040217504334,0,0,True,1,True,32.24627538160844,True,539580.0187076184,36647.51870761835,True,True,Continue,0,0.41854168760819066
B7,226,0.0011821404332295,0.0068786740303039,0.0017902255058288,0.1226077402891976,733192.625,1918481.125,13006.162109375,12737481.0,285.0,960.0,110.0,173.60667419433594,285.0,3574663.0,35.74663,2022-09-21 19:24:10.685930,76.28345,75.86347,28.19802,111.39332580566406,-0.28947694014002656,1,2,False,3,True,41.1000649134318,True,174148.05425312347,559044.5707468765,True,True,Escalate_Human,4,3.8380603792871515
B7,227,0.0012094940757378,0.0049018263816833,0.0016450402326881,0.0719435610357889,437161.6875,1254122.75,14183.7822265625,12737481.0,285.0,960.0,110.0,125.903564453125,285.0,4888668.0,48.88668,2022-09-21 19:24:46.432560,76.0149,75.65668,27.15917,159.096435546875,-0.3266923324158006,1,1,False,2,True,29.80671506939512,True,294366.37848780677,142795.30901219323,True,True,Escalate_Human,4,2.01031585403424
B7,228,0.0013185043353587,0.0056597590446472,0.0020004510879516,0.2195918881182906,867541.4375,2251993.5,13150.4169921875,12737481.0,285.0,960.0,110.0,173.44432067871094,285.0,3578096.0,35.78096,2022-09-21 19:25:35.319240,75.44359,75.0536,26.71197,111.55567932128906,0.39014559675097343,3,4,False,2,True,41.06162894855846,True,74.15097526391037,867467.2865247361,False,False,Escalate_Human,4,4.370241802342533
B7,229,0.0009118056623265,0.0048893094062805,0.0012754196068271,0.009583044811554,562406.5625,1303283.375,16229.7255859375,12737481.0,285.0,960.0,110.0,136.33847045898438,285.0,4513390.0,45.1339,2022-09-21 19:26:11.100200,74.74399,74.33028,26.66206,148.66152954101562,-1.033652007770958,0,0,True,1,True,32.2771000139641,True,600424.7774035283,38018.21490352834,True,True,Continue,0,0.5972498565722515
B7,230,0.0011709714308381,0.0057958364486694,0.0017792265862226,0.1179908611101271,762407.25,1994962.0,12418.9873046875,12737481.0,285.0,960.0,110.0,156.1699676513672,285.0,3975442.0,39.75442,2022-09-21 19:26:56.234100,73.7149,73.31415,26.54316,128.8300323486328,-0.09449444599120996,2,2,False,3,True,36.97205673564564,True,183255.53226962965,579151.7177303704,True,True,Escalate_Human,4,3.9514769363509146
B7,231,0.0011807292466983,0.0051620602607727,0.001588761806488,0.0554989975704355,400495.40625,1158394.625,11854.4296875,12737481.0,285.0,960.0,110.0,152.29322814941406,285.0,4049425.0,40.49425,2022-09-21 19:27:35.988520,,,,132.70677185058594,-0.7726288802307425,0,0,False,2,True,36.05426802779689,True,340966.8217833515,59528.58446664852,True,True,Monitor,1,1.732466270002588
B7,232,0.0012719180667772,0.0050611495971679,0.0019469975959509,0.191494861646456,999554.5625,2507535.5,12737.5205078125,12737481.0,285.0,960.0,110.0,160.58045959472656,285.0,3866213.0,38.66213,2022-09-21 19:28:16.482770,,,,124.41954040527344,0.4733954929253016,3,4,False,2,True,38.016207290418215,True,44335.4530605562,955219.1094394438,False,False,Escalate_Human,4,4.654489646108875
B7,233,0.0009198627085424,0.0039756894111633,0.0012954473495483,0.0101692403633018,544916.1875,1291431.875,13674.4189453125,12737481.0,285.0,960.0,110.0,135.7910614013672,285.0,4531905.0,45.31905,2022-09-21 19:28:55.144900,,,,149.2089385986328,-1.008448396317189,0,0,True,1,True,32.14750506661155,True,583841.1280012042,38924.940501204226,True,True,Continue,0,0.6354491654971102
B7,234,0.0011700190370902,0.0058977603912353,0.0017745494842529,0.1164543144377996,768829.6875,2018382.625,13607.7734375,12737481.0,285.0,960.0,110.0,179.38827514648438,285.0,3459292.0,34.59292,2022-09-21 19:29:40.463950,,,,105.61172485351562,-0.3555524037559291,1,2,False,3,True,42.468815138845734,False,187128.33113489184,581701.3563651082,True,False,Pause_Build,5,3.988233471601625
B7,235,0.0011786186369135,0.0046355724334716,0.0016101002693176,0.0626308681592348,420063.5625,1195743.125,15352.830078125,12737481.0,285.0,960.0,110.0,128.0304412841797,285.0,4807316.0,48.07316,2022-09-21 19:30:15.056870,,,,156.9695587158203,-0.4408668684446473,1,0,False,2,True,30.310237046444055,True,323297.85173132294,96765.71076867706,True,True,Escalate_Human,4,1.8301432704775051
B7,236,0.0012996427249163,0.0052465796470642,0.0019865301437675,0.209405098498954,906870.125,2346011.75,19823.9453125,12737481.0,285.0,960.0,110.0,174.68252563476562,285.0,3552889.0,35.52889,2022-09-21 19:31:03.130030,,,,110.31747436523438,0.36073906009720674,3,4,False,2,True,41.35476459156383,True,11601.164324305253,895268.9606756947,False,False,Escalate_Human,4,4.50270769472836
B7,237,0.0009343212586827,0.0044593214988708,0.0013016462326049,0.0104543027774673,494692.40625,1064895.125,18099.8359375,12737481.0,285.0,960.0,110.0,137.88926696777344,285.0,4462454.0,44.62454,2022-09-21 19:31:38.658920,,,,147.11073303222656,-1.1066174891697533,0,0,True,1,True,32.64423933896151,True,578708.242846461,84015.83659646101,True,True,Continue,0,0.019333471023058824
B7,238,0.0011960533447563,0.0054470896720886,0.001804252853617,0.1276415741770594,696970.75,1795031.0,12151.5126953125,12737481.0,285.0,960.0,110.0,156.53741455078125,285.0,3966211.0,39.66211,2022-09-21 19:32:23.283460,,,,128.46258544921875,-0.11148807578970996,2,2,False,3,True,37.05904700539329,True,162532.93511552177,534437.8148844782,True,True,Escalate_Human,4,3.627963058008297
B7,239,0.0011889663292095,0.0047601461410522,0.001610682811588,0.0609283014190989,442447.34375,1347615.625,15302.4658203125,12737481.0,285.0,960.0,110.0,147.60198974609375,285.0,4176651.0,41.76651,2022-09-21 19:33:02.945570,,,,137.39801025390625,-0.6094628831633856,0,1,False,2,True,34.94365287549568,True,322815.48699812125,119631.85675187875,True,True,Monitor,1,2.163404877394341
B7,240,0.0012365486472845,0.0060642957687377,0.0018908977508544,0.1659244995386528,895538.25,2290877.75,10833.611328125,12737481.0,285.0,960.0,110.0,160.81625366210938,285.0,3860414.0,38.60414,2022-09-21 19:33:44.712080,,,,124.18374633789062,0.24455196287202297,3,4,False,2,True,38.07202974955241,True,90788.02515297965,804750.2248470203,False,False,Escalate_Human,4,4.202161249542803
B7,241,0.0009174554725177,0.0038129687309265,0.0012862682342529,0.0113469034213945,533695.0,1216719.875,14998.7197265625,12737481.0,285.0,960.0,110.0,133.1136932373047,285.0,4623169.0,46.23169,2022-09-21 19:34:23.316220,,,,151.8863067626953,-1.0114705059122366,0,0,True,1,True,31.513658436861903,True,591441.7464034613,57746.74640346132,True,True,Continue,0,0.38648097164160644
B7,242,0.0011685540666803,0.0053077340126037,0.0017787143588066,0.1183315115828073,746876.25,1911381.625,12676.5068359375,12737481.0,285.0,960.0,110.0,178.42474365234375,285.0,3477678.0,34.77678,2022-09-21 19:35:09.547910,,,,106.57525634765625,-0.3728036654350968,1,2,False,3,True,42.24070635708895,True,183679.67392150988,563196.5760784901,True,True,Escalate_Human,4,3.7735140173353763
B7,243,0.0011709025129675,0.0053704231977462,0.0016002655029296,0.0604362295710697,428000.84375,1266299.125,13062.2666015625,12737481.0,285.0,960.0,110.0,126.30406188964844,285.0,4873128.0,48.73128,2022-09-21 19:35:44.324690,,,,158.69593811035156,-0.4139612967703126,1,1,False,2,True,29.901529803420555,True,331441.37144808634,96559.47230191366,True,True,Escalate_Human,4,1.9697922586210908
B7,244,0.0012888222699984,0.0049923658370971,0.0019711256027221,0.2052853442584096,869446.5625,2260996.5,11889.2529296875,12737481.0,285.0,960.0,110.0,170.6122589111328,285.0,3637839.0,36.37839,2022-09-21 19:36:33.055970,,,,114.38774108886719,0.3447417257619316,3,4,False,2,True,40.39115978009773,True,24356.64613056043,845089.9163694396,False,False,Escalate_Human,4,4.331916110574748
B7,245,0.0009624192607589,0.0042216181755065,0.0013334155082702,0.0125164119206282,486840.78125,1090343.375,14751.2919921875,12737481.0,285.0,960.0,110.0,137.2565460205078,285.0,4482885.0,44.82885,2022-09-21 19:37:09.434360,,,,147.7434539794922,-1.0493112453468205,0,0,True,1,True,32.49444744803689,True,552402.2064282163,65561.4251782163,True,True,Continue,0,0.2244985883772519
B7,246,0.0011771029094234,0.005732238292694,0.0017813444137573,0.120237751269245,725294.375,1888138.25,17649.6875,12737481.0,285.0,960.0,110.0,154.03907775878906,285.0,4030572.0,40.30572,2022-09-21 19:37:54.263210,,,,130.96092224121094,-0.09956411212060695,2,2,False,3,True,36.46758469668301,True,181501.89933061274,543792.4756693873,True,True,Escalate_Human,4,3.760651853961031
B7,247,0.0012188694672659,0.0069653391838073,0.0016604177653789,0.0772172296250387,463683.15625,1382296.375,13886.7666015625,12737481.0,285.0,960.0,110.0,148.01893615722656,285.0,4155595.0,41.55595,2022-09-21 19:38:34.568930,,,,136.98106384277344,-0.4926241227858501,1,1,False,2,True,35.04236177964644,True,281633.2605140542,182049.89573594579,True,True,Escalate_Human,4,2.3066811987688816
B7,248,0.0013700702693313,0.0050619840621948,0.0020926771685481,0.2631539198884596,808108.625,2136589.25,12668.1259765625,12737481.0,285.0,960.0,110.0,164.50743103027344,285.0,3773660.0,37.7366,2022-09-21 19:39:16.124880,,,,120.49256896972656,0.6956705316843449,4,4,True,1,True,38.94588802800034,True,-76292.16786824143,884400.7928682414,False,False,Pause_Build,5,3.922428141061597
B7,249,0.0009123116033151,0.0044008493423461,0.0012754797935485,0.0111873148589062,520431.3125,1127441.875,15791.50390625,12737481.0,285.0,960.0,110.0,132.84295654296875,285.0,4632777.0,46.32777,2022-09-21 19:39:53.861480,,,,152.15704345703125,-1.0529624263858794,0,0,True,1,True,31.449563575513434,True,600374.9407594157,79943.62825941574,True,True,Continue,0,0.09012665812897458
B7,250,0.0011677844449877,0.0057688951492309,0.0017843774985522,0.1199693615627941,817442.8125,2069088.125,14301.59765625,12737481.0,285.0,960.0,110.0,185.12689208984372,285.0,3351360.0,33.5136,2022-09-21 19:40:40.189250,,,,99.87310791015628,-0.3786838220815482,1,2,False,3,True,43.827389225815274,False,178990.40237629553,638452.4101237045,True,False,Pause_Build,5,4.0437569270906915
B7,251,0.0011727610835805,0.004804790019989,0.0015928149223327,0.0582576096131883,440792.8125,1305667.125,14523.8662109375,12737481.0,285.0,960.0,110.0,128.91818237304688,285.0,4774201.0,47.74201,2022-09-21 19:41:13.702850,,,,156.08181762695312,-0.44426624383260516,1,1,False,2,True,30.520403023922082,True,337610.7045667886,103182.10793321137,True,True,Escalate_Human,4,2.028762384438062
B7,252,0.0013108374550938,0.0050648748874664,0.0020038485527038,0.2190765777373119,896821.125,2305989.25,11827.0185546875,12737481.0,285.0,960.0,110.0,171.70474243164062,285.0,3614852.0,36.14852,2022-09-21 19:42:01.444860,,,,113.29525756835938,0.43106226589646573,3,4,False,2,True,40.64979697718765,True,-2739.064926875755,899560.1899268758,False,False,Escalate_Human,4,4.456336648222131
B7,253,0.0009822857100516,0.0034095644950866,0.0013605952262878,0.0146884419627415,511287.65625,1192537.625,14052.5810546875,12737481.0,285.0,960.0,110.0,139.26869201660156,285.0,4417996.0,44.17996,2022-09-21 19:42:37.593380,,,,145.73130798339844,-0.9981771988928316,0,0,True,1,True,32.97080776908181,True,529896.4792110999,18608.82296109991,True,True,Continue,0,0.6537543589531314
B7,254,0.0011645064223557,0.0074491798877716,0.0017552115023136,0.1098368226600985,729405.5,1889158.75,11546.9921875,12737481.0,285.0,960.0,110.0,154.8925323486328,285.0,4008424.0,40.08424,2022-09-21 19:43:21.773340,,,,130.1074676513672,-0.17224823847783455,2,2,False,3,True,36.66963360526345,True,203140.83524452173,526264.6647554783,True,True,Escalate_Human,4,3.704949377260363
B7,255,0.0012202390935271,0.0059790611267089,0.0016602649120613,0.0763588211745142,465825.125,1331142.75,10742.3388671875,12737481.0,285.0,960.0,110.0,143.564697265625,285.0,4284833.0,42.84833,2022-09-21 19:44:01.857580,,,,141.435302734375,-0.46457055286429494,1,1,False,2,True,33.9878544662938,True,281759.8282388521,184065.2967611479,True,True,Escalate_Human,4,2.17699492378715
B7,256,0.001303382217884,0.0058712363243103,0.0020016431808471,0.2195810403992693,896953.625,2296733.5,12880.001953125,12737481.0,285.0,960.0,110.0,164.90621948242188,285.0,3764439.0,37.64439,2022-09-21 19:44:44.705910,,,,120.09378051757812,0.5029995399094909,3,4,False,2,True,39.040298172921844,True,-912.9423237252049,897866.5673237252,False,False,Escalate_Human,4,4.429102369475277
B7,257,0.0009338275413028,0.0046496391296386,0.0013028101529926,0.0114695606010099,541195.25,1261282.25,14973.9169921875,12737481.0,285.0,960.0,110.0,130.42398071289062,285.0,4718770.0,47.1877,2022-09-21 19:45:22.350300,,,,154.57601928710938,-0.9471477744981027,0,0,True,1,True,30.876889373316907,True,577744.4773382591,36549.22733825911,True,True,Continue,0,0.5911093549320863
B7,258,0.0011510110925883,0.0046851634979248,0.0017534494400024,0.1087009002961733,738351.1875,1906562.875,12543.2578125,12737481.0,285.0,960.0,110.0,184.28485107421875,285.0,3366319.0,33.66319,2022-09-21 19:46:09.538000,,,,100.71514892578125,-0.49996216431549173,1,2,False,3,True,43.628042394464664,False,204599.88252712227,533751.3049728777,True,False,Pause_Build,5,3.728039680114224
B7,259,0.0011712806299328,0.0051638484001159,0.0015925168991088,0.0553117151170019,434616.375,1300262.375,15420.359375,12737481.0,285.0,960.0,110.0,127.56575012207033,285.0,4824799.0,48.24799,2022-09-21 19:46:43.201190,,,,157.4342498779297,-0.44153092967317176,1,1,False,2,True,30.200224934202254,True,337857.4778915567,96758.89710844331,True,True,Escalate_Human,4,2.0261004444002375
B7,260,0.0012481517624109,0.0057482421398162,0.0019205571152269,0.1786401921973771,974182.4375,2445430.75,14202.6083984375,12737481.0,285.0,960.0,110.0,169.77810668945312,285.0,3656030.0,36.5603,2022-09-21 19:47:31.449180,,,,115.22189331054688,0.2758471517428969,3,4,False,2,True,40.19368056095008,True,66229.06675729994,907953.3707427001,False,False,Escalate_Human,4,4.496662655497573
B7,261,0.000928372668568,0.0037751197814941,0.001300903968513,0.0112628197207463,535170.0625,1210533.125,14744.40625,12737481.0,285.0,960.0,110.0,139.06939697265625,285.0,4424043.0,44.24043,2022-09-21 19:48:08.009480,,,,145.93060302734375,-1.0648918912751244,0,0,True,1,True,32.923626177238695,True,579322.862658357,44152.800158357015,True,True,Continue,0,0.44626833144229616
B7,262,0.0011713091516867,0.0056294202804565,0.0017835199832916,0.1205312562412622,766496.0625,1952599.875,20600.666015625,12737481.0,285.0,960.0,110.0,152.94039916992188,285.0,4059641.0,40.59641,2022-09-21 19:48:52.249910,,,,132.05960083007812,-0.06053726485135097,2,2,False,3,True,36.20748086409135,True,179700.45405994728,586795.6084400527,True,True,Escalate_Human,4,3.848475713887516
B7,263,0.001181719941087,0.0047526359558105,0.0016036629676818,0.0593266030825292,414775.4375,1155063.75,12133.73046875,12737481.0,285.0,960.0,110.0,144.5305938720703,285.0,4256279.0,42.56279,2022-09-21 19:49:32.846320,,,,140.4694061279297,-0.6581220713015212,0,0,False,2,True,34.21652317047119,True,328628.1555459467,86147.28195405332,True,True,Monitor,1,1.727396093939438
B7,264,0.0012827032478526,0.0050615072250366,0.0019505321979522,0.1916691646106666,821941.875,2132952.75,21245.9375,12737481.0,285.0,960.0,110.0,169.0393524169922,285.0,3672297.0,36.72297,2022-09-21 19:50:15.409110,,,,115.96064758300781,0.24715694002459815,3,3,False,3,True,40.01878608356822,True,41408.68287071027,780533.1921292897,False,False,Escalate_Human,4,4.515088560042932
B7,265,0.0009472435340285,0.0043274760246276,0.0013214945793151,0.0114454132383642,590010.9375,1440875.0,17024.162109375,12737481.0,285.0,960.0,110.0,130.35475158691406,285.0,4721413.0,47.21413,2022-09-21 19:50:52.132080,,,,154.64524841308594,-0.8612312537033122,0,0,True,1,True,30.86049990220503,True,562273.1394181896,27737.798081810353,True,True,Continue,0,1.1120101182794433
B7,266,0.0011599416611716,0.0052416566759347,0.0017648069187998,0.1130503791664217,804162.875,2046693.5,15416.634765625,12737481.0,285.0,960.0,110.0,191.97476196289065,285.0,3248269.0,32.48269,2022-09-21 19:51:39.346210,,,,93.02523803710935,-0.5078955905222617,1,2,False,3,True,45.44857054045706,False,195195.50535430014,608967.3696456999,True,False,Pause_Build,5,3.974825063899737
B7,267,0.0011796465842053,0.0048015713691711,0.0015994845889508,0.0595694153673093,383065.0,1055193.375,13833.6142578125,12737481.0,285.0,960.0,110.0,130.53744506835938,285.0,4714864.0,47.14864,2022-09-21 19:52:11.828900,,,,154.46255493164062,-0.5417674897822135,1,0,False,2,True,30.903751199895684,True,332087.99467557995,50977.00532442005,True,True,Escalate_Human,4,1.531623543013788
B7,268,0.0012700578663498,0.0116363763809204,0.0019269055919721,0.1829082451074751,820284.4375,2121647.75,11084.6689453125,12737481.0,285.0,960.0,110.0,169.882080078125,285.0,3653933.0,36.53933,2022-09-21 19:52:58.977540,,,,115.117919921875,0.1784052422802933,2,4,False,2,False,40.21829547304095,True,60972.31296098931,759312.1245390107,False,False,Pause_Build,5,3.993077250112863
B7,269,0.0009805483277887,0.0047625303268432,0.0013605952262878,0.0151331419520886,513174.21875,1181843.25,13296.4443359375,12737481.0,285.0,960.0,110.0,141.56373596191406,285.0,4345885.0,43.45885,2022-09-21 19:53:35.516870,,,,143.43626403808594,-1.0261734642065004,0,0,True,1,True,33.51414203643799,True,529896.4792110999,16722.26046109991,True,True,Continue,0,0.6309285464767602
B7,270,0.0011827282141894,0.0052605271339416,0.0017997622489929,0.127461799412613,789542.75,2003463.375,12504.759765625,12737481.0,285.0,960.0,110.0,154.33470153808594,285.0,4022990.0,40.2299,2022-09-21 19:54:18.975720,,,,130.66529846191406,-0.016546615912893803,2,2,False,3,True,36.537571386857465,True,166251.30786112812,623291.4421388719,True,True,Escalate_Human,4,3.96311822807098
B7,271,0.0011918266536667,0.0054661333560943,0.0016083717346191,0.0595751030533639,395612.03125,1097668.875,15715.8447265625,12737481.0,285.0,960.0,110.0,140.5172882080078,285.0,4378176.0,43.78176,2022-09-21 19:54:59.205620,,,,144.4827117919922,-0.6282790066469633,0,0,False,2,True,33.26640345833518,True,324729.13701487775,70882.89423512225,True,True,Monitor,1,1.630399434233868
B7,272,0.0012886504409834,0.005060076713562,0.0019665537402033,0.2007974527408852,877550.6875,2267523.25,18180.36328125,12737481.0,285.0,960.0,110.0,169.1273956298828,285.0,3670271.0,36.70271,2022-09-21 19:55:42.987380,,,,115.87260437011719,0.34344810821513594,3,4,False,2,True,40.03962964722604,True,28142.30316554662,849408.3843344534,False,False,Escalate_Human,4,4.324381971200712
B7,273,0.0009068126091733,0.0043126344680786,0.0012737275101244,0.0092425093690767,546294.1875,1258561.25,11698.2333984375,12737481.0,285.0,960.0,110.0,128.2049560546875,285.0,4800752.0,48.00752,2022-09-21 19:56:19.690090,,,,156.7950439453125,-0.962039773267233,0,0,True,1,True,30.351552096280184,True,601825.890792243,55531.70329224295,True,True,Continue,0,0.4499983549305049
B7,274,0.0011567855253815,0.005786120891571,0.0017435550689697,0.1055322939866369,739058.125,1942426.125,14329.3564453125,12737481.0,285.0,960.0,110.0,188.6421661376953,285.0,3296469.0,32.96469,2022-09-21 19:57:07.697610,,,,96.35783386230469,-0.5570094517243559,0,2,False,3,False,44.65960372578014,False,212792.75690877298,526265.368091227,True,False,Adjust_Parameters,2,3.7955349820291953
B7,275,0.0012182611972093,0.0051608681678771,0.0016537904739379,0.0756097105857326,401820.625,1130971.375,14055.7392578125,12737481.0,285.0,960.0,110.0,129.45054626464844,285.0,4754363.0,47.54363,2022-09-21 19:57:40.662300,,,,155.54945373535156,-0.38916624984946785,1,1,False,2,True,30.646436142198965,True,287120.88232318754,114699.74267681246,True,True,Escalate_Human,4,1.7891060923165254
B7,276,0.0013453002320602,0.0079187750816345,0.0020570158958435,0.2467767008046817,859761.8125,2250405.0,10950.634765625,12737481.0,285.0,960.0,110.0,168.29031372070312,285.0,3688593.0,36.88593,2022-09-21 19:58:28.205930,,,,116.70968627929688,0.6006238162711741,3,4,True,1,False,39.84145684675737,True,-46763.42606211896,906525.238562119,False,False,Escalate_Human,4,4.038931822967641
B7,277,0.0008966762106865,0.0052162408828735,0.0012581348419189,0.0093496715231296,521359.875,1086778.125,14608.7412109375,12737481.0,285.0,960.0,110.0,141.72647094726562,285.0,4340637.0,43.40637,2022-09-21 19:59:05.091860,,,,143.27352905273438,-1.1917734512113562,0,0,True,1,True,33.55266831137917,True,614737.1482597687,93377.27325976873,True,True,Continue,0,-0.09364797078093501
B7,278,0.0011560771381482,0.0058282613754272,0.0017565488815307,0.1094575725976068,745192.0625,1906405.375,14495.15234375,12737481.0,285.0,960.0,110.0,152.99188232421875,285.0,4058204.0,40.58204,2022-09-21 19:59:48.498230,,,,132.00811767578125,-0.1446229802715543,2,2,False,3,True,36.21966911084724,True,202033.4399497509,543158.6225502491,True,True,Escalate_Human,4,3.721293376184479
B7,279,0.0011783402878791,0.005764365196228,0.0016032457351684,0.0599279851276318,462295.90625,1365143.25,12586.6728515625,12737481.0,285.0,960.0,110.0,141.75567626953125,285.0,4340146.0,43.40146,2022-09-21 20:00:29.080270,,,,143.24432373046875,-0.5491662018508539,1,1,False,2,True,33.55958245017312,True,328973.6382005722,133322.26804942777,True,True,Escalate_Human,4,2.1560414881797128
B7,280,0.0012829765910282,0.0050628185272216,0.0019533336162567,0.1918705027635192,829126.875,2193617.0,12960.67578125,12737481.0,285.0,960.0,110.0,171.49493408203125,285.0,3619386.0,36.19386,2022-09-21 20:01:12.481730,,,,113.50506591796875,0.2454607873337979,3,4,False,2,True,40.60012643987482,True,39089.01361802383,790037.8613819762,False,False,Escalate_Human,4,4.2049999999208385
B7,281,0.0008977439138107,0.0045195817947387,0.0012649595737457,0.0104489785829924,566756.3125,1286944.0,10264.4404296875,12737481.0,285.0,960.0,110.0,128.43295288085938,285.0,4792303.0,47.92303,2022-09-21 20:01:48.675590,,,,156.56704711914062,-0.9595041876634854,0,0,True,1,True,30.40552861762769,True,609086.0391230047,42329.72662300465,True,True,Continue,0,0.5133605646134156
B7,282,0.0011397008784115,0.006698727607727,0.0017257840372622,0.0997612772847063,714096.9375,1878271.125,12053.4638671875,12737481.0,285.0,960.0,110.0,188.3701629638672,285.0,3293401.0,32.93401,2022-09-21 20:02:36.598620,,,,96.62983703613281,-0.6160276537101183,0,2,False,2,False,44.595209035006434,False,227507.77314686403,486589.164353136,True,False,Adjust_Parameters,2,3.1973996447015165
B7,283,0.0011985284509137,0.0042684078216552,0.0016192197799682,0.0650198204681228,411110.78125,1164850.75,17535.44921875,12737481.0,285.0,960.0,110.0,132.80404663085938,285.0,4634184.0,46.34184,2022-09-21 20:03:09.532630,,,,152.19595336914062,-0.48748870448716014,1,0,False,2,True,31.4403519485936,True,315746.58799403603,95364.19325596397,True,True,Escalate_Human,4,1.788263083418073
B7,284,0.0013085620012134,0.0050632953643798,0.0020060539245605,0.2182349677072428,909753.3125,2314276.75,21931.142578125,12737481.0,285.0,960.0,110.0,165.2001190185547,285.0,3757764.0,37.57764,2022-09-21 20:03:55.874470,,,,119.79988098144531,0.5061948054993324,3,4,False,2,True,39.10987666158965,True,-4565.1875300263055,914318.5000300263,False,False,Escalate_Human,4,4.457550267096206
B7,285,0.0009526704088784,0.0051051378250122,0.0013390094973146,0.0150258555790045,502720.03125,1132672.125,16010.7412109375,12737481.0,285.0,960.0,110.0,144.66571044921875,285.0,4252161.0,42.52161,2022-09-21 20:04:33.452110,,,,140.33428955078125,-1.1021097901312782,0,0,True,1,True,34.24851099650065,True,547770.1940060388,45050.16275603883,True,True,Continue,0,0.38473031017365944
B7,286,0.0011535875964909,0.0054666399955749,0.0017421660013496,0.1051076754816122,698357.0,1840634.25,12087.205078125,12737481.0,285.0,960.0,110.0,154.7952117919922,285.0,4010905.0,40.10905,2022-09-21 20:05:15.973720,,,,130.2047882080078,-0.21892235952728786,1,2,False,2,True,36.64659370075572,True,213942.9519521452,484414.0480478548,True,True,Escalate_Human,4,3.1653625804518493
B7,287,0.0011943432036787,0.0046175122261047,0.0016119480133056,0.0636521024312475,387482.3125,1122888.125,13782.0126953125,12737481.0,285.0,960.0,110.0,138.23130798339844,285.0,4451035.0,44.51035,2022-09-21 20:05:56.082770,,,,146.76869201660156,-0.5758032676857946,0,0,False,2,True,32.72521495819092,True,321767.85711791064,65714.45538208936,True,True,Monitor,1,1.7139392162381395
B7,288,0.0012713243486359,0.0067010521888732,0.0019395351409912,0.187210694793082,862139.375,2254166.25,14123.4736328125,12737481.0,285.0,960.0,110.0,170.36524963378906,285.0,3643294.0,36.43294,2022-09-21 20:06:40.593120,,,,114.63475036621094,0.2493912984089529,3,4,False,2,True,40.332682204969,True,50514.61855389457,811624.7564461054,False,False,Escalate_Human,4,4.267014077585339
B7,289,0.0009347138111479,0.0047464370727539,0.0013108938001096,0.0128344157044449,547127.5,1249124.875,14028.13671875,12737481.0,285.0,960.0,110.0,126.7035140991211,285.0,4857792.0,48.57792,2022-09-21 20:07:17.026060,,,,158.2964859008789,-0.89670745618024,0,0,True,1,True,29.996097087860107,True,571050.9436961212,23923.44369612122,True,True,Continue,0,0.6119476066107699
B7,290,0.0011693449923768,0.006829559803009,0.0017727250233292,0.1156534306292646,720156.9375,1874851.375,15256.4697265625,12737481.0,285.0,960.0,110.0,182.98887634277344,285.0,3390381.0,33.90381,2022-09-21 20:08:05.603980,,,,102.01112365722656,-0.45262107225340886,1,2,False,3,True,43.32123019478538,False,188639.04658236215,531517.8909176379,True,False,Pause_Build,5,3.720604433238553
B7,291,0.0011754905572161,0.0048629343509674,0.0015869108028709,0.0542277815005087,403023.75,1133274.25,15700.779296875,12737481.0,285.0,960.0,110.0,131.90481567382812,285.0,4665615.0,46.65615,2022-09-21 20:08:39.507790,,,,153.09518432617188,-0.5603802553766268,0,0,False,2,True,31.227465831872188,True,342499.5154800769,60524.234519923106,True,True,Monitor,1,1.662658183365829
B7,292,0.0013006513472646,0.0066124200820922,0.0019825189374387,0.2082236013465546,890972.125,2306945.0,19846.970703125,12737481.0,285.0,960.0,110.0,164.1726531982422,285.0,3781380.0,37.8138,2022-09-21 20:09:26.163940,,,,120.82734680175781,0.45559070229591336,3,4,False,2,True,38.86663191246264,True,14922.579042040277,876049.5459579597,False,False,Escalate_Human,4,4.427832388857589
B7,293,0.0009377595270052,0.0040007829666137,0.0013218522071838,0.0126792303310963,510820.21875,1173136.25,13454.703125,12737481.0,285.0,960.0,110.0,145.38174438476562,285.0,4241275.0,42.41275,2022-09-21 20:10:03.977740,,,,139.61825561523438,-1.1217598025966191,0,0,True,1,True,34.41802660624186,True,561977.0114284516,51156.79267845163,True,True,Continue,0,0.4139209879258807
B7,294,0.0011654512491077,0.0053334236145019,0.0017721790354698,0.1154748570417968,789666.75,2044423.75,19381.76171875,12737481.0,285.0,960.0,110.0,154.14007568359375,285.0,4027974.0,40.27974,2022-09-21 20:10:46.390490,,,,130.85992431640625,-0.0699890847326668,2,2,False,3,True,36.491495190244734,True,189091.14302499476,600575.6069750052,True,True,Escalate_Human,4,4.009812614476518
B7,295,0.0011948400642722,0.0053640007972717,0.001625120639801,0.0652540749028019,428213.375,1286350.75,12318.8408203125,12737481.0,285.0,960.0,110.0,139.855224609375,285.0,4399497.0,43.99497,2022-09-21 20:11:26.670230,,,,145.144775390625,-0.5149778014356831,1,1,False,2,True,33.10966491699219,True,310860.476163978,117352.89883602201,True,True,Escalate_Human,4,2.0668908919919478
B7,296,0.0012739466037601,0.00587660074234,0.0019559264183044,0.1924251505551274,910112.625,2317795.75,12296.9248046875,12737481.0,285.0,960.0,110.0,173.4088897705078,285.0,3579180.0,35.7918,2022-09-21 20:12:10.665200,,,,111.59111022949219,0.27388423698322073,3,4,False,2,True,41.05324094945734,True,36942.08569273306,873170.5393072669,False,False,Escalate_Human,4,4.3681563201309475
B7,297,0.0009009604109451,0.0050716996192932,0.0012751817703247,0.0096560347122068,533842.75,1188378.875,12782.4697265625,12737481.0,285.0,960.0,110.0,127.198974609375,285.0,4838911.0,48.38911,2022-09-21 20:12:46.457000,,,,157.801025390625,-0.9733422729333274,0,0,True,1,True,30.113393610174004,True,600621.7140841009,66778.96408410091,True,True,Continue,0,0.26244460057497987
B7,298,0.0011672081891447,0.0061274245381355,0.0017929226160049,0.1228081515607371,766126.0625,1994196.125,12540.2001953125,12737481.0,285.0,960.0,110.0,182.2002410888672,285.0,3405565.0,34.05565,2022-09-21 20:13:34.846110,,,,102.79975891113281,-0.3543697153557118,1,2,False,3,True,43.134526772932574,False,171914.75566413486,594211.3068358651,True,False,Pause_Build,5,3.9694733147304495
B7,299,0.00118389504496,0.0040749907493591,0.0015991330146789,0.0591917615852707,371014.5,971461.6875,12591.5205078125,12737481.0,285.0,960.0,110.0,135.61912536621094,285.0,4537655.0,45.37655,2022-09-21 20:14:08.901760,,,,149.38087463378906,-0.6306219856380758,0,0,False,2,True,32.10680051283403,True,332379.11008210527,38635.38991789473,True,True,Monitor,1,1.3473023145746579
B7,300,0.0010262141004204,0.0037298500537872,0.0017348551191389,0.1031377815762163,1167425.625,2734080.75,27742.705078125,12737481.0,285.0,960.0,110.0,161.06910705566406,285.0,3854342.0,38.54342,2022-09-21 20:14:54.278310,,,,123.93089294433594,0.021166287233289838,2,3,False,3,True,38.131890874920465,True,219996.61007486517,947429.0149251348,False,False,Pause_Build,5,4.9457979994264685
B7,301,0.0006856352556496,0.0182780921459198,0.0011603899765759,0.0101352313167259,1629185.75,2978194.25,5050.087890625,12737481.0,285.0,960.0,110.0,159.75213623046875,285.0,1721126.0,17.21126,2022-09-21 20:15:32.821730,,,,125.24786376953125,-0.8073856951094116,0,1,False,2,True,37.82010800910718,True,695673.2078192845,933512.5421807155,False,False,Adjust_Parameters,2,3.141720946735699
B7,302,0.0011308670509606,0.021515816450119,0.0016338637797161,0.0761495539044549,990211.8125,2370101.25,5561.57177734375,12737481.0,285.0,960.0,110.0,74.32270812988281,285.0,3653101.0,36.53101,2022-09-21 20:15:50.032990,,,,210.6772918701172,0.6574408484276716,4,2,False,3,False,17.59533809893059,False,303620.8601450443,686590.9523549557,False,False,Pause_Build,5,4.1772634656223575
B7,303,0.0007909920532256,0.0067801773548126,0.0014494195347651,0.0474467752849929,1796927.75,3351113.75,14232.193359375,12737481.0,285.0,960.0,110.0,131.9506072998047,285.0,2097122.0,20.97122,2022-09-21 20:16:26.564000,,,,153.0493927001953,0.07509215823908874,2,2,False,3,True,31.23830665241588,True,456346.94291552017,1340580.8070844798,False,False,Pause_Build,5,4.765993094624833
B7,304,0.0010535873007029,0.003765545785427,0.0017081409459933,0.0931717447230573,1108354.25,2681042.75,26823.4375,12737481.0,285.0,960.0,110.0,83.69573974609375,285.0,3241200.0,32.412,2022-09-21 20:16:47.535220,,,,201.30426025390625,0.8033793111260735,4,3,False,3,True,19.814332326253254,False,242116.8503678795,866237.3996321205,False,False,Pause_Build,5,4.87067595940343
B7,305,0.000642503844574,0.0061548650264739,0.0011829227441921,0.0111733319245601,1759177.75,3098822.25,16812.876953125,12737481.0,285.0,960.0,110.0,111.21749877929688,285.0,2462965.0,24.62965,2022-09-21 20:17:19.947220,,,,173.78250122070312,-0.19386632249674973,2,1,False,2,False,26.3299002791896,True,677015.3129475096,1082162.4370524904,False,False,Pause_Build,5,3.246207307212905
B7,306,0.0010074836900457,0.0036879926919937,0.0017008021241053,0.0916707595412128,1061510.75,2531552.25,19276.998046875,12737481.0,285.0,960.0,110.0,85.2975845336914,285.0,3179364.0,31.79364,2022-09-21 20:17:44.576870,,,,199.7024154663086,0.7181813369471306,4,3,False,3,True,20.193556944529213,False,248193.6434898458,813317.1065101542,False,False,Pause_Build,5,4.574402176124921
B7,307,0.0007723946473561,0.0034822225570678,0.0014608978526666,0.0358590106277238,1682082.125,3223147.0,15493.6064453125,12737481.0,285.0,960.0,110.0,127.7756118774414,285.0,2166131.0,21.66131,2022-09-21 20:18:16.370510,,,,157.2243881225586,0.04779528469723951,2,2,False,3,True,30.249908114924573,True,446842.5068711424,1235239.6181288576,False,False,Pause_Build,5,4.68215778867463
B7,308,0.0011685241479426,0.0069122314453125,0.0018568262457847,0.1502030189381024,891424.875,2287928.0,12994.0,12737481.0,285.0,960.0,110.0,76.97714233398438,285.0,3526744.0,35.26744,2022-09-21 20:18:38.031820,,,,208.02285766601562,1.0896171409907796,4,4,False,2,True,18.223755287401602,False,119000.38550486858,772424.4894951314,False,False,Pause_Build,5,4.136180615609943
B7,309,0.0007374711567535,0.0154543220996856,0.0012603178620338,0.0181732481407772,1969443.875,3410460.0,7680.76611328125,12737481.0,285.0,960.0,110.0,163.80633544921875,285.0,1687753.0,16.87753,2022-09-21 20:19:13.299260,,,,121.19366455078125,-0.561316461576459,0,1,False,2,False,38.7799089605158,True,612929.5336559821,1356514.341344018,False,False,Adjust_Parameters,2,3.780656489892376
B7,310,0.0009893471142277,0.003752663731575,0.0016900262562558,0.0883241564308908,1147897.625,2653117.0,16951.30078125,12737481.0,285.0,960.0,110.0,74.30266571044922,285.0,3653896.0,36.53896,2022-09-21 20:19:30.176790,,,,210.69733428955078,0.8621915691211632,4,3,False,3,True,17.590593207966197,False,257116.42709604418,890781.1979039558,False,False,Pause_Build,5,4.695399466802948
B7,311,0.0008908149902708,0.0127205550670623,0.0014951091725379,0.0436369448810506,1548151.25,3083917.0,11451.521484375,12737481.0,285.0,960.0,110.0,136.18087768554688,285.0,2032120.0,20.3212,2022-09-21 20:20:06.715750,,,,148.81912231445312,-0.03351024654204053,2,2,False,3,True,32.23979111873742,True,418514.37512737606,1129636.874872624,False,False,Pause_Build,5,4.649388907169405
B8,1,0.0010025138035416,0.0027863383293151,0.0018728880677372,0.1845398282059721,1590841.75,3035585.0,63149.70703125,12737481.0,285.0,960.0,110.0,126.55828857421876,285.0,3809918.0,38.09918,2022-09-27 13:26:11.000000,49.11349,,25.18023,158.44171142578125,0.942320271420201,4,4,False,2,True,29.96171604503285,True,153753.32394997473,1437088.4260500253,False,False,Pause_Build,5,5.043048876081476
B8,2,0.0012410405324772,0.0029861032962799,0.0019723176956176,0.2640329895626243,950237.875,2213334.25,43816.39453125,12737481.0,285.0,960.0,110.0,119.7758331298828,285.0,4057264.0,40.57264,2022-09-27 13:26:49.099180,50.30035,,24.71652,165.2241668701172,1.0976107398657207,4,3,False,3,True,28.356021100824524,True,78678.73640797636,871559.1385920236,False,False,Pause_Build,5,4.958870552846193
B8,3,0.0009323479607701,0.0031273365020751,0.0016540884971618,0.0708204147303148,1932923.875,3598927.25,50645.7578125,12737481.0,285.0,960.0,110.0,143.9500274658203,285.0,3364081.0,33.64081,2022-09-27 13:27:29.671820,50.38574,,25.07048,141.0499725341797,0.32976308541248905,3,3,False,2,True,34.079078472021855,True,318958.48327203374,1613965.3917279663,False,False,Escalate_Human,4,5.258058051263987
B8,4,0.0011561152059584,0.003725066781044,0.0018046498298645,0.1624821024794423,1108854.125,2610121.25,36211.1796875,12737481.0,285.0,960.0,110.0,110.01229095458984,285.0,4423949.0,44.23949,2022-09-27 13:28:03.312630,50.26444,,25.25277,174.98770904541016,0.8240794240598975,4,2,False,2,False,26.044576457052518,True,205276.77497855457,903577.3500214454,False,False,Pause_Build,5,4.61826605684768
B8,5,0.0009855554671958,0.0030386447906494,0.0015481202863156,0.0300947942425971,1246902.125,2789045.0,40996.87109375,12737481.0,285.0,960.0,110.0,138.6705322265625,285.0,3475388.0,34.75388,2022-09-27 13:28:47.552120,51.22059,,25.2001,146.3294677734375,-0.1582347684590053,2,1,False,2,True,32.82919797030362,True,398970.04412602144,847932.0808739786,False,False,Pause_Build,5,4.192053393406335
B8,6,0.0011426752898842,0.0029740631580352,0.0017527220770716,0.1216307469510954,934610.5,2348898.75,27394.2734375,12737481.0,285.0,960.0,110.0,118.9525375366211,285.0,4085127.0,40.85127,2022-09-27 13:29:22.306000,50.14266,,25.3181,166.0474624633789,0.43395758122570555,3,2,False,3,True,28.161112106207643,True,244484.95372784184,690125.5462721582,True,True,Reduce_Scan_Speed,3,4.738540893326101
B8,7,0.0010097288759425,0.0029538720846176,0.001571238040924,0.0397880126998489,1173297.5,2710745.5,28183.533203125,12737481.0,285.0,960.0,110.0,124.4859390258789,285.0,3892418.0,38.92418,2022-09-27 13:30:03.157270,51.30751,,24.88238,160.5140609741211,0.029608586104577422,2,1,False,2,True,29.471102989081178,True,381514.92607800453,791782.5739219955,False,False,Pause_Build,5,4.179974757795709
B8,8,0.0012230332940816,0.004357174038887,0.0018839626573026,0.204600292214569,963626.25,2408016.75,24218.126953125,12737481.0,285.0,960.0,110.0,131.36087036132812,285.0,3700619.0,37.00619,2022-09-27 13:30:42.081450,49.99552,,25.14238,153.63912963867188,0.7411158824799964,4,3,False,3,True,31.098690899935633,True,145391.4275862528,818234.8224137472,False,False,Pause_Build,5,5.145135006741272
B8,9,0.0009808340109884,0.0032442808151245,0.0014988211914896,0.0223454301075268,1029623.1875,2477796.5,26485.47265625,12737481.0,285.0,960.0,110.0,126.56250762939452,285.0,3809677.0,38.09677,2022-09-27 13:31:19.087640,51.21243,,25.09028,158.43749237060547,-0.21531185277908504,2,1,False,2,True,29.96271487438317,True,436193.44814708177,593429.7393529182,True,True,Escalate_Human,4,3.698327334034223
B8,10,0.001166408881545,0.0037185549736022,0.0017696050927042,0.1311480949564923,829160.875,2161130.25,21561.611328125,12737481.0,285.0,960.0,110.0,117.0952606201172,285.0,4150351.0,41.50351,2022-09-27 13:31:57.184410,51.26069,,25.1371,167.9047393798828,0.4370772759252286,3,2,False,3,True,27.72141586650502,True,231737.39083233173,597423.4841676683,True,True,Reduce_Scan_Speed,3,4.5190243439774935
B8,11,0.0009966947836801,0.0041204690933227,0.0015245790127664,0.0280179526103887,1072346.625,2563643.0,26243.380859375,12737481.0,285.0,960.0,110.0,142.92340087890625,285.0,3387929.0,33.87929,2022-09-27 13:32:38.687920,50.93327,,25.17036,142.07659912109375,-0.3199060133883287,1,1,False,2,True,33.836032405044094,True,416744.9412024284,655601.6837975716,True,True,Escalate_Human,4,3.8875044354356
B8,12,0.0012698838254436,0.0038129687309265,0.0019077792530879,0.2217665178416917,830367.875,2246617.75,18028.955078125,12737481.0,285.0,960.0,110.0,111.12809753417967,285.0,4379561.0,43.79561,2022-09-27 13:33:12.567210,52.13151,,24.99359,173.8719024658203,0.9926407758595063,4,3,False,3,True,26.308735211690262,True,127408.64777150145,702959.2272284986,True,True,Pause_Build,5,5.037154277131071
B8,13,0.0009828797774389,0.0032047033309936,0.001501977443695,0.0207512737301921,984510.875,2366744.25,27642.267578125,12737481.0,285.0,960.0,110.0,138.8363494873047,285.0,3471464.0,34.71464,2022-09-27 13:33:56.362820,50.79434,,25.48374,146.1636505126953,-0.3948401408117589,1,1,False,2,True,32.868453950592965,True,433810.31207838445,550700.5629216156,True,True,Escalate_Human,4,3.528384247581461
B8,14,0.0011359165655449,0.0032471418380737,0.0017575025558471,0.1231119883065082,981136.0,2431307.25,14038.9345703125,12737481.0,285.0,960.0,110.0,120.70040130615234,285.0,4044983.0,40.44983,2022-09-27 13:34:31.077460,52.15001,,24.78668,164.29959869384766,0.4545643006683736,3,2,False,2,True,28.574905612251975,True,240875.44135235902,740260.558647641,False,False,Escalate_Human,4,4.292821642462764
B8,15,0.0010017494205385,0.0034161210060119,0.0015464425086975,0.0362438354606241,1097636.5,2660713.5,24436.12890625,12737481.0,285.0,960.0,110.0,125.2935028076172,285.0,3867471.0,38.67471,2022-09-27 13:35:11.527290,51.51576,,24.92957,159.7064971923828,-0.03621154054494223,2,1,False,2,True,29.662287596500285,True,400236.85428463505,697399.645715365,True,True,Escalate_Human,4,4.115154529555426
B8,16,0.0012207059189677,0.0041351318359375,0.0018649697303771,0.1952049864076354,918450.9375,2323963.5,16838.283203125,12737481.0,285.0,960.0,110.0,130.93373107910156,285.0,3727086.0,37.27086,2022-09-27 13:35:50.202000,52.02069,,25.17609,154.06626892089844,0.6628839889711932,4,3,False,3,True,30.99756891077215,True,159732.08424507477,758718.8532549252,False,False,Pause_Build,5,4.979597680581909
B8,17,0.0009632495348341,0.002669870853424,0.0014377832412719,0.0137426454380521,831754.875,2075993.75,25423.42578125,12737481.0,285.0,960.0,110.0,129.3593292236328,285.0,3727175.0,37.27175,2022-09-27 13:36:27.472860,52.27771,,25.03943,155.6406707763672,-0.4872238330097613,1,1,False,2,True,30.624841198776707,True,482280.3040942331,349474.5709057669,True,True,Escalate_Human,4,2.9546395120035456
B8,18,0.0011245155474171,0.0034401267766952,0.0017372563015669,0.1124117705537329,951702.6875,2391700.75,18100.30859375,12737481.0,285.0,960.0,110.0,116.99629974365234,285.0,4173928.0,41.73928,2022-09-27 13:37:04.744610,51.91654,,25.37715,168.00370025634766,0.4232781476271965,3,2,False,3,True,27.697987628705572,True,256162.42594396137,695540.2615560386,True,True,Reduce_Scan_Speed,3,4.7698231022444775
B8,19,0.0009995908476412,0.0028192400932312,0.0015268921852111,0.0315122749861498,951395.875,2393437.5,23920.87109375,12737481.0,285.0,960.0,110.0,147.57049560546875,285.0,3291416.0,32.91416,2022-09-27 13:37:46.483890,52.93204,,25.28389,137.42950439453125,-0.41923100462304097,1,1,False,2,True,34.93619687629468,True,414998.37460149266,536397.5003985073,True,True,Escalate_Human,4,3.6915381271709395
B8,20,0.0012485877377912,0.0043903589248657,0.0018725998234003,0.2051171605789111,837972.75,2187417.25,16228.587890625,12737481.0,285.0,960.0,110.0,109.92550659179688,285.0,4443135.0,44.43135,2022-09-27 13:38:19.398050,51.87338,,25.35953,175.07449340820312,0.8899765685508283,4,2,False,2,False,26.024030916618578,True,153970.96355263027,684001.7864473697,True,True,Pause_Build,5,4.242502320106815
B8,21,0.0009604862425476,0.0030261278152465,0.0014566360041499,0.0177364012513876,851843.9375,2118516.0,25514.533203125,12737481.0,285.0,960.0,110.0,136.06930541992188,285.0,3542295.0,35.42295,2022-09-27 13:39:03.829400,52.88355,,24.80572,148.93069458007812,-0.5129002629812801,1,1,False,2,True,32.21337723009514,True,468045.4786476828,383798.4588523172,True,True,Escalate_Human,4,3.0646136958748125
B8,22,0.0011505136499181,0.0039823502302169,0.0018052756786346,0.14539877807816,973256.1875,2415574.75,17307.169921875,12737481.0,285.0,960.0,110.0,119.65296173095705,285.0,4080172.0,40.80172,2022-09-27 13:39:39.252350,51.73979,,25.08657,165.34703826904297,0.5878773847160843,3,3,False,3,True,28.326932227972783,True,204804.22630990786,768451.9611900921,False,False,Escalate_Human,4,4.957102789139647
B8,23,0.0010032871505245,0.0032803788781166,0.001537500298582,0.0310017706015171,935969.3125,2327032.25,24564.673828125,12737481.0,285.0,960.0,110.0,122.14159393310548,285.0,3967288.0,39.67288,2022-09-27 13:40:20.054070,52.80766,,25.29263,162.85840606689453,-0.1497809125540767,2,1,False,2,True,28.91609704855717,True,406988.6922472848,528980.6202527152,True,True,Escalate_Human,4,3.5953613028240916
B8,24,0.0012492995010688,0.0042135715484619,0.001882143667899,0.2061326894095081,922365.75,2375568.75,15136.8291015625,12737481.0,285.0,960.0,110.0,126.53963470458984,285.0,3856604.0,38.56604,2022-09-27 13:40:59.726950,53.41602,,25.35579,158.46036529541016,0.7864732192910613,4,3,False,3,True,29.957299882715397,True,146764.86005431763,775600.8899456824,False,False,Pause_Build,5,5.127100845856762
B8,25,0.0007139103254303,0.0029249414801597,0.0012983381748199,0.0067746743317267,1621433.0,3191057.5,27453.65625,12737481.0,285.0,960.0,110.0,129.68992614746094,285.0,3717533.0,37.17533,2022-09-27 13:41:38.292990,52.73739,,25.24007,155.31007385253906,-0.25844884281525,1,1,False,2,True,30.703107515970864,True,587568.647939218,1033864.352060782,False,False,Pause_Build,5,3.940180040342369
B8,26,0.0008390123257413,0.0038302242755889,0.0015709429280832,0.0515015640283171,1460779.25,3016859.25,17530.224609375,12737481.0,285.0,960.0,110.0,109.0281982421875,285.0,4344431.0,43.44431,2022-09-27 13:42:15.468320,53.82788,,25.15011,175.9718017578125,0.35329336508771836,3,2,False,2,True,25.811599962639086,True,381737.75176159316,1079041.4982384068,False,False,Escalate_Human,4,4.446442487239434
B8,27,0.0007653675274923,0.0031488537788391,0.0014206767082214,0.016960196420983,1628234.875,3247843.0,22475.48828125,12737481.0,285.0,960.0,110.0,138.6156005859375,285.0,3386793.0,33.86793,2022-09-27 13:42:58.912630,52.41241,,25.30111,146.3843994140625,-0.17196207148252765,2,2,False,2,True,32.816193320534445,True,495196.634371408,1133038.240628592,False,False,Pause_Build,5,4.35040812414661
B8,28,0.0009104024502448,0.0041102766990661,0.0016990631120279,0.0935785419478127,1340399.375,2902028.75,16277.234375,12737481.0,285.0,960.0,110.0,106.13782501220705,285.0,4463234.0,44.63234,2022-09-27 13:43:32.780560,53.78567,,24.87252,178.86217498779297,0.6247471266544554,4,4,False,2,True,25.127325997208107,True,285000.28858790896,1055399.086412091,False,False,Pause_Build,5,4.674589036983132
B8,29,0.0007634500507265,0.0034498572349548,0.001370829064399,0.0142050753448191,1472094.5,3039703.0,21378.263671875,12737481.0,285.0,960.0,110.0,129.6367645263672,285.0,3604913.0,36.04913,2022-09-27 13:44:17.412900,53.98454,,24.97963,155.3632354736328,-0.2099996007093301,2,1,False,2,True,30.690521904916473,True,532834.2216749488,939260.2783250512,False,False,Pause_Build,5,3.994007728125821
B8,30,0.0008690318791195,0.0046269297599792,0.001627980149351,0.0709117359928026,1478386.0,3055631.75,15447.9677734375,12737481.0,285.0,960.0,110.0,116.14643096923828,285.0,4076658.0,40.76658,2022-09-27 13:44:53.462030,53.62191,,25.46284,168.85356903076172,0.4152620417553553,3,3,False,3,True,27.49678763476285,True,338671.65614698944,1139714.3438530106,False,False,Escalate_Human,4,5.21584362416135
B8,31,0.0007689285557717,0.0029287338256835,0.0014280080795288,0.0173246317219005,1647299.25,3287517.5,18984.724609375,12737481.0,285.0,960.0,110.0,117.7419891357422,285.0,3990775.0,39.90775,2022-09-27 13:45:34.228610,54.44823,,25.14037,167.2580108642578,0.0846617838253387,2,2,False,2,True,27.874523943120785,True,489661.06425258657,1157638.1857474134,False,False,Pause_Build,5,4.427655334588535
B8,32,0.0009361927513964,0.0040115118026733,0.0017365432577207,0.1107226578287931,1388238.625,3008147.0,14641.333984375,12737481.0,285.0,960.0,110.0,120.85233306884766,285.0,3917030.0,39.1703,2022-09-27 13:46:14.136360,53.32274,,25.53881,164.14766693115234,0.5977064927078989,3,4,False,2,True,28.61087430607189,True,256700.81147143454,1131537.8135285655,False,False,Escalate_Human,4,4.928920552807545
B8,33,0.0007453768630512,0.0041464567184448,0.0013313293457031,0.0141534950969302,1408350.625,2943225.25,20130.36328125,12737481.0,285.0,960.0,110.0,126.0350570678711,285.0,3708659.0,37.08659,2022-09-27 13:46:53.306660,54.43128,,25.01738,158.9649429321289,-0.24720063884641819,1,1,False,2,True,29.837844949780088,True,562658.5824045961,845692.0425954039,False,False,Pause_Build,5,3.7772101216498455
B8,34,0.0008701200713403,0.0034974217414855,0.0016191066242754,0.0681456619587148,1392442.625,2960850.5,15815.80078125,12737481.0,285.0,960.0,110.0,108.91907501220705,285.0,4348928.0,43.48928,2022-09-27 13:47:30.393250,53.58758,,25.10071,176.08092498779297,0.4425855605041071,3,3,False,3,True,25.78576586463235,True,345371.63329963014,1047070.9917003699,False,False,Escalate_Human,4,5.10737295546949
B8,35,0.0007836398435756,0.003172218799591,0.0014363317750394,0.0204194365606963,1463191.625,3074607.0,17300.2890625,12737481.0,285.0,960.0,110.0,144.28688049316406,285.0,3263694.0,32.63694,2022-09-27 13:48:13.882530,54.30573,,25.51113,140.71311950683594,-0.2696977820693231,1,2,False,2,True,34.15882587432861,True,483376.237278929,979815.387721071,False,False,Pause_Build,5,4.240444068659016
B8,36,0.0009388368926011,0.0044843256473541,0.0017300248146057,0.1079505105970134,1307344.875,2878542.75,15637.853515625,12737481.0,285.0,960.0,110.0,105.80260467529295,285.0,4477357.0,44.77357,2022-09-27 13:48:46.519470,54.75972,,25.00225,179.19739532470703,0.7022326328208066,4,4,False,2,True,25.0479651219917,True,261622.5781390441,1045722.2968609559,False,False,Pause_Build,5,4.744307840932069
B8,37,0.0007582175312563,0.0035793781280517,0.0013613998889923,0.0140953532123953,1435748.625,3002474.25,21138.677734375,12737481.0,285.0,960.0,110.0,127.64132690429688,285.0,3661459.0,36.61459,2022-09-27 13:49:31.293040,54.08948,,25.64675,157.35867309570312,-0.21169011274380323,2,1,False,2,True,30.218117164843008,True,539953.7439904768,895794.8810095232,False,False,Pause_Build,5,3.940489986552882
B8,38,0.0008716870797798,0.0038517415523529,0.0016355867264792,0.0737659189719518,1467048.625,3049659.25,16597.984375,12737481.0,285.0,960.0,110.0,115.39197540283205,285.0,4103083.0,41.03083,2022-09-27 13:50:07.907630,55.16875,,25.21624,169.60802459716797,0.4394142331825931,3,3,False,3,True,27.318175994988646,True,332928.29118948476,1134120.3338105152,False,False,Escalate_Human,4,5.2369211551963275
B8,39,0.0007838378078304,0.0040169060230255,0.0014371899887919,0.0248631817324023,1495691.0,3099074.75,17030.599609375,12737481.0,285.0,960.0,110.0,115.31570434570312,285.0,4074814.0,40.74814,2022-09-27 13:50:48.938460,53.93381,,25.23048,169.68429565429688,0.07889106053706937,2,2,False,2,True,27.300119400024414,True,482728.24085306143,1012962.7591469386,False,False,Pause_Build,5,4.250905331768237
B8,40,0.0008983284933492,0.0038902759552001,0.0016725584864616,0.084019866766526,1413427.5,3000476.25,16051.2890625,12737481.0,285.0,960.0,110.0,117.23793029785156,285.0,4037969.0,40.37969,2022-09-27 13:51:29.686600,54.89423,,25.68287,167.76206970214844,0.4755188190847979,3,3,False,3,True,27.755191831877735,True,305012.67196661956,1108414.8280333804,False,False,Escalate_Human,4,5.293950881514115
B8,41,0.0007534182514064,0.0032633543014526,0.0013433098793029,0.0160444765972628,1432697.0,2993580.5,20697.75,12737481.0,285.0,960.0,110.0,126.465576171875,285.0,3695839.0,36.95839,2022-09-27 13:52:10.066290,55.306,,25.17406,158.534423828125,-0.21443775860519765,2,1,False,2,True,29.93976708614465,True,553612.6507470834,879084.3492529166,False,False,Pause_Build,5,3.881549276765277
B8,42,0.00087623053696,0.0044878721237182,0.0016188621520996,0.070144238327307,1343147.25,2910647.25,17066.96484375,12737481.0,285.0,960.0,110.0,106.93289184570312,285.0,4429849.0,44.29849,2022-09-27 13:52:47.024680,54.9138,,25.47031,178.06710815429688,0.453104525402253,3,3,False,3,True,25.315552046804715,True,345556.22262330493,997591.0273766951,False,False,Escalate_Human,4,5.065888318243109
B8,43,0.0007924898527562,0.0035657286643981,0.0014421278610825,0.0217485863418877,1503525.75,3148412.75,20610.861328125,12737481.0,285.0,960.0,110.0,145.80104064941406,285.0,3217204.0,32.17204,2022-09-27 13:53:31.323170,55.86895,,25.22753,139.19895935058594,-0.2490435773217646,1,2,False,2,True,34.51729182041053,True,478999.8881129932,1024525.8618870068,False,False,Pause_Build,5,4.358453978088159
B8,44,0.0009260780643671,0.0044053792953491,0.0016937027685344,0.0919951608025002,1299583.125,2876949.75,15511.2919921875,12737481.0,285.0,960.0,110.0,107.58728790283205,285.0,4402933.0,44.02933,2022-09-27 13:54:03.495210,54.78772,,26.09232,177.41271209716797,0.5882977241915026,3,3,False,2,True,25.4704753557841,True,289047.62925926317,1010535.4957407368,False,False,Escalate_Human,4,4.663211857703298
B8,45,0.0007399364258162,0.0035028457641601,0.0013298448175191,0.0104483668086833,1487780.875,3051171.75,20230.6796875,12737481.0,285.0,960.0,110.0,128.78109741210938,285.0,3629305.0,36.29305,2022-09-27 13:54:47.524540,55.64375,,25.65422,156.21890258789062,-0.25290985477709255,1,1,False,2,True,30.48794919794256,True,563779.4790979071,924001.3959020929,False,False,Pause_Build,5,3.897741377407373
B8,46,0.0008847441058605,0.003560185432434,0.0016333917155861,0.0736966167498613,1444432.375,3085095.75,15010.0673828125,12737481.0,285.0,960.0,110.0,118.1873550415039,285.0,3986115.0,39.86115,2022-09-27 13:55:23.817590,54.90749,,25.11865,166.8126449584961,0.4184913905920802,3,3,False,3,True,27.979960947325733,True,334585.63961733854,1109846.7353826615,False,False,Escalate_Human,4,5.3387219587409325
B8,47,0.0007885236409492,0.0039137005805969,0.0014593303203582,0.0272844422482535,1665242.875,3332376.5,19346.236328125,12737481.0,285.0,960.0,110.0,118.20931243896484,285.0,3975143.0,39.75143,2022-09-27 13:56:03.678740,55.50335,,25.63389,166.79068756103516,0.1633010453739142,2,2,False,3,True,27.98515919483069,True,466011.1285011736,1199231.7464988264,False,False,Pause_Build,5,5.14722555943998
B8,48,0.0009758451487869,0.0042142271995544,0.0017448738217353,0.1137795521177718,1173091.625,2736040.75,18692.13671875,12737481.0,285.0,960.0,110.0,118.81044006347656,285.0,3970442.0,39.70442,2022-09-27 13:56:43.430170,56.54618,,26.65815,166.18955993652344,0.5409818347452019,3,4,False,2,True,28.127471605936684,True,250410.79841676843,922680.8265832316,False,False,Escalate_Human,4,4.656584239640634
B8,49,0.0007513459422625,0.0030661225318908,0.0013507513795047,0.0163954384968142,1353934.125,2851112.0,19673.904296875,12737481.0,285.0,960.0,110.0,128.97715759277344,285.0,3623617.0,36.23617,2022-09-27 13:57:23.134590,55.39944,,26.43903,156.02284240722656,-0.28511732972717074,1,1,False,2,True,30.534364960410375,True,547993.927532954,805940.197467046,False,False,Pause_Build,5,3.7002495984574884
B8,50,0.0009075411362573,0.0043992698192596,0.0016514477320015,0.0787600758891376,1261149.375,2808607.5,14676.8642578125,12737481.0,285.0,960.0,110.0,106.76057434082033,285.0,4415269.0,44.15269,2022-09-27 13:57:59.370760,56.45646,,25.34209,178.2394256591797,0.4822466538423775,3,3,False,3,True,25.274757182959355,True,320952.39956671465,940196.9754332853,False,False,Escalate_Human,4,5.037138599655433
B8,51,0.0008062208071351,0.0040955543518066,0.001468020491302,0.031243028274892,1467481.125,3064422.0,16269.54296875,12737481.0,285.0,960.0,110.0,143.87815856933594,285.0,3273423.0,32.73423,2022-09-27 13:58:43.523450,55.2731,,25.39607,141.12184143066406,-0.19793046417799737,2,2,False,3,True,34.06206405524051,True,459449.59334125137,1008031.5316587486,False,False,Pause_Build,5,4.861000735270715
B8,52,0.0009555096039548,0.005013108253479,0.001757800579071,0.1190471326128261,1253190.75,2799584.5,15323.759765625,12737481.0,285.0,960.0,110.0,107.5574722290039,285.0,4404140.0,44.0414,2022-09-27 13:59:16.257680,56.23532,,25.79472,177.4425277709961,0.7215969053077709,4,4,False,2,True,25.463416720881604,True,240650.4181767807,1012540.3318232193,False,False,Pause_Build,5,4.715610661065314
B8,53,0.0007628613966517,0.0038129687309265,0.0013616681098937,0.0177123410786957,1288065.0,2758761.0,20428.765625,12737481.0,285.0,960.0,110.0,125.5097885131836,285.0,3724091.0,37.24091,2022-09-27 14:00:00.299080,56.49732,,25.37684,159.4902114868164,-0.2637874759437462,1,1,False,2,True,29.713491598765053,True,539751.2231325394,748313.7768674606,False,False,Pause_Build,5,3.6177263140170295
B8,54,0.0009156955056823,0.0045181810855865,0.0017021558014675,0.0959236217553772,1348483.5,2922227.0,15859.10546875,12737481.0,285.0,960.0,110.0,117.7735595703125,285.0,4019552.0,40.19552,2022-09-27 14:00:37.539990,55.79441,,25.61684,167.2264404296875,0.5134668960499786,3,4,False,2,True,27.881998004335344,True,282665.1457434369,1065818.3542565631,False,False,Escalate_Human,4,4.714571957352133
B8,55,0.0007892348803579,0.0057464838027954,0.0014549731276929,0.0269133642202382,1563610.875,3199611.25,15654.3134765625,12737481.0,285.0,960.0,110.0,116.07280731201172,285.0,4048141.0,40.48141,2022-09-27 14:01:17.735510,56.68815,,25.95239,168.92719268798828,0.13298662298389927,2,2,False,3,True,27.47935779166944,True,469301.0376475891,1094309.837352411,False,False,Pause_Build,5,4.9893304633888444
B8,56,0.0009842664003372,0.0045353770256042,0.0017704397905617,0.1222326551904016,1192476.625,2725426.25,18210.666015625,12737481.0,285.0,960.0,110.0,115.8012924194336,285.0,4073903.0,40.73903,2022-09-27 14:01:58.216920,55.5878,,25.33704,169.1987075805664,0.6269801333420969,4,4,False,2,True,27.415078697782572,True,231107.15014140424,961369.4748585958,False,False,Pause_Build,5,4.669416404468663
B8,57,0.0007371382671408,0.0036037564277648,0.0013368166983127,0.0135767502001108,1441401.125,2983578.0,21161.716796875,12737481.0,285.0,960.0,110.0,127.9330825805664,285.0,3653035.0,36.53035,2022-09-27 14:02:38.955950,56.51073,,25.96825,157.0669174194336,-0.24984720761346524,1,1,False,2,True,30.287188110929545,True,558515.3431846048,882885.7818153952,False,False,Pause_Build,5,3.832369977358119
B8,58,0.0009322205442003,0.0048805028200149,0.0016898456960916,0.0922035910980079,1187272.25,2680768.5,15623.8896484375,12737481.0,285.0,960.0,110.0,105.0914306640625,285.0,4485510.0,44.8551,2022-09-27 14:03:15.486300,55.93772,,25.79162,179.9085693359375,0.5414673640608237,3,3,False,3,True,24.879600062514797,True,291959.92138924194,895312.3286107581,False,False,Escalate_Human,4,4.955889378895581
B8,59,0.0008091848576441,0.0035420656204223,0.0014758706092834,0.0334248476745491,1443973.375,3041741.5,15903.5341796875,12737481.0,285.0,960.0,110.0,144.22303771972656,285.0,3265027.0,32.65027,2022-09-27 14:04:00.341400,56.21094,,25.81882,140.77696228027344,-0.19417055856403517,2,2,False,3,True,34.14371158137466,True,453522.3422575146,990451.0327424854,False,False,Pause_Build,5,4.863286963577374
B8,60,0.0009784155990928,0.0043987333774566,0.0017811709549278,0.125572201414898,1209656.625,2762815.0,16223.6474609375,12737481.0,285.0,960.0,110.0,110.46617889404295,285.0,4263676.0,42.63676,2022-09-27 14:04:32.991670,56.99161,,25.77355,174.53382110595703,0.7230494666807439,4,4,False,2,True,26.152030988173046,True,223004.55782757793,986652.0671724221,False,False,Pause_Build,5,4.75257112470524
B8,61,0.0007283927407115,0.0034934282302856,0.0013143718242645,0.0157807308970099,1392392.5,2887566.75,17417.345703125,12737481.0,285.0,960.0,110.0,125.20740509033205,285.0,3733169.0,37.33169,2022-09-27 14:05:15.628430,56.01794,,25.52715,159.79259490966797,-0.2707246951516169,1,1,False,2,True,29.641904614188455,True,575462.4010940198,816930.0989059802,False,False,Pause_Build,5,3.637924298084127
B8,62,0.0009318446973338,0.0041816234588623,0.0017040834063664,0.097588490995653,1253449.625,2813645.0,18013.986328125,12737481.0,285.0,960.0,110.0,121.55535888671876,285.0,3872139.0,38.72139,2022-09-27 14:05:52.960120,57.23587,,25.07168,163.44464111328125,0.4395263860748274,3,3,False,2,True,28.777310342499707,True,281209.7028758144,972239.9221241856,False,False,Escalate_Human,4,4.615021553943468
B8,63,0.000791365862824,0.0031439065933227,0.001474893069826,0.0339722753830108,1572761.375,3196808.5,19394.412109375,12737481.0,285.0,960.0,110.0,118.7160873413086,285.0,3958100.0,39.581,2022-09-27 14:06:31.681510,56.04191,,25.4406,166.2839126586914,0.14789112417535202,2,2,False,3,True,28.105134313756768,True,454260.43585330504,1118500.939146695,False,False,Pause_Build,5,5.019217956089487
B8,64,0.0009819618426263,0.0048138350248336,0.0017883419059216,0.1264857921943926,1241117.5,2831016.75,16346.3388671875,12737481.0,285.0,960.0,110.0,116.94271850585938,285.0,4026222.0,40.26222,2022-09-27 14:07:11.262510,56.95995,,25.88491,168.05728149414062,0.6862901766043562,4,4,False,2,True,27.685302676576555,True,217590.11346506863,1023527.3865349314,False,False,Pause_Build,5,4.873952109797901
B8,65,0.0007505522225983,0.0030766725540161,0.0013413578271865,0.0167522348714351,1315648.625,2793936.0,18002.1328125,12737481.0,285.0,960.0,110.0,130.0600128173828,285.0,3593107.0,35.93107,2022-09-27 14:07:51.524730,57.4211,,25.60991,154.9399871826172,-0.32680190347007787,1,1,False,2,True,30.790722731387977,True,555086.5525470126,760562.0724529874,False,False,Pause_Build,5,3.606512997399543
B8,66,0.000905999855604,0.0050958842039108,0.0016785711050033,0.0898528351326921,1358140.75,2963937.25,15054.3505859375,12737481.0,285.0,960.0,110.0,105.69951629638672,285.0,4456449.0,44.56449,2022-09-27 14:08:27.455800,56.7724,,25.99313,179.30048370361328,0.6174995514376607,4,4,False,2,True,25.023559729258217,True,300472.8293996891,1057667.920600311,False,False,Pause_Build,5,4.733913969533713
B8,67,0.0008155205869115,0.0035423636436462,0.0014966102316975,0.0390006596306068,1351742.25,2888121.0,17582.107421875,12737481.0,285.0,960.0,110.0,138.44064331054688,285.0,3391397.0,33.91397,2022-09-27 14:09:12.020290,57.46081,,25.30643,146.55935668945312,-0.1441794391522295,2,2,False,3,True,32.77477351101962,True,437862.8388307472,913879.4111692528,False,False,Pause_Build,5,4.708645681027811
B8,68,0.001014772686176,0.0047125220298767,0.0018568038940429,0.1545333022130747,1092334.75,2558144.5,15744.3330078125,12737481.0,285.0,960.0,110.0,110.65203857421876,285.0,4256326.0,42.56326,2022-09-27 14:09:45.934260,56.42497,,25.71047,174.34796142578125,0.8265290125811908,4,4,False,2,True,26.19603185942679,True,165897.71925542527,926437.0307445747,False,False,Pause_Build,5,4.655585705226231
B8,69,0.0007322240853682,0.0057173371315002,0.00132993014995,0.0163426784179293,1436474.125,2938606.5,17423.486328125,12737481.0,285.0,960.0,110.0,122.2568130493164,285.0,3823494.0,38.23494,2022-09-27 14:10:28.497520,57.43678,,25.93024,162.7431869506836,-0.20068058127803934,2,1,False,2,True,28.94337430144801,True,563715.0486339666,872759.0763660334,False,False,Pause_Build,5,3.7255244566021286
B8,70,0.0009241484222002,0.0050731301307678,0.0017097680829465,0.0989392849544611,1321674.625,2854678.25,16970.134765625,12737481.0,285.0,960.0,110.0,121.07293701171876,285.0,3886909.0,38.86909,2022-09-27 14:11:06.732460,57.3145,,25.29535,163.92706298828125,0.47052378116082716,3,4,False,2,True,28.66310061830463,True,276917.4737016894,1044757.1512983106,False,False,Escalate_Human,4,4.624172046608009
B8,71,0.000797513523139,0.0033935010433197,0.0015256876358762,0.0458359615421373,1594748.625,3177236.75,19654.583984375,12737481.0,285.0,960.0,110.0,117.08953094482422,285.0,4013033.0,40.13033,2022-09-27 14:11:45.601550,57.3162,,26.14142,167.91046905517578,0.2538150261143013,3,2,False,2,True,27.720059409286037,True,415907.87256924505,1178840.752430755,False,False,Escalate_Human,4,4.499167173710315
B8,72,0.0009174748556688,0.0044942051172256,0.0016905930824577,0.0921072443110526,1483756.0,3126164.25,17540.96875,12737481.0,285.0,960.0,110.0,114.73226165771484,285.0,4104014.0,41.04014,2022-09-27 14:12:25.731880,57.98893,,25.34829,170.26773834228516,0.5961355160833401,3,4,False,2,True,27.16199376366355,True,291395.6054568023,1192360.3945431977,False,False,Escalate_Human,4,4.941170603911368
B8,73,0.0007578216027468,0.003727912902832,0.0013699076371267,0.0175247123390189,1287051.25,2766845.5,26184.814453125,12737481.0,285.0,960.0,110.0,129.50242614746094,285.0,3608432.0,36.08432,2022-09-27 14:13:06.772020,56.93041,,26.08529,155.49757385253906,-0.2972834795149516,1,1,False,2,True,30.65871831142541,True,533529.9476259811,753521.3023740189,False,False,Pause_Build,5,3.656534326709206
B8,74,0.0009196081082336,0.0034917593002319,0.0016729272902011,0.0874476817424519,1245178.375,2777795.25,17532.29296875,12737481.0,285.0,960.0,110.0,104.40052032470705,285.0,4511931.0,45.11931,2022-09-27 14:13:42.856340,57.93423,,25.33942,180.59947967529297,0.5500935115218436,3,3,False,3,True,24.71603227384163,True,304734.20578689873,940444.1692131013,False,False,Escalate_Human,4,5.0447548070089425
B8,75,0.0008064575958997,0.0035208463668823,0.0015072985552251,0.0375910971045893,1511093.5,3115341.5,21243.470703125,12737481.0,285.0,960.0,110.0,139.27760314941406,285.0,3371064.0,33.71064,2022-09-27 14:14:27.975650,57.60868,,25.31268,145.72239685058594,-0.06435764038596489,2,2,False,2,True,32.97291741226658,True,429792.5935984587,1081300.9064015413,False,False,Pause_Build,5,4.435266990596831
B8,76,0.0009884319733828,0.004288226366043,0.0017940432298928,0.1292746113989637,1258539.0,2825066.5,13066.8349609375,12737481.0,285.0,960.0,110.0,113.00990295410156,285.0,4167406.0,41.67406,2022-09-27 14:15:01.686290,57.85585,,26.03811,171.99009704589844,0.7436892942601965,4,4,False,2,True,26.754238388755102,True,213285.31463693664,1045253.6853630634,False,False,Pause_Build,5,4.851241087216467
B8,77,0.0007611704641021,0.0034535527229309,0.0013862519990652,0.0189402411500376,1383685.625,2883455.25,20891.7734375,12737481.0,285.0,960.0,110.0,122.09382629394533,285.0,3828683.0,38.28683,2022-09-27 14:15:43.360350,58.19886,,25.4344,162.9061737060547,-0.14985739606373916,2,1,False,2,True,28.904788421862055,True,521189.0965403671,862496.5284596329,False,False,Pause_Build,5,3.815581223915268
B8,78,0.0009350019390694,0.0038146525621414,0.0016965881222859,0.0946349574553255,1179805.875,2707059.5,15957.1982421875,12737481.0,285.0,960.0,110.0,125.1903305053711,285.0,3759106.0,37.59106,2022-09-27 14:16:21.647180,57.58747,,25.82068,159.8096694946289,0.3420740942429745,3,3,False,3,True,29.63786233555187,True,286869.0357411704,892936.8392588296,False,False,Escalate_Human,4,5.039058634835493
B8,79,0.0008148343185894,0.0038107633590698,0.0014996528625488,0.0394358892523737,1414990.5,2997933.75,16486.794921875,12737481.0,285.0,960.0,110.0,120.1384048461914,285.0,3911090.0,39.1109,2022-09-27 14:16:59.238240,58.44191,,25.56721,164.8615951538086,0.10487884285027574,2,2,False,3,True,28.441857207905162,True,435565.4928477302,979425.0071522698,False,False,Pause_Build,5,4.866255630027697
B8,80,0.0009639935451559,0.0051668733358383,0.0017611323855817,0.1189544609193182,1275549.625,2848041.0,15398.9326171875,12737481.0,285.0,960.0,110.0,115.76827239990234,285.0,4067538.0,40.67538,2022-09-27 14:17:38.349140,57.44161,,25.61182,169.23172760009766,0.650746658025287,4,4,False,2,True,27.407261458310213,True,238134.72939374088,1037414.8956062591,False,False,Pause_Build,5,4.7975582160357995
B8,81,0.0007671827916055,0.0034968256950378,0.0013877153396606,0.021021021021021,1350266.875,2845916.25,19650.583984375,12737481.0,285.0,960.0,110.0,132.1942901611328,285.0,3534656.0,35.34656,2022-09-27 14:18:19.024520,58.30633,,25.26849,152.8057098388672,-0.26761996832520335,1,1,False,2,True,31.29599672375303,True,520084.1975884645,830182.6774115355,False,False,Pause_Build,5,3.7838692219639953
B8,82,0.0009266739361919,0.0045210421085357,0.0017040490638464,0.0971957172415178,1391392.25,3003162.5,15729.400390625,12737481.0,285.0,960.0,110.0,104.6993408203125,285.0,4502440.0,45.0244,2022-09-27 14:18:54.371080,57.20234,,25.87304,180.3006591796875,0.6952788859819936,4,4,False,2,True,24.786775762384586,True,281235.633280857,1110156.616719143,False,False,Pause_Build,5,4.834941102884263
B8,83,0.0008022550609894,0.0035983324050903,0.0014941273257136,0.0371150652431791,1628813.25,3278712.5,18316.880859375,12737481.0,285.0,960.0,110.0,133.32322692871094,285.0,3521962.0,35.21962,2022-09-27 14:19:39.395480,58.12709,,26.0822,151.67677307128906,0.04582180563809234,2,2,False,2,True,31.563263950925883,True,439737.5631621212,1189075.6868378788,False,False,Pause_Build,5,4.59454172814012
B8,84,0.0009400673443451,0.0043449848890304,0.001709661912173,0.0987218144346643,1312105.5,2891617.75,15181.478515625,12737481.0,285.0,960.0,110.0,112.47650146484376,285.0,4210803.0,42.10803,2022-09-27 14:20:14.615100,58.79282,,25.48755,172.52349853515625,0.5791001924694924,3,4,False,2,True,26.62795962709369,True,276997.63820797834,1035107.8617920217,False,False,Escalate_Human,4,4.716496712583165
B8,85,0.0007668198668397,0.0043705105781555,0.0013881027698516,0.0184329071750337,1328044.625,2816076.5,18643.640625,12737481.0,285.0,960.0,110.0,119.45841979980467,285.0,3913294.0,39.13294,2022-09-27 14:20:56.723130,57.9225,,26.53173,165.5415802001953,-0.1446722698996315,2,1,False,2,True,28.28087589957497,True,519791.66746026545,808252.9575397345,False,False,Pause_Build,5,3.750856574774314
B8,86,0.0008855665801092,0.0047210305929183,0.0016410066746175,0.0762003762003762,1335381.25,2895242.5,16085.89453125,12737481.0,285.0,960.0,110.0,124.92648315429688,285.0,3814168.0,38.14168,2022-09-27 14:21:35.856070,58.79617,,25.58873,160.07351684570312,0.2909315420918246,3,3,False,3,True,29.575398474028614,True,328835.9458829998,1006545.3041170002,False,False,Escalate_Human,4,5.097108997300488
B8,87,0.0008040751563385,0.0035566091537475,0.0014767050743103,0.0287596616736032,1474814.375,3114406.75,19023.37109375,12737481.0,285.0,960.0,110.0,118.04476165771484,285.0,3980353.0,39.80353,2022-09-27 14:22:13.997750,57.70927,,26.23249,166.95523834228516,0.10952824142125317,2,2,False,3,True,27.94620304396658,True,452892.2773659101,1021922.0976340899,False,False,Pause_Build,5,4.979728620130406
B8,88,0.0009286585263907,0.0037814825773239,0.0017168088816106,0.1014970360695267,1406343.625,3033590.5,14472.2001953125,12737481.0,285.0,960.0,110.0,113.10899353027344,285.0,4187106.0,41.87106,2022-09-27 14:22:53.801280,58.54794,,26.29363,171.89100646972656,0.6407698402078399,4,4,False,2,True,26.777697331977613,True,271601.30117905466,1134742.3238209453,False,False,Pause_Build,5,4.9110752968104485
B8,89,0.0007788689690642,0.0034807324409484,0.0014148680493235,0.0218554075235109,1412047.375,2951979.5,18715.896484375,12737481.0,285.0,960.0,110.0,132.07608032226562,285.0,3537595.0,35.37595,2022-09-27 14:23:35.672340,59.31585,,25.46641,152.92391967773438,-0.19589585149744448,2,1,False,2,True,31.26801143993031,True,499582.4767025949,912464.8982974051,False,False,Pause_Build,5,3.993984518075069
B8,90,0.0008788718841969,0.0056086182594299,0.0016234039794653,0.0719988273806615,1391765.625,2957993.75,15237.111328125,12737481.0,285.0,960.0,110.0,104.0716781616211,285.0,4552131.0,45.52131,2022-09-27 14:24:11.048290,58.58147,,25.94139,180.9283218383789,0.513468318849911,3,3,False,3,True,24.638181382959537,True,342126.90458766837,1049638.7204123316,False,False,Escalate_Human,4,5.11258568125117
B8,91,0.0007995385094545,0.0038675069808959,0.0014572872314602,0.0300983528854129,1421135.125,2982530.0,18256.662109375,12737481.0,285.0,960.0,110.0,134.53054809570312,285.0,3490743.0,34.90743,2022-09-27 14:24:56.569600,59.23651,,25.22629,150.46945190429688,-0.138677032425199,2,2,False,2,True,31.849088090838805,True,467553.76784921065,953581.3571507894,False,False,Pause_Build,5,4.15043658425317
B8,92,0.0009778545936569,0.0042406022548675,0.0017742738127708,0.1254348963945934,1212380.625,2760856.0,17560.7421875,12737481.0,285.0,960.0,110.0,115.4071273803711,285.0,4088743.0,40.88743,2022-09-27 14:25:31.477030,58.18368,,25.69386,169.5928726196289,0.6593181276131228,4,4,False,2,True,27.321763110883307,True,228212.26214764384,984168.3628523562,False,False,Pause_Build,5,4.727882161411383
B8,93,0.0007644208380952,0.0034439265727996,0.0013663276331499,0.0194352091285966,1357077.0,2861264.75,17267.08984375,12737481.0,285.0,960.0,110.0,119.54664611816406,285.0,3910555.0,39.10555,2022-09-27 14:26:12.364460,59.06869,,25.98232,165.45335388183594,-0.1490589270572239,2,1,False,2,True,28.301762812065355,True,536233.0385223913,820843.9614776087,False,False,Pause_Build,5,3.755669341809244
B8,94,0.0009035763214342,0.0034952461719512,0.0016510939458385,0.0807959794913447,1297200.0,2874855.25,16423.904296875,12737481.0,285.0,960.0,110.0,127.29113006591795,285.0,3709423.0,37.09423,2022-09-27 14:26:51.470010,59.3474,,25.65787,157.70886993408203,0.28362124993403587,3,3,False,3,True,30.13521071636315,True,321219.52668799134,975980.4733120087,False,False,Escalate_Human,4,5.129772978575867
B8,95,0.0008034383063204,0.0036622285842895,0.0014926164876669,0.0353078982597054,1522867.75,3152160.0,18278.76171875,12737481.0,285.0,960.0,110.0,122.34711456298828,285.0,3840333.0,38.40333,2022-09-27 14:27:28.564240,58.82205,,25.93016,162.65288543701172,0.11461322104826527,2,2,False,3,True,28.96475250070745,True,440878.32518262486,1081989.4248173751,False,False,Pause_Build,5,5.034163845857807
B8,96,0.0009581978665664,0.004678189754486,0.0017365366220474,0.1091150688600241,1287640.0,2897957.0,16696.72265625,12737481.0,285.0,960.0,110.0,114.12147521972656,285.0,4126583.0,41.26583,2022-09-27 14:28:06.967570,59.5391,,25.6915,170.87852478027344,0.6273214238291165,4,4,False,2,True,27.01739470163981,True,256705.82175304438,1030934.1782469556,False,False,Pause_Build,5,4.828794966025241
B8,97,0.0007750350050628,0.0033992528915405,0.0013983193784952,0.0190807559265984,1256273.125,2687117.25,18978.330078125,12737481.0,285.0,960.0,110.0,135.3568572998047,285.0,3451575.0,34.51575,2022-09-27 14:28:48.233400,58.70173,,25.80437,149.6431427001953,-0.3559726821445739,1,1,False,2,True,32.04471053499164,True,512077.5917230123,744195.5332769877,False,False,Pause_Build,5,3.5958554649340746
B8,98,0.0008942074491642,0.004448264837265,0.0016464702785015,0.0782041640278657,1370171.5,2956834.25,15238.2900390625,12737481.0,285.0,960.0,110.0,104.65111541748048,285.0,4504450.0,45.0445,2022-09-27 14:29:22.749150,59.75334,,25.61021,180.34888458251953,0.5524577865807423,3,3,False,3,True,24.775358763608068,True,324710.63819727115,1045460.8618027288,False,False,Escalate_Human,4,5.195570407143992
B8,99,0.0008129134075716,0.0040322337299585,0.0014824985992163,0.033245106308717,1401536.5,3015979.75,17677.234375,12737481.0,285.0,960.0,110.0,130.251220703125,285.0,3605582.0,36.05582,2022-09-27 14:30:07.793650,58.83755,,25.72734,154.748779296875,-0.04102580041762579,2,2,False,3,True,30.835989749792848,True,448517.8619929047,953018.6380070953,False,False,Pause_Build,5,4.881775884787735
B8,100,0.0009262946550734,0.0048780441284179,0.0016884980723261,0.0904870508337134,1295321.25,2873202.25,15037.0126953125,12737481.0,285.0,960.0,110.0,113.89414978027344,285.0,4157911.0,41.57911,2022-09-27 14:30:43.849470,59.44454,,26.07126,171.10585021972656,0.5057751158147558,3,3,False,2,True,26.963577126011703,True,292977.44806125574,1002343.8019387443,False,False,Escalate_Human,4,4.6483078743584425
B8,101,0.0007847397937439,0.0038225352764129,0.0014133735094219,0.0204522370250574,1307812.375,2803441.25,18909.072265625,12737481.0,285.0,960.0,110.0,117.3320541381836,285.0,3984433.0,39.84433,2022-09-27 14:31:25.428580,59.50194,,25.75891,167.6679458618164,-0.09161226467960018,2,1,False,2,True,27.777474938016947,True,500710.9327681514,807101.4422318486,False,False,Pause_Build,5,3.8126313310675486
B8,102,0.0008682402549311,0.0044947266578674,0.0016280291602015,0.0718434258304999,1513899.875,3118880.5,14729.052734375,12737481.0,285.0,960.0,110.0,123.7127914428711,285.0,3825108.0,38.25108,2022-09-27 14:32:05.272910,59.06111,,26.70503,161.2872085571289,0.35698658992944937,3,3,False,3,True,29.28806615598274,True,338634.6503825628,1175265.2246174372,False,False,Escalate_Human,4,5.3037310519486525
B8,103,0.0008156397379934,0.0035057663917541,0.0014727711677551,0.0319771674869674,1316176.375,2857887.25,18336.01171875,12737481.0,285.0,960.0,110.0,120.4825439453125,285.0,3899566.0,38.99566,2022-09-27 14:32:43.523990,60.00357,,25.43494,164.5174560546875,-0.004111597183417692,2,2,False,2,True,28.52332953250769,True,455862.58328333404,860313.791716666,False,False,Pause_Build,5,4.062771822543525
B8,104,0.0009415751555934,0.0036185234785079,0.0017098783282563,0.0986434246172265,1296992.5,2868711.75,17047.33984375,12737481.0,285.0,960.0,110.0,111.21874237060548,285.0,4258619.0,42.58619,2022-09-27 14:33:22.519650,58.94014,,25.48225,173.78125762939453,0.5847853046121025,3,3,False,2,True,26.330194690010767,True,276834.2327066448,1020158.2672933552,False,False,Escalate_Human,4,4.68830591897675
B8,105,0.0007841294282115,0.0042091608047485,0.0013869360554963,0.0185248253299895,1221994.0,2672105.5,16912.369140625,12737481.0,285.0,960.0,110.0,135.73672485351562,285.0,3441619.0,34.41619,2022-09-27 14:34:05.105840,59.77797,,26.31946,149.26327514648438,-0.37973217499715806,1,1,False,2,True,32.1346413005482,True,520672.59803267836,701321.4019673216,True,True,Escalate_Human,4,3.582609188827397
B8,106,0.000898711150512,0.0043484568595886,0.001638727961108,0.0749083132638479,1326378.25,2908702.5,15481.8505859375,12737481.0,285.0,960.0,110.0,104.17324829101562,285.0,4525205.0,45.25205,2022-09-27 14:34:39.522030,59.25607,,25.89324,180.82675170898438,0.5207480441791583,3,3,False,3,True,24.662227341623016,True,330556.49417930725,995821.7558206927,False,False,Escalate_Human,4,5.1328282117628845
B8,107,0.0007922543445602,0.0035859942436218,0.0014531030319631,0.0275556430963167,1408261.0,2984956.75,19040.603515625,12737481.0,285.0,960.0,110.0,132.7083740234375,285.0,3539096.0,35.39096,2022-09-27 14:35:24.774080,59.5768,,26.50739,152.2916259765625,-0.13061916035903143,2,2,False,2,True,31.417702183578953,True,470713.05807421356,937547.9419257864,False,False,Pause_Build,5,4.163047404169015
B8,108,0.0009489351650699,0.0038923323154449,0.0017070174217224,0.0977517607619203,1249835.375,2818873.25,15900.7109375,12737481.0,285.0,960.0,110.0,116.16151428222656,285.0,4061725.0,40.61725,2022-09-27 14:36:00.165040,60.38356,,25.59473,168.83848571777344,0.505360265819555,3,3,False,3,True,27.5003584948453,True,278994.36729235505,970841.007707645,False,False,Escalate_Human,4,5.209678656161641
B8,109,0.0007780751911923,0.0042428970336914,0.0013857750454917,0.0191559413349296,1258302.625,2733666.75,19163.40625,12737481.0,285.0,960.0,110.0,117.83071899414062,285.0,3967638.0,39.67638,2022-09-27 14:36:40.782290,59.32278,,26.34281,167.16928100585938,-0.15645445979735614,2,1,False,2,True,27.895530064900715,True,521549.2215209239,736753.4034790761,False,False,Pause_Build,5,3.662839797164855
B8,110,0.0009044201578944,0.0045797228813171,0.001623511314392,0.0719064577886654,1225968.5,2799520.0,16111.6865234375,12737481.0,285.0,960.0,110.0,123.33404541015624,285.0,3815459.0,38.15459,2022-09-27 14:37:20.458670,60.27632,,25.94073,161.66595458984375,0.24053980474128073,3,3,False,3,True,29.19840090202562,True,342045.8610846137,883922.6389153863,False,False,Escalate_Human,4,4.997660335542044
B8,111,0.0008269461104646,0.0036978274583816,0.0015134215354919,0.0409793660584595,1379696.75,2960207.75,18925.04296875,12737481.0,285.0,960.0,110.0,125.21089935302734,285.0,3752203.0,37.52203,2022-09-27 14:37:58.613260,59.46109,,25.57382,159.78910064697266,0.05450576210129732,2,2,False,3,True,29.64273185440988,True,425169.42213682225,954527.3278631778,False,False,Pause_Build,5,4.866594132063576
B8,112,0.000958451477345,0.0040591955184936,0.0017085580620914,0.0984363858086252,1148678.875,2673300.25,16158.525390625,12737481.0,285.0,960.0,110.0,111.06153106689452,285.0,4240626.0,42.40626,2022-09-27 14:38:36.135290,60.1649,,26.40926,173.93846893310547,0.5134023419897367,3,3,False,3,True,26.29297610485192,True,277831.1029543616,870847.7720456384,False,False,Escalate_Human,4,5.037887417841944
B8,113,0.0007785884663462,0.0032731294631958,0.0014148099580779,0.022266702516456,1344028.5,2841066.0,16585.09765625,12737481.0,285.0,960.0,110.0,139.7468719482422,285.0,3353413.0,33.53413,2022-09-27 14:39:18.541550,60.54048,,25.79924,145.2531280517578,-0.3205308976717681,1,1,False,2,True,33.08401324532249,True,499626.33864189987,844402.1613581001,False,False,Pause_Build,5,3.8477595590047615
B8,114,0.0008847958524711,0.0038373619318008,0.0015950850211083,0.062547091046083,1235805.375,2790122.0,15001.79296875,12737481.0,285.0,960.0,110.0,105.22686767578124,285.0,4479816.0,44.79816,2022-09-27 14:39:52.075680,59.96563,,26.20266,179.77313232421875,0.3769478348689022,3,2,False,2,True,24.91166374900124,True,363509.20444730506,872296.1705526949,False,False,Escalate_Human,4,4.323605846506634
B8,115,0.0007999324589036,0.0040043592453002,0.0014868257567286,0.031437140000952,1477814.0,3063561.0,18881.130859375,12737481.0,285.0,960.0,110.0,128.1945343017578,285.0,3663853.0,36.63853,2022-09-27 14:40:36.873840,60.53315,,25.4955,156.8054656982422,-0.002331899130318532,2,2,False,3,True,30.349084825226754,True,445250.6309633774,1032563.3690366226,False,False,Pause_Build,5,4.890748976346503
B8,116,0.0009206992690451,0.0037148594856262,0.0016752257943153,0.084677826464471,1342678.75,2945318.75,16820.974609375,12737481.0,285.0,960.0,110.0,114.99087524414062,285.0,4117911.0,41.17911,2022-09-27 14:41:13.512370,59.59442,,25.55351,170.00912475585938,0.4856703413892755,3,3,False,3,True,27.22321857105602,True,302998.71454534726,1039680.0354546527,False,False,Escalate_Human,4,5.278121118155592
B8,117,0.0007987351855263,0.0041551887989044,0.0014539957046508,0.0216644573242121,1350695.375,2852082.75,20249.92578125,12737481.0,285.0,960.0,110.0,115.97787475585938,285.0,4031097.0,40.31097,2022-09-27 14:41:54.691480,60.61305,,26.36341,169.02212524414062,-0.011274053471098389,2,2,False,2,True,27.456883228186403,True,470039.04334371793,880656.3316562821,False,False,Pause_Build,5,3.957596720444322
B8,118,0.0008780324133113,0.0038899630308151,0.0016127660637721,0.0655941326077955,1436191.5,3041393.0,15504.96875,12737481.0,285.0,960.0,110.0,120.2352066040039,285.0,3936860.0,39.3686,2022-09-27 14:42:35.002450,60.67484,,25.57329,164.7647933959961,0.32996528595962926,3,3,False,3,True,28.46477429072062,True,350159.0892593658,1086032.4107406342,False,False,Escalate_Human,4,5.205745727163591
B8,119,0.0007854883442632,0.0035207867622375,0.0014320372138172,0.0226174685088543,1541430.75,3196941.25,16742.765625,12737481.0,285.0,960.0,110.0,123.53018188476562,285.0,3803062.0,38.03062,2022-09-27 14:43:14.371050,60.3196,,26.09832,161.46981811523438,0.009523466618235943,2,2,False,2,True,29.244834726507012,True,486618.85639863764,1054811.8936013624,False,False,Pause_Build,5,4.386751183799257
B8,120,0.0009155616862699,0.0041002929210662,0.0016505680978298,0.0754409605599243,1320821.875,2890798.5,16972.216796875,12737481.0,285.0,960.0,110.0,109.24662017822266,285.0,4335822.0,43.35822,2022-09-27 14:43:52.401670,60.9492,,25.78,175.75337982177734,0.47204842439236716,3,3,False,3,True,25.86330970128377,True,321616.56953331316,999205.3054666868,False,False,Escalate_Human,4,5.130619727408119
B8,121,0.0007747150375507,0.0036477446556091,0.0014239859301596,0.0210161550100053,1472042.75,3046265.25,18170.888671875,12737481.0,285.0,960.0,110.0,140.4887237548828,285.0,3335261.0,33.35261,2022-09-27 14:44:35.759890,60.00676,,25.70564,144.5112762451172,-0.2487209805076661,1,2,False,2,True,33.25964104045521,True,492697.9981259408,979344.7518740592,False,False,Pause_Build,5,4.137357338355253
B8,122,0.0009190442506223,0.0048720687627792,0.001659333705902,0.0824191904411097,1197092.25,2701475.5,16835.572265625,12737481.0,285.0,960.0,110.0,105.19581604003906,285.0,4481085.0,44.81085,2022-09-27 14:45:09.112500,60.92419,,25.33265,179.80418395996094,0.48173806683193077,3,3,False,3,True,24.904312509478945,True,314998.0753821854,882094.1746178146,False,False,Escalate_Human,4,4.912955543559006
B8,123,0.0007984132389537,0.0037602186203002,0.0014568567276,0.0285450745272743,1462444.875,3065305.75,18131.3125,12737481.0,285.0,960.0,110.0,131.05238342285156,285.0,3584226.0,35.84226,2022-09-27 14:45:53.923350,60.55539,,25.72535,153.94761657714844,-0.07552559480341008,2,2,False,2,True,31.02565895427357,True,467878.82085834607,994566.0541416539,False,False,Pause_Build,5,4.271302235703463
B8,124,0.0009308124426752,0.0038702934980392,0.001691848039627,0.0925315677560439,1288763.625,2869685.25,17149.921875,12737481.0,285.0,960.0,110.0,117.7423324584961,285.0,4006683.0,40.06683,2022-09-27 14:46:29.765610,60.78169,,26.5052,167.2576675415039,0.4720967551247052,3,3,False,3,True,27.874605222181838,True,290448.0469284591,998315.5780715409,False,False,Escalate_Human,4,5.229158352211935
B8,125,0.0009472116362303,0.0089854001998901,0.0015429854393005,0.0656189567819672,910085.375,2239801.25,7301.6630859375,12737481.0,285.0,960.0,110.0,116.8563995361328,285.0,4000917.0,40.00917,2022-09-27 14:47:09.832440,61.33453,,26.27003,168.1436004638672,0.0019311475705975356,2,2,False,2,True,27.664867314425376,True,402847.1231211636,507238.2518788364,True,True,Escalate_Human,4,3.456153181746788
B8,126,0.001128391129896,0.0059966146945953,0.0017906725406646,0.1292992868015529,893317.625,2357527.5,4697.5810546875,12737481.0,285.0,960.0,110.0,113.07933044433594,285.0,4300043.0,43.00043,2022-09-27 14:47:49.841610,60.52182,,27.11147,171.92066955566406,0.5694773618754977,3,3,False,3,True,26.770674821102258,True,215830.36191242049,677487.2630875795,True,True,Reduce_Scan_Speed,3,4.905619425629855
B8,127,0.0009846431203186,0.0041720867156982,0.0015302300453186,0.04153041746203,1045274.3125,2600593.75,21574.849609375,12737481.0,285.0,960.0,110.0,135.23887634277344,285.0,3599886.0,35.99886,2022-09-27 14:48:32.842040,61.20248,,25.46947,149.76112365722656,-0.16835011799796173,2,1,False,2,True,32.01677943720962,True,412478.1150351502,632796.1974648498,True,True,Escalate_Human,4,4.017703374952272
B8,128,0.0012715426273643,0.0042954087257385,0.0019441246986389,0.216243431462975,901236.0,2419376.0,9371.3916015625,12737481.0,285.0,960.0,110.0,103.24920654296876,285.0,4762896.0,47.62896,2022-09-27 14:49:08.840900,60.17099,,25.89641,181.75079345703125,1.1633295041741232,4,4,False,2,True,24.443467458089195,True,99965.92881600442,801270.0711839956,False,False,Pause_Build,5,4.829476241842519
B8,129,0.0008772322908043,0.0034404397010803,0.001364529132843,0.0122621214628495,1009720.3125,2372011.0,22862.037109375,12737481.0,285.0,960.0,110.0,152.3148193359375,285.0,3260302.0,32.60302,2022-09-27 14:49:56.469860,60.78868,,26.51721,132.6851806640625,-0.7193245283305892,0,1,False,2,True,36.05937957763672,True,537591.0006470921,472129.3118529079,True,True,Monitor,1,3.171412776415623
B8,130,0.0012228637933731,0.0045249164104461,0.001882123760879,0.1772339109945019,737371.1875,1997914.75,14747.7236328125,12737481.0,285.0,960.0,110.0,101.1425552368164,285.0,4915992.0,49.15992,2022-09-27 14:50:29.072880,61.27898,,25.80072,183.8574447631836,0.8338962277938038,4,3,False,3,True,23.944733720837217,True,146779.89089922304,590591.296600777,True,True,Pause_Build,5,4.566107169055865
B8,131,0.0010068012634292,0.0032837390899658,0.0015544891357421,0.0397398505856481,1098285.5,2675185.5,27682.033203125,12737481.0,285.0,960.0,110.0,134.67559814453125,285.0,3685344.0,36.85344,2022-09-27 14:51:18.232800,60.57989,,25.75674,150.32440185546875,-0.1151714467430918,2,1,False,2,True,31.88342759103486,True,394161.22854454606,704124.2714554539,True,True,Escalate_Human,4,4.164980363231284
B8,132,0.0012533420231193,0.004611849784851,0.0018799364333972,0.1969512145863459,885367.0,2330008.75,15980.5234375,12737481.0,285.0,960.0,110.0,110.97610473632812,285.0,4523533.0,45.23533,2022-09-27 14:51:55.086240,61.48101,,25.37438,174.02389526367188,0.9099414892506009,4,3,False,3,True,26.272752068259496,True,148431.43794828723,736935.5620517128,False,False,Pause_Build,5,5.074080982045986
B8,133,0.0009032331872731,0.0036540031433105,0.0013803001493215,0.0109546165884194,940079.25,2311416.5,20663.201171875,12737481.0,285.0,960.0,110.0,122.11200714111328,285.0,4104989.0,41.04989,2022-09-27 14:52:40.321570,60.87975,,25.75407,162.88799285888672,-0.3916600511931412,1,1,False,2,True,28.909092599695377,True,525683.0554754011,414396.1945245989,True,True,Escalate_Human,4,3.1742027754008406
B8,134,0.00121825421229,0.0047204494476318,0.001886328915134,0.1767347837714537,783126.0,2110760.0,15460.2958984375,12737481.0,285.0,960.0,110.0,110.12301635742188,285.0,4605996.0,46.05996,2022-09-27 14:53:21.371460,61.13482,,26.50863,174.87698364257812,0.7773923431382146,4,3,False,3,True,26.07078985734419,True,143604.7787322104,639521.2212677896,True,True,Pause_Build,5,4.756920157599784
B8,135,0.0010024496586993,0.003739058971405,0.0014863443793728,0.0236196200824567,961219.9375,2485976.0,26462.03125,12737481.0,285.0,960.0,110.0,135.3059539794922,285.0,3756254.0,37.56254,2022-09-27 14:54:07.431420,61.7371,,25.75423,149.6940460205078,-0.31895289804592797,1,1,False,2,True,32.03265955953887,True,445614.0961317497,515605.8413682503,True,True,Escalate_Human,4,3.7788809437704707
B8,136,0.0012462008744478,0.0046548843383789,0.0018459245329722,0.1786654624498668,976276.0625,2555929.5,7824.16650390625,12737481.0,285.0,960.0,110.0,102.91683197021484,285.0,4983912.0,49.83912,2022-09-27 14:54:44.993960,60.68627,,25.77175,182.08316802978516,0.9831236852999385,4,3,False,3,True,24.364780295978893,True,174112.20785922185,802163.8546407782,False,False,Pause_Build,5,5.35395286214739
B8,137,0.0008891902980394,0.0031495690345764,0.0013062953948974,0.0068394671411662,844915.4375,2124627.5,19440.623046875,12737481.0,285.0,960.0,110.0,152.19406127929688,285.0,3383120.0,33.8312,2022-09-27 14:55:34.833080,61.39298,,26.83191,132.80593872070312,-0.8886461302956206,0,0,False,2,True,36.03079102256081,True,581560.5291517497,263354.9083482503,True,True,Monitor,1,2.7219523083729897
B8,138,0.0011849746806547,0.0041665434837341,0.0017859488725662,0.1321805165157703,727867.625,2038367.75,14743.8671875,12737481.0,285.0,960.0,110.0,101.8501434326172,285.0,5085305.0,50.85305,2022-09-27 14:56:08.664280,61.92502,,26.17244,183.1498565673828,0.5837162953141665,3,2,False,3,True,24.11224986567642,True,219396.9792450252,508470.6457549748,True,True,Reduce_Scan_Speed,3,4.432499900226677
B8,139,0.0010243955766782,0.003574788570404,0.0015196159947663,0.0305566586990566,945430.625,2480125.25,19605.0625,12737481.0,285.0,960.0,110.0,136.67262268066406,285.0,3771056.0,37.71056,2022-09-27 14:56:59.517330,60.99836,,25.82981,148.32737731933594,-0.2770557713061877,1,1,False,2,True,32.35620802099054,True,420492.28027292364,524938.3447270764,True,True,Escalate_Human,4,3.868645574906255
B8,140,0.0012437492841854,0.0055524408817291,0.00183398113586,0.1666278309367929,796456.6875,2184770.75,8107.26171875,12737481.0,285.0,960.0,110.0,112.90515899658205,285.0,4631232.0,46.31232,2022-09-27 14:57:37.227890,61.81004,,26.32297,172.09484100341797,0.6827036288486563,4,2,False,2,False,26.72944105032719,True,183130.09951951494,613326.587980485,True,True,Pause_Build,5,4.199575919682559
B8,141,0.000967352243606,0.0035297404974699,0.0014090507756918,0.0132622953325893,728242.25,1883634.75,22789.427734375,12737481.0,285.0,960.0,110.0,124.11912536621094,285.0,4211184.0,42.11184,2022-09-27 14:58:23.540210,62.06698,,25.66105,160.88087463378906,-0.5309406164906898,1,0,False,2,True,29.38426263404615,True,503974.8236099386,224267.4263900614,True,True,Escalate_Human,4,2.6117711433022137
B8,142,0.0012049239594489,0.0051659345626831,0.0018375217914581,0.1542739186647861,775459.0,2120862.5,15325.1328125,12737481.0,285.0,960.0,110.0,110.25798797607422,285.0,4792269.0,47.92269,2022-09-27 14:59:05.652050,61.42252,,26.68722,174.74201202392578,0.6505236335096887,4,2,False,2,False,26.102743365547873,True,180456.71871419437,595002.2812858056,True,True,Pause_Build,5,4.099199729363518
B8,143,0.0010586509015411,0.0037391185760498,0.0015113591216504,0.0323337737004863,824043.5625,2222065.25,26697.203125,12737481.0,285.0,960.0,110.0,138.09722900390625,285.0,3835290.0,38.3529,2022-09-27 14:59:53.574740,62.44784,,26.29507,146.90277099609375,-0.3894887428265069,1,1,False,2,True,32.693472775545985,True,426726.65283145756,397316.90966854244,True,True,Escalate_Human,4,3.4584279186678537
B8,144,0.0012495499104261,0.0067432522773742,0.0018303304677829,0.1649198140236605,823808.1875,2228682.75,7522.3115234375,12737481.0,285.0,960.0,110.0,102.0771713256836,285.0,5228088.0,52.28088,2022-09-27 15:00:31.927640,61.9173,,25.77299,182.9228286743164,0.8098479620048642,4,2,False,2,False,24.165996999451608,True,185886.54552040622,637921.6419795938,True,True,Pause_Build,5,4.247967322650568
B8,145,0.0009310021414421,0.0029316544532775,0.0013356087729334,0.0086131419634371,742413.6875,1917732.875,19753.8828125,12737481.0,285.0,960.0,110.0,148.95680236816406,285.0,3611430.0,36.1143,2022-09-27 15:01:24.208520,61.8747,,26.74039,136.04319763183594,-0.8903037068789478,0,0,False,2,True,35.26439450003884,True,559427.3902430685,182986.29725693155,True,True,Monitor,1,2.4874358519227027
B8,146,0.0011874170741066,0.0038729608058929,0.0017919420497491,0.1328955206318622,651176.1875,1834869.75,16023.87890625,12737481.0,285.0,960.0,110.0,103.3772430419922,285.0,5212682.0,52.12682,2022-09-27 15:02:00.322820,62.87367,,25.74228,181.6227569580078,0.5015511554213006,3,2,False,2,False,24.473779129259515,True,214871.81592435436,436304.37157564564,True,True,Reduce_Scan_Speed,3,3.5421067527899046
B8,147,0.0010317955166101,0.0038923621177673,0.0014513819478452,0.0250625649431427,768202.75,2150458.5,13377.5185546875,12737481.0,285.0,960.0,110.0,133.06410217285156,285.0,4034468.0,40.34468,2022-09-27 15:02:52.449640,62.59458,,25.91636,151.93589782714844,-0.4482542478390425,1,1,False,2,True,31.501918128042508,True,472012.56691308646,296190.18308691354,True,True,Escalate_Human,4,3.2346554699263987
B8,148,0.0012523712357506,0.0054608285427093,0.0018201470375061,0.1601049682108467,822517.5625,2265771.5,6190.677734375,12737481.0,285.0,960.0,110.0,113.40202331542967,285.0,4797293.0,47.97293,2022-09-27 15:03:32.794320,62.3974,,26.50265,171.5979766845703,0.6694837355968397,4,2,False,2,False,26.847069913690735,True,193575.5698493824,628941.9926506176,True,True,Pause_Build,5,4.304843505415203
B8,149,0.0009297863580286,0.0028691291809082,0.0013225078582763,0.0082718220822325,635766.625,1628552.0,17571.923828125,12737481.0,285.0,960.0,110.0,123.83272552490234,285.0,4393782.0,43.93782,2022-09-27 15:04:20.767250,63.21149,,25.58318,161.16727447509766,-0.7299654133180645,0,0,True,1,True,29.316459641312107,True,569319.2684012345,66447.35659876547,True,True,Continue,0,1.4070014711733996
B8,150,0.0012394268997013,0.0044889152050018,0.0018842816352844,0.1777285055884424,724988.0,2015737.875,15294.4921875,12737481.0,285.0,960.0,110.0,109.1145248413086,285.0,5032838.0,50.32838,2022-09-27 15:05:04.705070,62.0084,,25.96109,175.8854751586914,0.7553370662847456,4,3,False,3,True,25.832037130991615,True,145150.58246866474,579837.4175313353,True,True,Pause_Build,5,4.626608277388963
B8,151,0.0010494955349713,0.0032665133476257,0.0015093623660504,0.0320078942613723,872188.3125,2347630.0,17398.984375,12737481.0,285.0,960.0,110.0,136.76217651367188,285.0,4029174.0,40.29174,2022-09-27 15:05:55.033450,62.71148,,26.21069,148.23782348632812,-0.33219170276204,1,1,False,2,True,32.377409212517016,True,428234.30810773466,443954.00439226534,True,True,Escalate_Human,4,3.6583017493988645
B8,152,0.0012742852559313,0.0049683675169944,0.0018573817797005,0.1803910940627084,815728.875,2251742.0,4962.49365234375,12737481.0,285.0,960.0,110.0,102.96862030029295,285.0,5386192.0,53.86192,2022-09-27 15:06:35.325190,63.56284,,25.71672,182.03137969970703,0.8901373602178443,4,3,False,2,False,24.37704079078905,True,165461.38525402523,650267.4897459748,True,True,Pause_Build,5,4.3743560015953635
B8,153,0.0009025291074067,0.0026609301567077,0.001295268535614,0.0056086959604625,704906.375,1820946.25,23917.107421875,12737481.0,285.0,960.0,110.0,147.7684326171875,285.0,3743559.0,37.43559,2022-09-27 15:07:29.187110,62.13991,,25.80446,137.2315673828125,-0.9655786428645865,0,0,True,1,True,34.98305696429628,True,589886.386647472,115019.98835252796,True,True,Continue,0,1.660818320650551
B8,154,0.0012227954575791,0.0056138038635253,0.0018415509257465,0.154488647765883,712939.5625,1995984.25,14451.009765625,12737481.0,285.0,960.0,110.0,105.16586303710938,285.0,5324932.0,53.24932,2022-09-27 15:08:06.622700,63.07583,,26.67048,179.83413696289062,0.6670480239729674,4,2,False,2,False,24.897221362952028,True,177414.51086024567,535525.0516397543,True,True,Pause_Build,5,3.925339157974054
B8,155,0.0010462314821779,0.0042245388031005,0.0014887987636029,0.0321356292545978,770682.125,2126278.5,20369.91796875,12737481.0,285.0,960.0,110.0,133.8047332763672,285.0,4172352.0,41.72352,2022-09-27 15:08:59.872020,63.74614,,25.76991,151.1952667236328,-0.40113384866930674,1,1,False,2,True,31.67725693095814,True,443760.90722143836,326921.21777856164,True,True,Escalate_Human,4,3.2701193113248928
B8,156,0.0012753285700455,0.0070199370384216,0.0018590092658996,0.1859748474425079,836204.875,2291142.5,5660.83447265625,12737481.0,285.0,960.0,110.0,116.15715789794922,285.0,4861513.0,48.61513,2022-09-27 15:09:41.595540,62.59966,,26.07206,168.84284210205078,0.7780178146158803,4,3,False,3,True,27.499327153870553,True,164232.54775626562,671972.3272437344,True,True,Pause_Build,5,5.00657462958964
B8,157,0.0009132963023148,0.0031418390572071,0.001306964433752,0.009140995015258,700320.125,1782374.625,19855.646484375,12737481.0,285.0,960.0,110.0,126.1600341796875,285.0,4482518.0,44.82518,2022-09-27 15:10:30.210670,63.43527,,26.61712,158.8399658203125,-0.7136777183774404,0,0,True,1,True,29.86743233420632,True,581055.3697025051,119264.75529749494,True,True,Continue,0,1.6124359869043028
B8,158,0.0012469623470678,0.0051457434892654,0.0019061327911913,0.1822897199325897,741947.0625,2024150.25,13730.8271484375,12737481.0,285.0,960.0,110.0,110.13738250732422,285.0,5179517.0,51.79517,2022-09-27 15:11:15.035850,63.62842,,26.44476,174.86261749267578,0.785925704397169,4,3,False,3,True,26.074190934499104,True,128651.81291679945,613295.2495832006,True,True,Pause_Build,5,4.674690302478552
B8,159,0.0010421701008453,0.0038767755031585,0.0014799861237406,0.0334626186973385,682537.875,1887280.625,24047.67578125,12737481.0,285.0,960.0,110.0,139.7998809814453,285.0,4094691.0,40.94691,2022-09-27 15:12:06.831020,62.84473,,25.88102,145.2001190185547,-0.5598197951834512,0,1,False,2,True,33.09656273234974,True,450414.912842521,232122.96215747902,True,True,Monitor,1,2.854274776392278
B8,160,0.0012928193900734,0.0060841143131256,0.0019186735153198,0.2169025105966743,954264.5625,2495229.5,5421.5205078125,12737481.0,285.0,960.0,110.0,102.83440399169922,285.0,5601148.0,56.01148,2022-09-27 15:12:47.777930,63.85047,,25.85875,182.16559600830078,1.170604530158223,4,3,False,2,True,24.3452660965197,True,119182.90800892236,835081.6544910776,False,False,Pause_Build,5,4.858670661249744
B8,161,0.0008821807568892,0.0032213926315307,0.0012630238197743,0.0070310912416175,676511.25,1675340.5,16326.875,12737481.0,285.0,960.0,110.0,144.1793212890625,285.0,3985857.0,39.85857,2022-09-27 15:13:43.789410,64.30399,,26.18493,140.8206787109375,-1.0079799297216192,0,0,True,1,True,34.13336204760002,True,614232.8394470969,62278.41055290308,True,True,Continue,0,1.3076751153153454
B8,162,0.0012395988451316,0.0053208768367767,0.0018881857395172,0.1717856676674063,708626.1875,1917881.125,15293.9609375,12737481.0,285.0,960.0,110.0,106.460205078125,285.0,5458075.0,54.58075,2022-09-27 15:14:23.647980,63.24707,,25.81524,178.539794921875,0.733238435954978,4,2,False,2,False,25.203647035540957,True,142202.77886880608,566423.4086311939,True,True,Pause_Build,5,3.876354218937583
B8,163,0.0010212900815531,0.0040604472160339,0.001462283777073,0.0308511526627827,594042.4375,1653970.375,17346.994140625,12737481.0,285.0,960.0,110.0,130.8345489501953,285.0,4430995.0,44.30995,2022-09-27 15:15:18.228730,63.93626,,26.87114,154.1654510498047,-0.5723322685977008,0,0,False,2,True,30.97408829313336,True,463781.1136714546,130261.3238285454,True,True,Monitor,1,2.4295570678838603
B8,164,0.0012739831581711,0.0069617331027984,0.0019363187020644,0.2132264382778379,912186.8125,2379384.25,5218.55615234375,12737481.0,285.0,960.0,110.0,117.31941223144533,285.0,5007304.0,50.07304,2022-09-27 15:16:02.538680,64.6259,,25.78314,167.6805877685547,0.9729848811378575,4,4,False,2,True,27.774482062368683,True,105859.86592185125,806326.9465781488,False,False,Pause_Build,5,4.709472566089369
B8,165,0.0008625090704299,0.0037159919738769,0.0012490451335906,0.0081810762003303,559408.8125,1219962.375,19338.806640625,12737481.0,285.0,960.0,110.0,126.2545928955078,285.0,4648767.0,46.48767,2022-09-27 15:16:52.611720,63.28273,,25.7597,158.7454071044922,-0.9842810265658348,0,0,True,1,True,29.889818393822868,True,624787.4811770513,65378.66867705132,True,True,Continue,0,0.2745921227956827
B8,166,0.0011880821548402,0.0059842690825462,0.0018554925918579,0.1533267942785276,807030.5625,2130437.75,13516.16015625,12737481.0,285.0,960.0,110.0,109.80191802978516,285.0,5387374.0,53.87374,2022-09-27 15:17:39.099390,64.19086,,26.35593,175.19808197021484,0.6750474644484943,4,3,False,3,True,25.994772260839287,True,166887.8212278497,640142.7412721503,True,True,Pause_Build,5,4.6917804502321
B8,167,0.0010877081658691,0.0037948563694953,0.0015144944190979,0.0376450267033295,449767.71875,1275938.0,16127.9443359375,12737481.0,285.0,960.0,110.0,138.99697875976562,285.0,4272249.0,42.72249,2022-09-27 15:18:32.973130,64.91774,,25.90101,146.00302124023438,-0.7218611422887752,0,0,False,2,True,32.906481713959664,True,424359.33870476997,25408.380045230035,True,True,Monitor,1,1.939133490830682
B8,168,0.0012861973373219,0.0072531402111053,0.001945887459442,0.2144949718399119,811588.0,2181959.0,5727.63427734375,12737481.0,285.0,960.0,110.0,104.18366241455078,285.0,5729928.0,57.29928,2022-09-27 15:19:15.695620,63.70998,,26.09731,180.81633758544922,1.062502815459391,4,4,False,2,True,24.664692806475088,True,98634.95189243462,712953.0481075654,True,True,Pause_Build,5,4.444779580436849
B8,169,0.00088510022033,0.0032958984375,0.0012640953063964,0.0083697141986902,536064.0,1290637.0,15327.9833984375,12737481.0,285.0,960.0,110.0,143.75888061523438,285.0,4130108.0,41.30108,2022-09-27 15:20:12.994900,64.31056,,26.47919,141.24111938476562,-1.1373719881480244,0,0,True,1,True,34.033825903227836,True,613423.8108112089,77359.81081120891,True,True,Continue,0,0.46249025361721596
B8,170,0.0012680710060521,0.0061249732971191,0.0019482490606606,0.1938392766916131,663275.375,1841638.75,10310.763671875,12737481.0,285.0,960.0,110.0,108.99987030029295,285.0,5523936.0,55.23936,2022-09-27 15:20:54.295980,64.98211,,26.02644,176.00012969970703,0.8168251866592917,4,3,False,3,True,25.80489353700117,True,96851.81902545528,566423.5559745447,True,True,Pause_Build,5,4.491292604729189
B8,171,0.0010981059167534,0.0040594935417175,0.0014890059828758,0.0327534432294768,415513.5,1218916.625,14943.3369140625,12737481.0,285.0,960.0,110.0,131.80715942382812,285.0,4560950.0,45.6095,2022-09-27 15:21:49.535340,64.10823,,25.74075,153.19284057617188,-0.7062562968924828,0,0,True,1,True,31.204346454504762,True,443604.44579464477,28090.945794644766,True,True,Continue,0,1.1531921823596778
B8,172,0.0013784654438495,0.0074767023324966,0.0020647794008255,0.2582212322640616,745095.1875,2068286.125,4278.11767578125,12737481.0,285.0,960.0,110.0,120.1902084350586,285.0,5049545.0,50.49545,2022-09-27 15:22:35.144840,64.62706,,26.67457,164.8097915649414,1.1191183770369382,4,4,False,2,True,28.454121315118037,True,8865.2961901105,736229.8913098895,False,False,Pause_Build,5,4.57953266131082
B8,173,0.0009003343293443,0.0032702684402465,0.0012418031692504,0.0046926384234731,602796.0625,1548167.5,19408.474609375,12737481.0,285.0,960.0,110.0,128.71971130371094,285.0,4726111.0,47.26111,2022-09-27 15:23:25.640290,65.47322,,26.15316,156.28028869628906,-0.9122096995046045,0,0,True,1,True,30.473416501825504,True,630255.5443431766,27459.481843176647,True,True,Continue,0,1.0079182957476664
B8,174,0.001253240625374,0.0065119266510009,0.0018672335427254,0.1638507921494443,691958.3125,1914978.125,17605.5390625,12737481.0,285.0,960.0,110.0,111.25182342529295,285.0,5511316.0,55.11316,2022-09-27 15:24:12.901400,64.09706,,25.77421,173.74817657470703,0.6291218712708093,4,2,False,2,False,26.338026379093975,True,158022.78710755007,533935.5253924499,True,True,Pause_Build,5,3.84192191293178
B8,175,0.0011851837625727,0.0041353106498718,0.0015681982040405,0.0486026806728934,384906.5625,1093113.0,14732.892578125,12737481.0,285.0,960.0,110.0,142.28781127929688,285.0,4323808.0,43.23808,2022-09-27 15:25:08.014560,64.81428,,26.28426,142.71218872070312,-0.730184517268923,0,0,True,1,True,33.6855613824093,True,383810.1624686932,1096.4000313067809,True,True,Continue,0,1.1930415757087696
B8,176,0.0013135265326127,0.0050584077835083,0.0019416809082031,0.2113687903565514,825779.3125,2179547.5,16429.923828125,12737481.0,285.0,960.0,110.0,153.49005126953125,285.0,4045093.0,40.45093,2022-09-27 15:25:51.252640,65.83577,,25.98987,131.50994873046875,0.49575158846780365,3,3,False,3,True,36.33760683464281,True,101811.11885561142,723968.1936443886,False,False,Escalate_Human,4,4.981363744748382
B8,177,0.0009721744572743,0.0033892393112182,0.0013365745544433,0.0093784899397185,521164.46875,1243783.25,13635.0810546875,12737481.0,285.0,960.0,110.0,140.95083618164062,285.0,4364744.0,43.64744,2022-09-27 15:26:31.703570,64.58571,,25.94946,144.04916381835938,-1.0421754579146438,0,0,True,1,True,33.369042656638406,True,558698.1745147482,37533.705764748156,True,True,Continue,0,0.6666053400938305
B8,178,0.0011927902232855,0.0047970414161682,0.0017877593636512,0.129691314299764,749575.5,1970663.0,15296.951171875,12737481.0,285.0,960.0,110.0,166.75912475585938,285.0,3722410.0,37.2241,2022-09-27 15:27:15.351010,65.66849,,25.95975,118.24087524414062,-0.1724150447591481,2,2,False,3,True,39.47895945924701,True,218029.9634535315,531545.5365464685,True,True,Escalate_Human,4,4.261524386643732
B8,179,0.001218216610141,0.0054022669792175,0.0016026287339627,0.058712967098407,382012.40625,1100622.375,14737.8125,12737481.0,285.0,960.0,110.0,128.8774871826172,285.0,4775559.0,47.75559,2022-09-27 15:27:52.575110,64.32551,,25.90105,156.1225128173828,-0.5062921412828207,1,0,False,2,True,30.51076874588475,True,357813.3053159055,24199.100934094517,True,True,Escalate_Human,4,1.868152252618116
B8,180,0.0013608563458546,0.0050586462020874,0.0019979998469352,0.2527277530206275,779906.25,2082108.125,14714.8564453125,12737481.0,285.0,960.0,110.0,189.60806274414065,285.0,3271436.0,32.71436,2022-09-27 15:28:40.330700,65.62826,,26.95285,95.39193725585935,0.258717425550129,3,3,False,3,True,44.88827242995754,False,59287.36425400223,720618.8857459978,True,False,Escalate_Human,4,4.970932166249813
B8,181,0.0009770849719643,0.0042893290519714,0.0013443827629089,0.0155491607899319,527984.4375,1266841.0,15830.9345703125,12737481.0,285.0,960.0,110.0,128.72560119628906,285.0,4781289.0,47.81289,2022-09-27 15:29:13.045060,64.76711,,26.11964,156.27439880371094,-0.8677902772362128,0,0,True,1,True,30.474810889272977,True,552802.5673150312,24818.129815031192,True,True,Continue,0,0.7605961994593291
B8,182,0.0011805117828771,0.0062434077262878,0.0017658724682405,0.1202313282172716,746488.375,1942097.5,21750.578125,12737481.0,285.0,960.0,110.0,167.83901977539062,285.0,3698472.0,36.98472,2022-09-27 15:30:00.857950,65.44474,,26.91919,117.16098022460938,-0.2506242093366832,1,2,False,2,True,39.73461642409816,True,234555.71820652788,511932.6567934721,True,True,Escalate_Human,4,3.579706672147867
B8,183,0.0011819591745734,0.0048042833805084,0.0015536216087639,0.0462838152622915,380499.09375,1111092.5,16983.3125,12737481.0,285.0,960.0,110.0,141.2141571044922,285.0,4356513.0,43.56513,2022-09-27 15:30:37.842670,65.48269,,26.14285,143.7858428955078,-0.7351668764184259,0,0,True,1,True,33.431381890268035,True,394816.25694461446,14317.163194614463,True,True,Continue,0,1.1633103544070194
B8,184,0.0012993403943255,0.0050612688064575,0.0019435286521911,0.2112268584693142,850322.5625,2189847.75,22502.771484375,12737481.0,285.0,960.0,110.0,154.88735961914062,285.0,4008664.0,40.08664,2022-09-27 15:31:21.407800,65.45068,,26.62203,130.11264038085938,0.4853767054571249,3,3,False,3,True,36.668409000743516,True,100415.97516716109,749906.5873328389,False,False,Escalate_Human,4,4.974570911160477
B8,185,0.000960066972766,0.0034641623497009,0.0013148784637451,0.0100998274587133,505893.0625,1190170.0,16183.59765625,12737481.0,285.0,960.0,110.0,140.89431762695312,285.0,4366661.0,43.66661,2022-09-27 15:32:01.494440,66.56375,,26.30944,144.10568237304688,-1.0817312708120184,0,0,True,1,True,33.35566231698701,True,575079.861695559,69186.799195559,True,True,Continue,0,0.43296784952975775
B8,186,0.0011937521630898,0.0044392347335815,0.0017836391925811,0.127969438044968,727988.5,1942793.75,21615.955078125,12737481.0,285.0,960.0,110.0,170.12655639648438,285.0,3648587.0,36.48587,2022-09-27 15:32:45.161050,65.15245,,26.17074,114.87344360351562,-0.23044902779035975,1,2,False,2,True,40.27617338931922,True,221140.9088556636,506847.5911443364,True,True,Escalate_Human,4,3.649592890811682
B8,187,0.0012109372764825,0.0043441653251647,0.0015915036201477,0.053862500077442,394103.96875,1167076.125,14641.087890625,12737481.0,285.0,960.0,110.0,130.0188446044922,285.0,4733680.0,47.3368,2022-09-27 15:33:21.646920,66.59733,,25.90643,154.9811553955078,-0.5233774454366847,1,0,False,2,True,30.78097646886652,True,366213.35013980395,27890.61861019605,True,True,Escalate_Human,4,1.9677240694470155
B8,188,0.0012838508700951,0.00529146194458,0.0019077658653259,0.193705719273026,856324.75,2240923.25,15871.5205078125,12737481.0,285.0,960.0,110.0,190.7317047119141,285.0,3251999.0,32.51999,2022-09-27 15:34:08.983720,65.17192,,25.94927,94.26829528808591,0.005424417974917106,2,3,False,3,True,45.15428615338875,False,127418.75623445865,728905.9937655414,False,False,Pause_Build,5,4.989473088494117
B8,189,0.0009547445224598,0.0041887760162353,0.0013038590550422,0.0089891956187738,504166.53125,1173988.5,15574.671875,12737481.0,285.0,960.0,110.0,130.9280242919922,285.0,4700753.0,47.00753,2022-09-27 15:34:41.503710,66.68952,,25.67862,154.0719757080078,-0.9918754919143165,0,0,True,1,True,30.99621787215724,True,583400.0936119655,79233.56236196554,True,True,Continue,0,0.3463136978640393
B8,190,0.0011984766460955,0.0055924654006958,0.0017870664596557,0.1284289497431421,728791.1875,1893861.75,20907.287109375,12737481.0,285.0,960.0,110.0,167.277099609375,285.0,3711024.0,37.11024,2022-09-27 15:35:28.511240,65.8456,,26.03938,117.722900390625,-0.2111748415695868,2,2,False,2,True,39.601586081764914,True,218553.14233670058,510238.0451632994,True,True,Escalate_Human,4,3.5514667287195145
B8,191,0.0011758205946534,0.0059049725532531,0.001559656811878,0.0476359051753585,381268.65625,1077459.0,16948.125,12737481.0,285.0,960.0,110.0,145.27655029296875,285.0,4234208.0,42.34208,2022-09-27 15:36:05.621480,66.55099,,26.77309,139.72344970703125,-0.7816860856783928,0,0,True,1,True,34.39312270193389,True,390259.3618401871,8990.705590187106,True,True,Continue,0,1.119029080065919
B8,192,0.0012830607593059,0.0049440860748291,0.0019310833886265,0.2041109945603265,834710.625,2179737.5,14579.10546875,12737481.0,285.0,960.0,110.0,153.72767639160156,285.0,4038816.0,40.38816,2022-09-27 15:36:47.963560,66.06903,,25.91781,131.27232360839844,0.4569976954775593,3,3,False,3,True,36.393862782102644,True,109812.80233911518,724897.8226608848,False,False,Escalate_Human,4,4.943848993143753
B8,193,0.0009521194151602,0.003839373588562,0.0013012290000915,0.0075451909433031,522581.75,1196310.125,14786.2841796875,12737481.0,285.0,960.0,110.0,138.52090454101562,285.0,4441670.0,44.4167,2022-09-27 15:37:28.351720,66.28764,,26.56864,146.47909545898438,-1.0763172351057713,0,0,True,1,True,32.79377474929347,True,585385.923136281,62804.173136280966,True,True,Continue,0,0.40767705273197974
B8,194,0.0011921109398826,0.0040329098701477,0.0017805993556976,0.1270378037592039,727133.3125,1931307.375,14324.8896484375,12737481.0,285.0,960.0,110.0,167.9995574951172,285.0,3694572.0,36.94572,2022-09-27 15:38:12.768420,67.05313,,25.97237,117.00044250488281,-0.217304748759765,1,2,False,2,True,39.772622513048574,True,223436.1452463523,503697.1672536477,True,True,Escalate_Human,4,3.6186411541004935
B8,195,0.0011911431793123,0.0044265389442443,0.0015656363684684,0.0485537958212506,396277.34375,1133873.5,9511.857421875,12737481.0,285.0,960.0,110.0,127.2061004638672,285.0,4838494.0,48.38494,2022-09-27 15:38:49.714140,66.50866,,26.93934,157.7938995361328,-0.5498341190861199,1,0,False,2,True,30.115080602241285,True,385744.4827817208,10532.860968279187,True,True,Escalate_Human,4,1.8304234735554052
B8,196,0.0013033079449087,0.0049241781234741,0.0019404292106628,0.2097223661634481,815051.125,2124542.5,22689.158203125,12737481.0,285.0,960.0,110.0,183.52462768554688,285.0,3380778.0,33.80778,2022-09-27 15:39:38.099080,67.49935,,25.91283,101.47537231445312,0.13334556584505997,2,3,False,3,True,43.448065266464695,False,102756.21619298053,712294.9088070195,True,False,Pause_Build,5,4.874513679752569
B8,197,0.0009678128990344,0.0040728449821472,0.0013352334499359,0.0106969644747531,503413.40625,1146363.625,16959.76953125,12737481.0,285.0,960.0,110.0,131.0390625,285.0,4696645.0,46.96645,2022-09-27 15:40:11.906860,66.28519,,27.0414,153.9609375,-0.963799665135348,0,0,True,1,True,31.022505326704543,True,559710.7788047377,56297.372554737725,True,True,Continue,0,0.42662507898074287
B8,198,0.0011760876514017,0.0046276450157165,0.0017566680908203,0.1163475440927689,724939.8125,1944019.5,12018.38671875,12737481.0,285.0,960.0,110.0,163.21115112304688,285.0,3803535.0,38.03535,2022-09-27 15:40:58.873310,67.33419,,26.23622,121.78884887695312,-0.2213678836725675,1,2,False,2,True,38.639003580266774,True,241505.50624388806,483434.30625611194,True,True,Escalate_Human,4,3.590859713977032
B8,199,0.0011790833668783,0.0045162141323089,0.0015548169612884,0.0466069842137634,371142.90625,1034855.25,15165.419921875,12737481.0,285.0,960.0,110.0,144.70834350585938,285.0,4261132.0,42.61132,2022-09-27 15:41:36.908660,66.13977,,25.95786,140.29165649414062,-0.7995159365529585,0,0,True,1,True,34.25860404968262,True,393913.703051402,22770.796801402,True,True,Continue,0,0.9917686254420519
B8,200,0.0013151632156223,0.0050595998764038,0.0019541382789611,0.218457802763089,850510.5,2229422.0,14013.939453125,12737481.0,285.0,960.0,110.0,155.7089080810547,285.0,3987397.0,39.87397,2022-09-27 15:42:19.519980,67.40856,,25.71635,129.2910919189453,0.526674023548894,3,3,False,3,True,36.862904375249684,True,92405.15011720336,758105.3498827966,False,False,Escalate_Human,4,5.085301663197737
B8,201,0.0009557700832374,0.0030767917633056,0.0012995600700378,0.0070122497943939,492721.9375,1081794.625,15014.9599609375,12737481.0,285.0,960.0,110.0,138.8340606689453,285.0,4431869.0,44.31869,2022-09-27 15:42:59.393950,65.99053,,26.01149,146.1659393310547,-1.125041147322504,0,0,True,1,True,32.86791209018592,True,586646.0529194145,93924.11541941448,True,True,Continue,0,0.11290707719307758
B8,202,0.001173990080133,0.004737377166748,0.0017540745902806,0.1151257008606598,751638.875,1965414.375,18723.24609375,12737481.0,285.0,960.0,110.0,171.98060607910156,285.0,3608894.0,36.08894,2022-09-27 15:43:43.712640,67.44224,,26.8833,113.01939392089844,-0.3184872882035744,1,2,False,2,True,40.7151056058479,True,243463.73526936653,508175.13973063347,True,True,Escalate_Human,4,3.5942259810127073
B8,203,0.0012039773864671,0.0046167373657226,0.0016095800092443,0.0610413700875717,441753.78125,1335087.0,14227.48828125,12737481.0,285.0,960.0,110.0,128.62281799316406,285.0,4785290.0,47.8529,2022-09-27 15:44:19.801580,66.39035,,25.91355,156.37718200683594,-0.4028381631228499,1,0,False,2,True,30.450477744593762,True,352564.7276456286,89189.05360437138,True,True,Escalate_Human,4,2.3084357290170083
B8,204,0.0013025918742641,0.0049953460693359,0.0019527673721313,0.2175754880496259,930147.4375,2371628.0,18904.453125,12737481.0,285.0,960.0,110.0,184.3870391845703,285.0,3365035.0,33.65035,2022-09-27 15:45:07.654480,67.30346,,26.9803,100.61296081542969,0.25358025336282564,3,3,False,3,True,43.65223465543804,False,93440.25672475854,836707.1807752415,False,False,Escalate_Human,4,5.279593570429697
B8,205,0.0009720468660816,0.005052626132965,0.0013294219970703,0.0089074331633441,488634.5625,1143819.75,19449.6015625,12737481.0,285.0,960.0,110.0,133.56475830078125,285.0,4607625.0,46.07625,2022-09-27 15:45:41.304830,67.33279,,26.23754,151.43524169921875,-1.0052665166657022,0,0,True,1,True,31.620444673480407,True,564098.7307281775,75464.16822817747,True,True,Continue,0,0.37491564273697575
B8,206,0.0011625204933807,0.0058433413505554,0.0017470121383666,0.1113625703564727,721882.8125,1899247.75,17682.19140625,12737481.0,285.0,960.0,110.0,162.82708740234375,285.0,3812638.0,38.12638,2022-09-27 15:46:27.381080,67.38907,,26.6444,122.17291259765625,-0.260731472037439,1,2,False,2,True,38.54807940396395,True,248796.2571321309,473086.5553678691,True,True,Escalate_Human,4,3.4751663649776012
B8,207,0.0011780379572883,0.0047115385532379,0.0015594959259033,0.0473658320931999,373402.59375,1071771.0,13496.7900390625,12737481.0,285.0,960.0,110.0,149.05078125,285.0,4126593.0,41.26593,2022-09-27 15:47:05.507460,67.95468,,25.92215,135.94921875,-0.827002349086419,0,0,True,1,True,35.28664328835227,True,390380.83919506986,16978.245445069857,True,True,Continue,0,1.0953358222203682
B8,208,0.0013013002462685,0.0050045251846313,0.0019542840309441,0.2145341586480703,872463.9375,2241984.0,23629.951171875,12737481.0,285.0,960.0,110.0,155.09829711914062,285.0,4003047.0,40.03047,2022-09-27 15:47:46.773390,67.30768,,26.5888,129.90170288085938,0.5247802450649182,3,3,False,3,True,36.718346855857156,True,92295.0997203507,780168.8377796493,False,False,Escalate_Human,4,5.08277434393608
B8,209,0.0009793745120987,0.0039361119270324,0.0013295114040374,0.0117348988104433,502769.65625,1214389.625,15233.1943359375,12737481.0,285.0,960.0,110.0,136.9324188232422,285.0,4493550.0,44.9355,2022-09-27 15:48:26.803860,68.29473,,26.22165,148.0675811767578,-1.0074537712848153,0,0,True,1,True,32.41771278959332,True,564031.2237755568,61261.56752555678,True,True,Continue,0,0.546536182598425
B8,210,0.0011764167575165,0.0042399764060974,0.0017597498372197,0.117564734678581,772821.1875,2046923.125,13037.0322265625,12737481.0,285.0,960.0,110.0,170.14308166503906,285.0,3647715.0,36.47715,2022-09-27 15:49:11.739360,67.37729,,26.29231,114.85691833496094,-0.2539290781181237,1,2,False,2,True,40.280085621458106,True,239178.62596910447,533642.5615308955,True,True,Escalate_Human,4,3.7546381356001035
B8,211,0.0011642538011074,0.0047976374626159,0.0015411972999572,0.0427269521317074,423467.65625,1302093.25,17720.470703125,12737481.0,285.0,960.0,110.0,126.11946105957033,285.0,4880278.0,48.80278,2022-09-27 15:49:48.216510,68.75233,,25.94396,158.8805389404297,-0.5226131815710079,1,0,False,2,True,29.8578269553907,True,404197.2621745586,19270.394075441407,True,True,Escalate_Human,4,2.096182491651483
B8,212,0.0012708550784736,0.0050543546676635,0.0019304156303405,0.1975353016688061,938966.125,2396229.75,15783.572265625,12737481.0,285.0,960.0,110.0,177.9961700439453,285.0,3486170.0,34.8617,2022-09-27 15:50:37.019290,67.12119,,26.3023,107.00382995605469,0.2414081828252836,3,3,False,3,True,42.13924480207039,True,110316.99489185703,828649.130108143,False,False,Escalate_Human,4,5.266236950577951
B8,213,0.000939666701015,0.0047162175178527,0.0012953877449035,0.0090644880631367,537303.4375,1327794.625,15969.048828125,12737481.0,285.0,960.0,110.0,133.86968994140625,285.0,4597059.0,45.97059,2022-09-27 15:51:11.880990,68.60014,,25.93917,151.13031005859375,-0.9776203240106548,0,0,True,1,True,31.69263492931019,True,589796.377377286,52492.93987728597,True,True,Continue,0,0.6846377354646842
B8,214,0.0011786719551309,0.0050010085105896,0.0017691251123324,0.1211182133049506,765185.375,2025052.125,15456.0849609375,12737481.0,285.0,960.0,110.0,159.26651000976562,285.0,3897992.0,38.97992,2022-09-27 15:51:57.851580,67.26443,,26.2589,125.73348999023438,-0.11822281484380132,2,2,False,3,True,37.70513968034224,True,232099.8012044644,533085.5737955356,True,True,Escalate_Human,4,4.312078357005571
B8,215,0.0012319663073867,0.004802331328392,0.0016303062438964,0.0663028784128297,417282.375,1274145.875,16913.533203125,12737481.0,285.0,960.0,110.0,149.35829162597656,285.0,4127715.0,41.27715,2022-09-27 15:52:36.831500,68.69967,,25.8356,135.64170837402344,-0.6164190218749643,0,0,False,2,True,35.35944404024066,True,336915.33268181817,80367.04231818183,True,True,Monitor,1,2.260937961333177
B8,216,0.0013119374634698,0.0050433874130249,0.0019635558128356,0.2210376769418491,867674.0,2236281.5,21688.068359375,12737481.0,285.0,960.0,110.0,157.58682250976562,285.0,3939813.0,39.39813,2022-09-27 15:53:18.108650,67.19884,,26.03337,127.41317749023438,0.5270851384417791,3,3,False,3,True,37.30748638962254,True,85294.41776948376,782379.5822305162,False,False,Escalate_Human,4,5.099552760702765
B8,217,0.0009426636970601,0.0044502615928649,0.0012919306755065,0.008102521194522,530135.5,1236482.625,14879.130859375,12737481.0,285.0,960.0,110.0,137.67648315429688,285.0,4469458.0,44.69458,2022-09-27 15:53:57.506780,68.86883,,26.77567,147.32351684570312,-1.0603086351667665,0,0,True,1,True,32.593864383119524,True,592406.6462138145,62271.1462138145,True,True,Continue,0,0.46273918419851334
B8,218,0.0011779530905187,0.0050179958343505,0.0017561912536621,0.1155629003240683,715482.25,1865217.875,12288.0400390625,12737481.0,285.0,960.0,110.0,175.072509765625,285.0,3544802.0,35.44802,2022-09-27 15:54:42.201360,67.67926,,26.63172,109.927490234375,-0.38567672068258263,1,2,False,2,True,41.447090380119555,True,241865.54332478344,473616.70667521656,True,True,Escalate_Human,4,3.432921902027499
B8,219,0.0011848320718854,0.0043948590755462,0.0015679597854614,0.0506028272225385,404794.15625,1246350.125,16340.1240234375,12737481.0,285.0,960.0,110.0,127.92623901367188,285.0,4811267.0,48.11267,2022-09-27 15:55:17.649380,68.9019,,26.87208,157.07376098632812,-0.5075014609247958,1,0,False,2,True,30.28556794831247,True,383990.1810091408,20803.975240859203,True,True,Escalate_Human,4,2.06663811367255
B8,220,0.0012832734500989,0.0045338869094848,0.0019365609623491,0.203662828168757,864434.8125,2248027.5,18028.111328125,12737481.0,285.0,960.0,110.0,178.90347290039062,285.0,3468777.0,34.68777,2022-09-27 15:56:05.762050,69.00558,,26.05648,106.09652709960938,0.2049567371440859,2,3,False,3,True,42.35404187982732,False,105676.94669204648,758757.8658079535,False,False,Pause_Build,5,5.063673437114836
B8,221,0.0009074978297576,0.0045026540756225,0.0012473696842789,0.0068274610147019,546151.3125,1316478.25,15464.6201171875,12737481.0,285.0,960.0,110.0,136.63267517089844,285.0,4503955.0,45.03955,2022-09-27 15:56:40.449820,68.9674,,27.05848,148.36732482910156,-1.0715353001358254,0,0,True,1,True,32.34675075068618,True,626052.5333421334,79901.22084213339,True,True,Continue,0,0.4568126170649127
B8,222,0.0011810404248535,0.0049297213554382,0.0017704963684082,0.121671977419033,734907.125,1912435.0,12985.4111328125,12737481.0,285.0,960.0,110.0,159.23829650878906,285.0,3898805.0,38.98805,2022-09-27 15:57:25.489370,68.95742,,26.21428,125.76170349121094,-0.15547634839114943,2,2,False,2,True,37.698460347724684,True,231064.43089784938,503842.6941021506,True,True,Escalate_Human,4,3.5428615025249637
B8,223,0.0011768117547035,0.0041349828243255,0.0015603899955749,0.0468121751305673,403204.84375,1227589.625,17298.841796875,12737481.0,285.0,960.0,110.0,151.37017822265625,285.0,4059152.0,40.59152,2022-09-27 15:58:04.477420,68.78292,,27.39521,133.62982177734375,-0.7972170725377443,0,0,False,2,True,35.83574295043945,True,389705.76966841007,13499.074081589933,True,True,Monitor,1,2.0100188928174534
B8,224,0.0012927582720294,0.0050764083862304,0.0019371598027646,0.2027573487295805,861942.8125,2239676.0,20990.93359375,12737481.0,285.0,960.0,110.0,157.4217529296875,285.0,3943856.0,39.43856,2022-09-27 15:58:45.068940,69.27135,,26.36456,127.5782470703125,0.439379154928996,3,3,False,3,True,37.268407417066165,True,105224.7907486367,756718.0217513633,False,False,Escalate_Human,4,5.050543598520787
B8,225,0.0009496035636402,0.0037464499473571,0.0012963414192199,0.0077201866746102,483680.84375,1025281.9375,16871.4453125,12737481.0,285.0,960.0,110.0,136.20826721191406,285.0,4517843.0,45.17843,2022-09-27 15:59:24.507500,69.08648,,27.96465,148.79173278808594,-1.1172674103588514,0,0,True,1,True,32.24627538160844,True,589076.3032154954,105395.45946549543,True,True,Continue,0,-0.035546391700426394
B8,226,0.0011976121459156,0.0055405646562576,0.0017870762385427,0.1291393826005612,755880.0,2022358.25,20599.779296875,12737481.0,285.0,960.0,110.0,173.60667419433594,285.0,3574663.0,35.74663,2022-09-27 16:00:09.685930,70.4183,,26.23165,111.39332580566406,-0.23272328343534165,1,2,False,3,True,41.1000649134318,True,218545.75876377756,537334.2412362224,True,True,Escalate_Human,4,4.362578074015084
B8,227,0.0011654635891318,0.0042040348052978,0.0015460848808288,0.0427841634738186,411614.5625,1260482.0,14299.650390625,12737481.0,285.0,960.0,110.0,125.903564453125,285.0,4888668.0,48.88668,2022-09-27 16:00:45.432560,69.24425,,26.34981,159.096435546875,-0.5299090939229102,1,0,False,2,True,29.80671506939512,True,400506.88209534413,11107.680404655868,True,True,Escalate_Human,4,2.034620929532619
B8,228,0.001309203566052,0.0057677030563354,0.0019704699516296,0.2227984277729813,896236.625,2292294.5,13886.3447265625,12737481.0,285.0,960.0,110.0,173.44432067871094,285.0,3578096.0,35.78096,2022-09-27 16:01:34.319240,70.29297,,27.29899,111.55567932128906,0.38375122221843166,3,3,False,2,True,41.06162894855846,True,80073.88009642647,816162.7449035735,False,False,Escalate_Human,4,4.6266726477117235
B8,229,0.0009909966029226,0.0055903792381286,0.0013586492277681,0.0135593011507848,517525.34375,1213865.5,16858.615234375,12737481.0,285.0,960.0,110.0,136.33847045898438,285.0,4513390.0,45.1339,2022-09-27 16:02:10.100200,70.2138,,26.31881,148.66152954101562,-0.9636442352491285,0,0,True,1,True,32.2771000139641,True,542030.6375812182,24505.29383121815,True,True,Continue,0,0.6963049025015038
B8,230,0.0012137038866057,0.0049916505813598,0.0018036724068224,0.1370119613150987,688877.5,1825929.0,13981.171875,12737481.0,285.0,960.0,110.0,156.1699676513672,285.0,3975442.0,39.75442,2022-09-27 16:02:55.234100,70.28715,,26.42679,128.8300323486328,-0.0646905134236985,2,2,False,2,True,36.97205673564564,True,206014.7806746834,482862.7193253166,True,True,Escalate_Human,4,3.499956951611574
B8,231,0.0011707361554726,0.0077590942382812,0.0015555620193481,0.0462940025268164,413901.375,1275992.25,11921.80859375,12737481.0,285.0,960.0,110.0,152.29322814941406,285.0,4049425.0,40.49425,2022-09-27 16:03:34.988520,71.54425,,26.08165,132.70677185058594,-0.7968654304094895,0,0,False,2,True,36.05426802779689,True,393351.1451124938,20550.229887506226,True,True,Monitor,1,2.0879249870534835
B8,232,0.0012688919669017,0.0050612688064575,0.0019095689058303,0.1888824214202561,992469.6875,2483233.0,16021.193359375,12737481.0,285.0,960.0,110.0,160.58045959472656,285.0,3866213.0,38.66213,2022-09-27 16:04:15.482770,70.16163,,26.75295,124.41954040527344,0.4156434995955317,3,3,False,3,True,38.016207290418215,True,126057.36602235632,866412.3214776437,False,False,Escalate_Human,4,5.329978005036162
B8,233,0.0010444124927744,0.0061359405517578,0.0014167458284646,0.0183427232079357,517805.65625,1253952.625,14105.4931640625,12737481.0,285.0,960.0,110.0,135.7910614013672,285.0,4531905.0,45.31905,2022-09-27 16:04:54.144900,71.58603,,27.61923,149.2089385986328,-0.8645346192150207,0,0,True,1,True,32.14750506661155,True,498164.6548971806,19641.00135281938,True,True,Continue,0,0.9902049397661159
B8,234,0.0011851007584482,0.0057181119918823,0.0017793339211493,0.1246117356364039,769400.8125,2002207.125,21764.291015625,12737481.0,285.0,960.0,110.0,179.38827514648438,285.0,3459292.0,34.59292,2022-09-27 16:05:39.463950,71.83028,,26.53483,105.61172485351562,-0.3283903215115879,1,2,False,3,True,42.468815138845734,False,224391.61474573822,545009.1977542618,True,False,Pause_Build,5,4.281945539145245
B8,235,0.0011749523691833,0.0068932771682739,0.0015501379966735,0.0457738837112686,405219.53125,1232990.0,16077.4794921875,12737481.0,285.0,960.0,110.0,128.0304412841797,285.0,4807316.0,48.07316,2022-09-27 16:06:14.056870,71.51674,,27.19265,156.9695587158203,-0.5490891180125769,1,0,False,2,True,30.310237046444055,True,397446.56690773414,7772.9643422658555,True,True,Escalate_Human,4,1.9939919710563674
B8,236,0.0013267084723338,0.0050603151321411,0.0020020008087158,0.235578737860746,847976.8125,2203835.0,20624.755859375,12737481.0,285.0,960.0,110.0,174.68252563476562,285.0,3552889.0,35.52889,2022-09-27 16:07:02.130030,72.11678,,26.25661,110.31747436523438,0.4152081857689032,3,3,False,2,True,41.35476459156383,True,56266.42812205618,791710.3843779438,False,False,Escalate_Human,4,4.578605223287313
B8,237,0.0009655742906033,0.0040342807769775,0.0013216733932495,0.0103917015017804,492185.03125,1137885.875,12845.587890625,12737481.0,285.0,960.0,110.0,137.88926696777344,285.0,4462454.0,44.62454,2022-09-27 16:07:37.658920,71.16675,,26.3531,147.11073303222656,-1.0589148838899676,0,0,True,1,True,32.64423933896151,True,569949.3332927634,77764.30204276345,True,True,Continue,0,0.33220104716944876
B8,238,0.0011720118345692,0.0059819817543029,0.0017704931087791,0.1215382107003936,760732.5,1978400.875,21150.19140625,12737481.0,285.0,960.0,110.0,156.53741455078125,285.0,3966211.0,39.66211,2022-09-27 16:08:22.283460,72.39703,,27.57416,128.46258544921875,-0.10179861212602431,2,2,False,3,True,37.05904700539329,True,231066.89208889916,529665.6079111008,True,True,Escalate_Human,4,4.221024841860109
B8,239,0.0012039926368743,0.0043653845787048,0.0015962838660925,0.0588395921381715,408386.0,1208709.25,13401.759765625,12737481.0,285.0,960.0,110.0,147.60198974609375,285.0,4176651.0,41.76651,2022-09-27 16:09:01.945570,71.76719,,26.35172,137.39801025390625,-0.6824767154578432,0,0,False,2,True,34.94365287549568,True,362604.0135637198,45781.98643628019,True,True,Monitor,1,2.049510185101524
B8,240,0.0012843303848057,0.0050604343414306,0.0019373297691345,0.198986391795036,859262.3125,2224637.5,21586.884765625,12737481.0,285.0,960.0,110.0,160.81625366210938,285.0,3860414.0,38.60414,2022-09-27 16:09:43.712080,72.22861,,27.39198,124.18374633789062,0.38327192650409514,3,3,False,3,True,38.07202974955241,True,105096.45721879997,754165.8552812,False,False,Escalate_Human,4,5.0222305379764265
B8,241,0.0009979961905628,0.0042639970779418,0.0013824074994772,0.0147829237884082,545637.4375,1320382.125,13702.857421875,12737481.0,285.0,960.0,110.0,133.1136932373047,285.0,4623169.0,46.23169,2022-09-27 16:10:22.316220,72.64355,,26.49367,151.8863067626953,-0.8593522501548791,0,0,True,1,True,31.513658436861903,True,524091.8955050948,21545.541994905216,True,True,Continue,0,1.011867007130367
B8,242,0.0011900649406015,0.0048829317092895,0.0017817318439483,0.1267696645714621,721105.8125,1911838.25,11496.369140625,12737481.0,285.0,960.0,110.0,178.42474365234375,285.0,3477678.0,34.77678,2022-09-27 16:11:08.547910,71.63663,,26.9534,106.57525634765625,-0.3405227646087706,1,2,False,2,True,42.24070635708895,True,222581.0571792447,498524.7553207553,True,True,Escalate_Human,4,3.5876897819912505
B8,243,0.0012100148014724,0.0048996806144714,0.0015980033203959,0.0577265095454262,350109.0,967330.125,17278.3671875,12737481.0,285.0,960.0,110.0,126.30406188964844,285.0,4873128.0,48.73128,2022-09-27 16:11:43.324690,73.01753,,26.51216,158.69593811035156,-0.5343118780554734,1,0,True,1,False,29.901529803420555,True,361305.73532033386,11196.735320333857,True,True,Monitor,1,1.0115351690519607
B8,244,0.001312501495704,0.0050611495971679,0.0019553899765014,0.221081734726898,855163.9375,2238838.0,16879.025390625,12737481.0,285.0,960.0,110.0,170.6122589111328,285.0,3637839.0,36.37839,2022-09-27 16:12:32.055970,72.72326,,26.27004,114.38774108886719,0.37396934502677986,3,3,False,3,True,40.39115978009773,True,91460.05277983448,763703.8847201655,False,False,Escalate_Human,4,5.10227287174216
B8,245,0.0009861444123089,0.0043460130691528,0.0013435811270028,0.0125464310657049,505133.21875,1208459.875,14905.7265625,12737481.0,285.0,960.0,110.0,137.2565460205078,285.0,4482885.0,44.82885,2022-09-27 16:13:08.434360,72.92991,,27.23134,147.7434539794922,-0.9954234519648638,0,0,True,1,True,32.49444744803689,True,553407.844497419,48274.62574741896,True,True,Continue,0,0.6001404842196676
B8,246,0.0011759856715798,0.0060300827026367,0.0017632246017456,0.1186774291521622,733453.75,1937030.125,15711.4248046875,12737481.0,285.0,960.0,110.0,154.03907775878906,285.0,4030572.0,40.30572,2022-09-27 16:13:53.263210,73.25296,,26.27332,130.96092224121094,-0.10648983888123432,2,2,False,2,True,36.46758469668301,True,236554.99638154008,496898.7536184599,True,True,Escalate_Human,4,3.5801328729237096
B8,247,0.0012140139006078,0.0044461786746978,0.0016247034072875,0.0664394177982795,409071.625,1244311.0,13577.3828125,12737481.0,285.0,960.0,110.0,148.01893615722656,285.0,4155595.0,41.55595,2022-09-27 16:14:33.568930,72.47841,,26.64867,136.98106384277344,-0.6178199706168586,0,0,False,2,True,35.04236177964644,True,341145.76838237536,67925.85661762464,True,True,Monitor,1,2.194279789876521
B8,248,0.0012986247893422,0.0050623416900634,0.0019860118627548,0.2178852266072312,904131.5,2296654.5,12965.396484375,12737481.0,285.0,960.0,110.0,164.50743103027344,285.0,3773660.0,37.7366,2022-09-27 16:15:15.124880,73.60683,,26.70645,120.49256896972656,0.4849236794020866,3,4,False,2,True,38.94588802800034,True,68338.92149090627,835792.5785090937,False,False,Escalate_Human,4,4.663057718029632
B8,249,0.0009191657300107,0.0048030614852905,0.0012642480432987,0.0082959613555217,535577.875,1251600.0,17152.341796875,12737481.0,285.0,960.0,110.0,132.84295654296875,285.0,4632777.0,46.32777,2022-09-27 16:15:52.861480,72.41067,,26.66693,152.15704345703125,-1.0297344623276903,0,0,True,1,True,31.449563575513434,True,613308.4864336862,77730.61143368622,True,True,Continue,0,0.3784599189901119
B8,250,0.0012043353635817,0.0053624510765075,0.0017954111099243,0.1332876962933674,708892.9375,1905165.125,20569.017578125,12737481.0,285.0,960.0,110.0,185.12689208984372,285.0,3351360.0,33.5136,2022-09-27 16:16:39.189250,73.26184,,27.88332,99.87310791015628,-0.380873480849667,1,2,False,2,True,43.827389225815274,False,212252.4934209576,496640.4440790424,True,False,Pause_Build,5,3.62320648644329
B8,251,0.0011687248479574,0.0043343305587768,0.0015573501586914,0.0486541548339301,462398.9375,1408595.5,13836.064453125,12737481.0,285.0,960.0,110.0,128.91818237304688,285.0,4774201.0,47.74201,2022-09-27 16:17:12.702850,73.83964,,26.62388,156.08181762695312,-0.47761750920036095,1,0,False,2,True,30.520403023922082,True,392001.00605909876,70397.93144090124,True,True,Escalate_Human,4,2.311668625826747
B8,252,0.0012971395626664,0.0079730041325092,0.0019670366309583,0.2188448988593758,935165.125,2368106.5,13475.8857421875,12737481.0,285.0,960.0,110.0,171.70474243164062,285.0,3614852.0,36.14852,2022-09-27 16:18:00.444860,72.98139,,26.64194,113.29525756835938,0.4135288644603364,3,4,False,2,True,40.64979697718765,True,82666.21739861695,852498.907601383,False,False,Escalate_Human,4,4.728494974504408
B8,253,0.0009525921195745,0.0046368837356567,0.0013062357902526,0.0096421206472668,487621.25,1071590.5,15328.5498046875,12737481.0,285.0,960.0,110.0,139.26869201660156,285.0,4417996.0,44.17996,2022-09-27 16:18:36.593380,74.3305,,26.47043,145.73130798339844,-1.1174694127194367,0,0,True,1,True,32.97080776908181,True,581605.5337868806,93984.28378688055,True,True,Continue,0,0.11394497503628154
B8,254,0.0011639449512585,0.005561351776123,0.0017416477203369,0.1099663446519824,708830.8125,1893404.375,10979.294921875,12737481.0,285.0,960.0,110.0,154.8925323486328,285.0,4008424.0,40.08424,2022-09-27 16:19:20.773340,73.15113,,26.54028,130.1074676513672,-0.1847481218513498,2,2,False,2,True,36.66963360526345,True,252846.6742921651,455984.1382078349,True,True,Escalate_Human,4,3.4673452874512884
B8,255,0.001205920591019,0.0050802826881408,0.0015967532526701,0.0566010853135763,406657.0625,1222179.375,15374.9052734375,12737481.0,285.0,960.0,110.0,143.564697265625,285.0,4284833.0,42.84833,2022-09-27 16:20:00.857580,73.8679,,27.33651,141.435302734375,-0.6396540237277094,0,0,False,2,True,33.9878544662938,True,362249.602062216,44407.46043778397,True,True,Monitor,1,2.0820111036724356
B8,256,0.0013021294726058,0.0050617456436157,0.0019453503191471,0.2091299481486557,852761.9375,2213915.75,19030.146484375,12737481.0,285.0,960.0,110.0,164.90621948242188,285.0,3764439.0,37.64439,2022-09-27 16:20:43.705910,74.21525,,26.53952,120.09378051757812,0.3769941012384592,3,3,False,3,True,39.040298172921844,True,99040.521006505,753721.416493495,False,False,Escalate_Human,4,5.027493565466488
B8,257,0.0009599715122021,0.0036308765411376,0.0013155341148376,0.0086437766654969,513873.3125,1224929.0,15537.529296875,12737481.0,285.0,960.0,110.0,130.42398071289062,285.0,4718770.0,47.1877,2022-09-27 16:21:21.350300,73.62038,,26.74389,154.57601928710938,-0.9564459339801159,0,0,True,1,True,30.876889373316907,True,574584.8107093469,60711.4982093469,True,True,Continue,0,0.5216321357087943
B8,258,0.0012059236178174,0.005541980266571,0.001797616481781,0.1334329745855963,684036.125,1827527.75,12507.470703125,12737481.0,285.0,960.0,110.0,184.28485107421875,285.0,3366319.0,33.66319,2022-09-27 16:22:08.538000,74.53276,,26.44877,100.71514892578125,-0.3968326476047187,1,2,False,2,True,43.628042394464664,False,210587.32192179793,473448.80307820207,True,False,Pause_Build,5,3.4952862346065894
B8,259,0.0011899098753929,0.0037586688995361,0.0015861210413277,0.0567203352584696,374371.71875,1077336.875,15810.6591796875,12737481.0,285.0,960.0,110.0,127.56575012207033,285.0,4824799.0,48.24799,2022-09-27 16:22:42.201190,73.2673,,26.71028,157.4342498779297,-0.5245581356116528,1,0,False,2,True,30.200224934202254,True,370277.47964967065,4094.239100329345,True,True,Escalate_Human,4,1.7883244533233795
B8,260,0.0012744548730552,0.0050626993179321,0.0019152164459228,0.1910859069484742,863448.3125,2234232.0,19971.9921875,12737481.0,285.0,960.0,110.0,169.77810668945312,285.0,3656030.0,36.5603,2022-09-27 16:23:30.449180,74.36448,,27.23002,115.22189331054688,0.23599982708155182,3,3,False,3,True,40.19368056095008,True,121793.17684545089,741655.1356545491,False,False,Escalate_Human,4,4.983455906123573
B8,261,0.0009282358805648,0.0046127438545227,0.0012775182258337,0.0085516593187116,517589.625,1189491.125,12967.6484375,12737481.0,285.0,960.0,110.0,139.06939697265625,285.0,4424043.0,44.24043,2022-09-27 16:24:07.009480,74.70771,,26.76634,145.93060302734375,-1.1067987728652133,0,0,True,1,True,32.923626177238695,True,603288.8021438032,85699.17714380322,True,True,Continue,0,0.27976666545349227
B8,262,0.0011752985883504,0.0052894353866577,0.0017677363939583,0.1197832232086944,767511.8125,2013118.625,20338.162109375,12737481.0,285.0,960.0,110.0,152.94039916992188,285.0,4059641.0,40.59641,2022-09-27 16:24:51.249910,74.01099,,28.19889,132.05960083007812,-0.057960945740904546,2,2,False,2,True,36.20748086409135,True,233148.35646279203,534363.456037208,True,True,Escalate_Human,4,3.708493877784465
B8,263,0.0011659065494313,0.0052794218063354,0.001565933227539,0.0513647122639183,420915.5625,1281121.875,15607.0703125,12737481.0,285.0,960.0,110.0,144.5305938720703,285.0,4256279.0,42.56279,2022-09-27 16:25:31.846320,74.94471,,26.57917,140.4694061279297,-0.6798654540072431,0,0,False,2,True,34.21652317047119,True,385520.3386029836,35395.223897016374,True,True,Monitor,1,2.1146051503436576
B8,264,0.001298977411352,0.0054670572280883,0.0019572554156184,0.215032784446555,928704.875,2371268.5,17291.314453125,12737481.0,285.0,960.0,110.0,169.0393524169922,285.0,3672297.0,36.72297,2022-09-27 16:26:14.409110,73.73667,,26.46929,115.96064758300781,0.4209472450982797,3,3,False,2,True,40.01878608356822,True,90051.54834027286,838653.3266597271,False,False,Escalate_Human,4,4.720346302103041
B8,265,0.0010025278897956,0.0044819712638854,0.0013681948184967,0.0135775474935426,481173.84375,1120849.375,15665.724609375,12737481.0,285.0,960.0,110.0,130.35475158691406,285.0,4721413.0,47.21413,2022-09-27 16:26:51.132080,74.95851,,27.87474,154.64524841308594,-0.9203632758263932,0,0,True,1,True,30.86049990220503,True,534823.2155876814,53649.37183768139,True,True,Continue,0,0.4893110336244395
B8,266,0.0012006744509562,0.0053859949111938,0.00180184841156,0.1345129935003114,702813.9375,1846150.375,11547.953125,12737481.0,285.0,960.0,110.0,191.97476196289065,285.0,3248269.0,32.48269,2022-09-27 16:27:38.346210,75.17414,,26.35652,93.02523803710935,-0.46773144716478343,1,2,False,3,True,45.44857054045706,False,207391.99282887112,495421.9446711289,True,False,Pause_Build,5,4.091409557312302
B8,267,0.0012006378965452,0.0059528034180402,0.001601219177246,0.0597192231303713,423872.8125,1288323.5,15118.3232421875,12737481.0,285.0,960.0,110.0,130.53744506835938,285.0,4714864.0,47.14864,2022-09-27 16:28:10.828900,74.84251,,27.6577,154.46255493164062,-0.4546738176272894,1,0,False,2,True,30.903751199895684,True,358877.59461658145,64995.21788341855,True,True,Escalate_Human,4,2.211810200373188
B8,268,0.0013157586799934,0.0050610303878784,0.0019575997721403,0.2187062956940954,904129.4375,2365606.0,14678.14453125,12737481.0,285.0,960.0,110.0,169.882080078125,285.0,3653933.0,36.53933,2022-09-27 16:28:57.977540,75.36896,,26.48867,115.117919921875,0.42242315580292844,3,3,False,3,True,40.21829547304095,True,89791.54109293479,814337.8964070652,False,False,Escalate_Human,4,5.313838755663151
B8,269,0.0009484716574661,0.0033100843429565,0.0013110637664794,0.0093476973197097,521771.875,1244985.875,17865.6953125,12737481.0,285.0,960.0,110.0,141.56373596191406,285.0,4345885.0,43.45885,2022-09-27 16:29:34.516870,74.24098,,27.08133,143.43626403808594,-1.075935000606056,0,0,True,1,True,33.51414203643799,True,577960.1583427968,56188.28334279684,True,True,Continue,0,0.5555216989586942
B8,270,0.0011885678395628,0.0052869915962219,0.0017637014389038,0.1187829556790651,708914.0,1904739.625,12681.4287109375,12737481.0,285.0,960.0,110.0,154.33470153808594,285.0,4022990.0,40.2299,2022-09-27 16:30:17.975720,75.34623,,27.87333,130.66529846191406,-0.12065648562868161,2,2,False,2,True,36.537571386857465,True,236194.95930064493,472719.0406993551,True,True,Escalate_Human,4,3.545220065515354
B8,271,0.0012089117662981,0.0048028528690338,0.0016018293099477,0.0586954633982955,373445.21875,1049796.25,18354.111328125,12737481.0,285.0,960.0,110.0,140.5172882080078,285.0,4378176.0,43.78176,2022-09-27 16:30:58.205620,75.12365,,26.41672,144.4827117919922,-0.6556770200310916,0,0,False,2,True,33.26640345833518,True,358416.9124044231,15028.306345576886,True,True,Monitor,1,1.768452708510057
B8,272,0.0012882038718089,0.0050622224807739,0.0019629597663879,0.2077870934234331,932730.9375,2382429.75,14887.1826171875,12737481.0,285.0,960.0,110.0,169.1273956298828,285.0,3670271.0,36.70271,2022-09-27 16:31:41.987380,75.08202,,27.64975,115.87260437011719,0.405303479858242,3,4,False,2,True,40.03962964722604,True,85744.46412056522,846986.4733794348,False,False,Escalate_Human,4,4.752748760872579
B8,273,0.0009643687517382,0.0037439465522766,0.0013274401426315,0.0099877235516567,532332.6875,1233219.125,12364.943359375,12737481.0,285.0,960.0,110.0,128.2049560546875,285.0,4800752.0,48.00752,2022-09-27 16:32:18.690090,75.51722,,26.59592,156.7950439453125,-0.9113322908776789,0,0,True,1,True,30.351552096280184,True,565595.1348456721,33262.44734567206,True,True,Continue,0,0.6180864782885727
B8,274,0.0011934651993215,0.0050481557846069,0.0017929777968674,0.1309289348432627,717263.0625,1909575.75,13986.625,12737481.0,285.0,960.0,110.0,188.6421661376953,285.0,3296469.0,32.96469,2022-09-27 16:33:06.697610,74.75814,,26.77771,96.35783386230469,-0.4292060297755075,1,2,False,3,True,44.65960372578014,False,214089.77248959756,503173.29001040244,True,False,Pause_Build,5,4.186724186035702
B8,275,0.0012019535060971,0.0047143101692199,0.001604157499969,0.062342721117878,403782.8125,1217223.875,16252.4814453125,12737481.0,285.0,960.0,110.0,129.45054626464844,285.0,4754363.0,47.54363,2022-09-27 16:33:39.662300,75.92853,,26.57524,155.54945373535156,-0.4562540068686165,1,0,False,2,True,30.646436142198965,True,356659.006744968,47123.80575503199,True,True,Escalate_Human,4,2.0932488996293186
B8,276,0.0013233487261459,0.0054954290390014,0.0019872263073921,0.2309428313507707,857273.4375,2222870.0,13188.3125,12737481.0,285.0,960.0,110.0,168.29031372070312,285.0,3688593.0,36.88593,2022-09-27 16:34:27.205930,75.32042,,26.61697,116.70968627929688,0.46186480194463636,3,3,False,2,True,39.84145684675737,True,67421.95205049403,789851.485449506,False,False,Escalate_Human,4,4.5710204839092246
B8,277,0.000936968717724,0.0044569969177246,0.0012929351069033,0.0084582072291528,537595.75,1256943.125,15619.5361328125,12737481.0,285.0,960.0,110.0,141.72647094726562,285.0,4340637.0,43.40637,2022-09-27 16:35:04.091860,75.61597,,27.75245,143.27352905273438,-1.095814170471485,0,0,True,1,True,33.55266831137917,True,591648.2477923732,54052.49779237318,True,True,Continue,0,0.52147295202903
B8,278,0.0012592227431014,0.0055297017097473,0.0018829714972525,0.1695393846696864,675374.6875,1819997.0,11888.9677734375,12737481.0,285.0,960.0,110.0,152.99188232421875,285.0,4058204.0,40.58204,2022-09-27 16:35:47.498230,76.16338,,26.5869,132.00811767578125,0.16471479164767128,2,2,False,2,True,36.21966911084724,True,146139.80544439866,529234.8820556013,True,True,Escalate_Human,4,3.698257355826962
B8,279,0.0012034839019179,0.0047605633735656,0.001599907875061,0.0592763569081491,369175.3125,1043282.1875,11597.240234375,12737481.0,285.0,960.0,110.0,141.75567626953125,285.0,4340146.0,43.40146,2022-09-27 16:36:28.080270,75.22802,,26.8415,143.24432373046875,-0.6719385537644981,0,0,False,2,True,33.55958245017312,True,359867.69658900565,9307.615910994355,True,True,Monitor,1,1.7555797893960339
B8,280,0.001309020910412,0.0050609111785888,0.0019809603691101,0.2219064752323223,887639.25,2277698.0,15062.8701171875,12737481.0,285.0,960.0,110.0,171.49493408203125,285.0,3619386.0,36.19386,2022-09-27 16:37:11.481730,76.36456,,27.91893,113.50506591796875,0.40836795067664294,3,3,False,2,True,40.60012643987482,True,72153.06431665481,815486.1856833452,False,False,Escalate_Human,4,4.6324523412139
B8,281,0.0009003573213703,0.0047067403793334,0.0012454390525817,0.0074224563266868,533349.0,1190138.25,16411.39453125,12737481.0,285.0,960.0,110.0,128.43295288085938,285.0,4792303.0,47.92303,2022-09-27 16:37:47.675590,75.3706,,26.64859,156.56704711914062,-1.0258980993404723,0,0,True,1,True,30.40552861762769,True,627510.2616013313,94161.2616013313,True,True,Continue,0,0.1586627143892536
B8,282,0.0011792640434578,0.0044200420379638,0.0017784833908081,0.1244975690239236,753387.5,1999703.0,20627.43359375,12737481.0,285.0,960.0,110.0,188.3701629638672,285.0,3293401.0,32.93401,2022-09-27 16:38:35.598620,75.77326,,28.67115,96.62983703613281,-0.430913858350903,1,2,False,3,True,44.595209035006434,False,225033.80979281547,528353.6902071845,True,False,Pause_Build,5,4.296318530259624
B8,283,0.0011690302053466,0.0046486854553222,0.0015679702628403,0.0508092641713331,461977.65625,1419669.75,14640.8623046875,12737481.0,285.0,960.0,110.0,132.80404663085938,285.0,4634184.0,46.34184,2022-09-27 16:39:08.532630,76.1915,,26.82333,152.19595336914062,-0.498270397108063,1,0,False,2,True,31.4403519485936,True,383982.27003817377,77995.38621182623,True,True,Escalate_Human,4,2.361890171016295
B8,284,0.001270929002203,0.0053536891937255,0.0019173887558281,0.1935279187817259,864983.4375,2234922.25,12549.625,12737481.0,285.0,960.0,110.0,165.2001190185547,285.0,3757764.0,37.57764,2022-09-27 16:39:54.874470,75.59196,,26.58855,119.79988098144531,0.2980614264483142,3,3,False,3,True,39.10987666158965,True,120152.96885483083,744830.4686451692,False,False,Escalate_Human,4,4.988127090834338
B8,285,0.0009333021589554,0.0039167404174804,0.0012908577919006,0.0090290524130003,524035.40625,1275515.375,13897.3671875,12737481.0,285.0,960.0,110.0,144.66571044921875,285.0,4252161.0,42.52161,2022-09-27 16:40:32.452110,76.74931,,26.33183,140.33428955078125,-1.122155242055193,0,0,True,1,True,34.24851099650065,True,593216.7296457911,69181.32339579111,True,True,Continue,0,0.5336513265904181
B8,286,0.0011820074869319,0.0056428909301757,0.0017670392990112,0.1200735974901368,684963.375,1854158.875,16665.95703125,12737481.0,285.0,960.0,110.0,154.7952117919922,285.0,4010905.0,40.10905,2022-09-27 16:41:14.973720,75.33645,,26.75207,130.2047882080078,-0.13619856288271256,2,2,False,2,True,36.64659370075572,True,233674.6997343779,451288.6752656221,True,True,Escalate_Human,4,3.4770732714846457
B8,287,0.001203216612339,0.004530906677246,0.0016125440597534,0.0630517489749935,409290.78125,1199791.25,15050.41015625,12737481.0,285.0,960.0,110.0,138.23130798339844,285.0,4451035.0,44.51035,2022-09-27 16:41:55.082770,76.53069,,27.61328,146.76869201660156,-0.5492728317178782,1,0,False,2,True,32.72521495819092,True,350326.7139452053,58964.06730479468,True,True,Escalate_Human,4,2.068580371339646
B8,288,0.0013165342388674,0.0082917809486389,0.0019867657683789,0.2250306734330628,866662.9375,2247647.0,12833.169921875,12737481.0,285.0,960.0,110.0,170.36524963378906,285.0,3643294.0,36.43294,2022-09-27 16:42:39.593120,76.84896,,26.56848,114.63475036621094,0.4269606993701188,3,4,False,2,True,40.332682204969,True,67769.68317651772,798893.2543234823,False,False,Escalate_Human,4,4.610449678851976
B8,289,0.0010104593820869,0.0038021802902221,0.0013809204101562,0.012745733419745,481669.9375,1114583.125,18233.021484375,12737481.0,285.0,960.0,110.0,126.7035140991211,285.0,4857792.0,48.57792,2022-09-27 16:43:16.026060,76.19022,,28.04447,158.2964859008789,-0.8711187905057185,0,0,True,1,True,29.996097087860107,True,525214.7259912601,43544.788491260144,True,True,Continue,0,0.5336119192933801
B8,290,0.0012049837969243,0.0079110264778137,0.0018146596848964,0.1390458621333831,714398.625,1912038.25,11836.041015625,12737481.0,285.0,960.0,110.0,182.98887634277344,285.0,3390381.0,33.90381,2022-09-27 16:44:04.603980,76.85876,,27.74655,102.01112365722656,-0.3142233179425959,1,2,False,2,False,43.32123019478538,False,197718.80906944931,516679.8159305507,True,False,Pause_Build,5,3.6772656295929145
B8,291,0.001207627239637,0.0048018097877502,0.0016108155250549,0.061950777313904,410990.03125,1259779.375,17753.23828125,12737481.0,285.0,960.0,110.0,131.90481567382812,285.0,4665615.0,46.65615,2022-09-27 16:44:38.507790,75.79969,,26.5253,153.09518432617188,-0.4624293611654393,1,0,False,2,True,31.227465831872188,True,351631.8483634696,59358.18288653041,True,True,Escalate_Human,4,2.191228492090469
B8,292,0.001337123569101,0.0050610303878784,0.0019932389259338,0.2352160848074471,829793.8125,2179679.5,21158.39453125,12737481.0,285.0,960.0,110.0,164.1726531982422,285.0,3781380.0,37.8138,2022-09-27 16:45:25.163940,76.77377,,27.73347,120.82734680175781,0.5132090353740635,3,3,False,3,True,38.86663191246264,True,62882.10948356334,766911.7030164367,False,False,Escalate_Human,4,5.101439825123434
B8,293,0.0009557448793202,0.0045689940452575,0.0013134656473994,0.009446936095349,488696.46875,1124030.375,16344.0751953125,12737481.0,285.0,960.0,110.0,145.38174438476562,285.0,4241275.0,42.41275,2022-09-27 16:46:02.977740,77.02547,,26.61473,139.61825561523438,-1.1596310802174579,0,0,True,1,True,34.41802660624186,True,576146.6121872094,87450.14343720942,True,True,Continue,0,0.2607726596126656
B8,294,0.0012013190425932,0.0052402019500732,0.0017998702824115,0.1324783807347015,750457.8125,2005429.375,10652.6904296875,12737481.0,285.0,960.0,110.0,154.14007568359375,285.0,4027974.0,40.27974,2022-09-27 16:46:45.390490,76.59492,,27.01051,130.85992431640625,0.0036337219731092107,2,2,False,3,True,36.491495190244734,True,208885.5841566699,541572.2283433301,True,True,Escalate_Human,4,4.364603859462995
B8,295,0.0012639289489015,0.0057880878448486,0.001673012971878,0.0838449481777012,398196.3125,1196297.5,14881.470703125,12737481.0,285.0,960.0,110.0,139.855224609375,285.0,4399497.0,43.99497,2022-09-27 16:47:25.670230,77.31636,,26.48968,145.144775390625,-0.4329014539979281,1,1,False,2,True,33.10966491699219,True,304669.5116238983,93526.80087610171,True,True,Escalate_Human,4,2.22309776133687
B8,296,0.0013226000592112,0.0050439834594726,0.0020073561463505,0.2366262269581656,891859.3125,2306028.75,20273.212890625,12737481.0,285.0,960.0,110.0,173.4088897705078,285.0,3579180.0,35.7918,2022-09-27 16:48:09.665200,76.14669,,26.86472,111.59111022949219,0.47587999367241984,3,4,False,2,True,41.05324094945734,True,52222.867136824876,839636.4453631751,False,False,Escalate_Human,4,4.751830799416984
B8,297,0.0009460494038648,0.0034804940223693,0.0013007728848606,0.009328667974443,504428.875,1165911.75,17255.66796875,12737481.0,285.0,960.0,110.0,127.198974609375,285.0,4838911.0,48.38911,2022-09-27 16:48:45.457000,77.27071,,27.76151,157.801025390625,-0.9552967538084547,0,0,True,1,True,30.113393610174004,True,585730.3140744894,81301.4390744894,True,True,Continue,0,0.31542898308130773
B8,298,0.0012347095180302,0.0058879256248474,0.0018579959869384,0.156793529081728,712321.1875,1879103.375,12805.501953125,12737481.0,285.0,960.0,110.0,182.2002410888672,285.0,3405565.0,34.05565,2022-09-27 16:49:33.846110,77.56974,,26.6853,102.79975891113281,-0.21033322669665588,2,2,False,2,True,43.134526772932574,False,164997.62655318715,547323.5609468129,True,False,Pause_Build,5,3.7144730878437535
B8,299,0.0011902659898623,0.0048118233680725,0.0015769004821777,0.0526423216803978,413299.09375,1263891.75,14270.861328125,12737481.0,285.0,960.0,110.0,135.61912536621094,285.0,4537655.0,45.37655,2022-09-27 16:50:07.901760,77.04422,,27.84083,149.38087463378906,-0.5705120706984155,0,0,False,2,True,32.10680051283403,True,377239.4857423166,36059.60800768342,True,True,Monitor,1,2.114535445675456
B8,300,0.0010343246394768,0.004223832860589,0.0017357915639877,0.1074499864216529,1093204.0,2572660.25,30517.08984375,12737481.0,285.0,960.0,110.0,161.06910705566406,285.0,3854342.0,38.54342,2022-09-27 16:50:53.278310,77.54381,,27.04705,123.93089294433594,-0.02173480579461662,2,3,False,3,True,38.131890874920465,True,257268.3796919526,835935.6203080474,False,False,Pause_Build,5,4.9629889637486455
B8,301,0.0006689440342597,0.0070139467716217,0.0012106150388717,0.0152131467621217,1606407.75,2976761.0,12914.35546875,12737481.0,285.0,960.0,110.0,159.75213623046875,285.0,1721126.0,17.21126,2022-09-27 16:51:31.821730,76.65236,,26.93308,125.24786376953125,-0.7368784741412762,0,1,False,2,True,37.82010800910718,True,653804.2196656207,952603.5303343793,False,False,Adjust_Parameters,2,3.2861170128006547
B8,302,0.0009870249778032,0.0033878982067108,0.0016354544786736,0.0765221511490168,963060.0,2394937.75,20072.208984375,12737481.0,285.0,960.0,110.0,74.32270812988281,285.0,3653101.0,36.53101,2022-09-27 16:51:49.032990,77.5994,,26.87355,210.6772918701172,0.669442025645082,4,2,False,3,False,17.59533809893059,False,333028.1452236434,630031.8547763566,True,False,Pause_Build,5,4.5139724759157875
B8,303,0.0007566747372038,0.0039369165897369,0.0014007900608703,0.0267931609674728,1689937.375,3217568.25,13931.978515625,12737481.0,285.0,960.0,110.0,131.9506072998047,285.0,2097122.0,20.97122,2022-09-27 16:52:25.564000,77.17295,,28.21029,153.0493927001953,-0.09609839132563067,2,2,False,2,True,31.23830665241588,True,510212.0968578297,1179725.2781421703,False,False,Pause_Build,5,4.152785057593446
B8,304,0.0010983156971633,0.0034827217459678,0.0017550117336213,0.1191226369365002,1109513.125,2650024.5,27217.544921875,12737481.0,285.0,960.0,110.0,83.69573974609375,285.0,3241200.0,32.412,2022-09-27 16:52:46.535220,76.76159,,26.90136,201.30426025390625,0.9310208284884607,4,3,False,2,False,19.814332326253254,False,242756.1428618459,866756.9821381541,False,False,Pause_Build,5,4.582685661851633
B8,305,0.0009472458041273,0.0377687811851501,0.0012413188815116,0.0190071377014997,1617599.125,3022171.25,2107.559326171875,12737481.0,285.0,960.0,110.0,111.21749877929688,285.0,2462965.0,24.62965,2022-09-27 16:53:18.947220,77.78441,,28.05635,173.78250122070312,-0.13253299993864148,2,1,False,2,True,26.3299002791896,True,630621.2070034634,986977.9179965366,False,False,Pause_Build,5,3.443233189263072
B8,306,0.0010228354949504,0.0036217421293258,0.0016928494442254,0.0933567456833479,1072902.375,2584724.5,23822.990234375,12737481.0,285.0,960.0,110.0,85.2975845336914,285.0,3179364.0,31.79364,2022-09-27 16:53:43.576870,77.0262,,26.68711,199.7024154663086,0.7347853042900816,4,2,False,2,False,20.193556944529213,False,289691.93389866897,783210.441101331,False,False,Pause_Build,5,4.340967073909082
B8,307,0.0008145874016918,0.0049210786819458,0.001479321741499,0.0432151892131549,1477094.0,2965196.75,15449.08203125,12737481.0,285.0,960.0,110.0,127.7756118774414,285.0,2166131.0,21.66131,2022-09-27 16:54:15.370510,77.96858,,26.58267,157.2243881225586,-0.0010888190397633501,2,2,False,2,True,30.249908114924573,True,450916.55630455166,1026177.4436954483,False,False,Pause_Build,5,4.090360365396749
B8,308,0.0011467442382127,0.0040293335914611,0.0018167264061048,0.1495425975480739,981730.625,2560354.0,23788.8359375,12737481.0,285.0,960.0,110.0,76.97714233398438,285.0,3526744.0,35.26744,2022-09-27 16:54:37.031820,77.72358,,28.02948,208.02285766601562,1.1435381859672331,4,3,False,3,True,18.223755287401602,False,196158.3260867356,785572.2989132644,False,False,Pause_Build,5,5.285103734689313
B8,309,0.0006775090587325,0.0049556493759155,0.0012578899040818,0.0198753844940452,1900532.375,3376254.0,20031.92578125,12737481.0,285.0,960.0,110.0,163.80633544921875,285.0,1687753.0,16.87753,2022-09-27 16:55:12.299260,77.92544,,26.78998,121.19366455078125,-0.5705131902081899,0,1,False,2,False,38.7799089605158,True,618109.2152447961,1282423.1597552039,False,False,Adjust_Parameters,2,3.8601649835282217
B8,310,0.0009896310511976,0.0031597316265106,0.0016645847354084,0.083822728965537,1138852.375,2675541.75,19333.283203125,12737481.0,285.0,960.0,110.0,74.30266571044922,285.0,3653896.0,36.53896,2022-09-27 16:55:29.176790,78.30379,,27.17925,210.69733428955078,0.827756639931714,4,2,False,2,False,17.590593207966197,False,311033.27250835765,827819.1024916423,False,False,Pause_Build,5,4.377929188472768
B8,311,0.0008774451562203,0.0099085271358489,0.0014961864799261,0.049920945543143,1438333.25,2957923.25,12640.3671875,12737481.0,285.0,960.0,110.0,136.18087768554688,285.0,2032120.0,20.3212,2022-09-27 16:56:05.715750,77.18009,,26.80956,148.81912231445312,-0.05663407371374056,2,2,False,3,True,32.23979111873742,True,438182.79365846026,1000150.4563415397,False,False,Pause_Build,5,4.73986092544863
